/*
SQLyog Community v12.03 (64 bit)
MySQL - 5.1.73 : Database - logistics
*********************************************************************
*/

/*!40101 SET NAMES utf8 */;

/*!40101 SET SQL_MODE=''*/;

/*!40014 SET @OLD_UNIQUE_CHECKS=@@UNIQUE_CHECKS, UNIQUE_CHECKS=0 */;
/*!40014 SET @OLD_FOREIGN_KEY_CHECKS=@@FOREIGN_KEY_CHECKS, FOREIGN_KEY_CHECKS=0 */;
/*!40101 SET @OLD_SQL_MODE=@@SQL_MODE, SQL_MODE='NO_AUTO_VALUE_ON_ZERO' */;
/*!40111 SET @OLD_SQL_NOTES=@@SQL_NOTES, SQL_NOTES=0 */;
CREATE DATABASE /*!32312 IF NOT EXISTS*/`logistics` /*!40100 DEFAULT CHARACTER SET latin1 */;

USE `logistics`;

/*Table structure for table `area_levels` */

DROP TABLE IF EXISTS `area_levels`;

CREATE TABLE `area_levels` (
  `id` int(11) NOT NULL AUTO_INCREMENT,
  `name` varchar(100) DEFAULT NULL,
  `level` int(3) NOT NULL,
  `comments` text,
  `visible` int(1) DEFAULT '0',
  `modified_user_id` int(11) DEFAULT NULL,
  `modified` datetime DEFAULT NULL,
  `created_user_id` int(11) NOT NULL,
  `created` datetime DEFAULT NULL,
  PRIMARY KEY (`id`)
) ENGINE=MyISAM AUTO_INCREMENT=10 DEFAULT CHARSET=latin1;

/*Data for the table `area_levels` */

insert  into `area_levels`(`id`,`name`,`level`,`comments`,`visible`,`modified_user_id`,`modified`,`created_user_id`,`created`) values (1,'Continent',1,'test commnet',1,1,'2015-09-22 15:49:14',1,'2015-09-29 15:49:19'),(2,'Country',2,NULL,1,2,'2015-09-11 15:49:31',2,'2015-09-24 15:49:35'),(3,'State',3,NULL,1,1,'2015-09-15 15:50:35',3,'2015-09-29 15:50:39'),(4,'District',4,NULL,1,1,'2015-09-23 15:52:52',1,'2015-09-17 15:52:56'),(8,'Level-7',7,NULL,1,1,'2015-10-01 11:29:04',1,'2015-10-01 11:29:04');

/*Table structure for table `areas` */

DROP TABLE IF EXISTS `areas`;

CREATE TABLE `areas` (
  `id` int(11) NOT NULL AUTO_INCREMENT,
  `code` varchar(50) NOT NULL,
  `name` varchar(100) NOT NULL,
  `parent_id` int(11) NOT NULL,
  `lft` int(11) DEFAULT NULL,
  `rght` int(11) DEFAULT NULL,
  `area_level_id` int(11) NOT NULL,
  `order` int(3) NOT NULL,
  `visible` int(1) NOT NULL,
  `comments` text,
  `modified_user_id` int(11) DEFAULT NULL,
  `modified` datetime DEFAULT NULL,
  `created_user_id` int(11) NOT NULL,
  `created` datetime DEFAULT NULL,
  PRIMARY KEY (`id`)
) ENGINE=MyISAM AUTO_INCREMENT=928 DEFAULT CHARSET=latin1;

/*Data for the table `areas` */

insert  into `areas`(`id`,`code`,`name`,`parent_id`,`lft`,`rght`,`area_level_id`,`order`,`visible`,`comments`,`modified_user_id`,`modified`,`created_user_id`,`created`) values (1,'IND001','India',-1,NULL,NULL,2,1,1,'klklkl',1,'2015-09-17 15:51:08',1,'2015-09-23 15:51:14'),(4,'IND00101','Rajasthan',1,NULL,NULL,3,1,1,NULL,1,'2015-09-24 15:51:57',1,'2015-09-25 15:52:03'),(3,'IND00102','Jaipur',4,NULL,NULL,4,1,1,NULL,1,'2015-09-16 15:52:31',1,'2015-09-19 15:52:35'),(5,'IND00103','ABCABC',4,1,2,4,0,1,'',1,'2015-09-28 09:45:32',0,'2015-09-28 09:45:32'),(895,'090','ind090',1,NULL,NULL,1,0,1,'ind090',1,'2015-09-30 11:16:55',1,'2015-09-30 11:16:55'),(896,'092','ind092',1,NULL,NULL,5,0,1,'ind090',1,'2015-09-30 11:21:06',1,'2015-09-30 11:21:06'),(897,'ind009','ind009',1,NULL,NULL,3,0,1,'ind009ind009',1,'2015-09-30 11:24:34',1,'2015-09-30 11:24:34'),(898,'Mp001','Madhya pradesh',1,NULL,NULL,3,0,1,'Madhya pradesh',1,'2015-09-30 11:25:56',1,'2015-09-30 11:25:56'),(894,'AAA','AAANAMWE',1,NULL,NULL,3,0,1,'AAA',1,'2015-09-30 11:11:14',1,'2015-09-30 11:11:14'),(903,'ind120','ind120',1,NULL,NULL,3,0,1,'',1,'2015-09-30 12:59:28',1,'2015-09-30 12:59:28'),(901,'12345','TEST',1,NULL,NULL,3,0,1,NULL,1,'2015-09-30 12:56:51',1,'2015-09-30 12:56:51'),(902,'ind110','ind110',1,NULL,NULL,3,0,1,NULL,1,'2015-09-30 12:58:37',1,'2015-09-30 12:58:37'),(904,'90','ind090',1,NULL,NULL,3,0,1,NULL,NULL,'2015-10-01 04:18:11',0,'2015-10-01 04:18:11'),(905,'92','ind092',1,NULL,NULL,3,0,1,NULL,NULL,'2015-10-01 04:18:11',0,'2015-10-01 04:18:11'),(906,'TEST','TEST VED',1,NULL,NULL,3,0,1,NULL,NULL,'2015-10-01 04:19:02',0,'2015-10-01 04:19:02'),(907,'TEST1','TEST VED 1',1,NULL,NULL,3,0,1,NULL,NULL,'2015-10-01 04:24:09',0,'2015-10-01 04:24:09'),(908,'sad','asd',1,NULL,NULL,3,0,0,'',1,'2015-10-01 05:38:26',1,'2015-10-01 05:38:26'),(909,'','',0,NULL,NULL,0,0,0,NULL,NULL,'2015-10-01 07:16:58',0,'2015-10-01 07:16:58'),(910,'','',0,NULL,NULL,0,0,0,NULL,NULL,'2015-10-01 07:18:56',0,'2015-10-01 07:18:56'),(911,'','',0,NULL,NULL,0,0,0,NULL,NULL,'2015-10-01 07:27:42',0,'2015-10-01 07:27:42'),(912,'','',0,NULL,NULL,0,0,0,NULL,NULL,'2015-10-01 08:36:39',0,'2015-10-01 08:36:39'),(913,'','',0,NULL,NULL,0,0,0,NULL,NULL,'2015-10-01 09:20:23',0,'2015-10-01 09:20:23'),(914,'Ind789','jammu',1,NULL,NULL,3,0,1,'',1,'2015-10-01 11:23:26',1,'2015-10-01 11:23:26'),(917,'AA','ABC',1,NULL,NULL,3,0,1,'sdsd',1,'2015-10-01 11:43:17',1,'2015-10-01 11:43:17'),(916,'pata909','Pata kot2',914,NULL,NULL,4,0,1,'hghgh',1,'2015-10-01 11:32:21',1,'2015-10-01 11:32:21'),(919,'goytam001','goytam001',-1,NULL,NULL,1,0,1,NULL,1,'2015-10-01 12:07:19',1,'2015-10-01 12:07:19'),(920,'TZA001005001rishi1234','Kilosarishi1234',919,NULL,NULL,0,0,1,NULL,1,'2015-10-01 12:07:19',1,'2015-10-01 12:07:19'),(921,'TZA001005001rishi123466','Kilosarishi12345',920,NULL,NULL,0,0,1,NULL,1,'2015-10-01 12:07:19',1,'2015-10-01 12:07:19'),(922,'TZA001005001rishi1235','Kilosarishi123458',919,NULL,NULL,0,0,1,NULL,1,'2015-10-01 12:07:19',1,'2015-10-01 12:07:19'),(923,'TZA001010004012pk77','parent hu mainpk77',-1,NULL,NULL,1,0,1,NULL,1,'2015-10-01 12:07:19',1,'2015-10-01 12:07:19'),(924,'jammu8889','jammu8889',903,NULL,NULL,0,0,1,NULL,1,'2015-10-01 12:07:20',1,'2015-10-01 12:07:20'),(925,'jammu777','jammu777',916,NULL,NULL,0,0,1,NULL,1,'2015-10-01 12:07:20',1,'2015-10-01 12:07:20'),(926,'TZA001005001rishi','Kilosarishi',919,NULL,NULL,0,0,1,NULL,1,'2015-10-01 12:08:43',1,'2015-10-01 12:08:43'),(927,'','',0,NULL,NULL,0,0,0,NULL,NULL,'2015-10-01 12:11:03',0,'2015-10-01 12:11:03');

/*Table structure for table `config_item_options` */

DROP TABLE IF EXISTS `config_item_options`;

CREATE TABLE `config_item_options` (
  `id` int(11) NOT NULL AUTO_INCREMENT,
  `option_type` varchar(50) COLLATE utf8_unicode_ci NOT NULL,
  `option` varchar(100) COLLATE utf8_unicode_ci NOT NULL,
  `value` varchar(100) COLLATE utf8_unicode_ci NOT NULL,
  `order` int(3) NOT NULL DEFAULT '0',
  `visible` int(3) NOT NULL DEFAULT '1',
  PRIMARY KEY (`id`)
) ENGINE=InnoDB AUTO_INCREMENT=41 DEFAULT CHARSET=utf8 COLLATE=utf8_unicode_ci;

/*Data for the table `config_item_options` */

insert  into `config_item_options`(`id`,`option_type`,`option`,`value`,`order`,`visible`) values (1,'date_format','date(\'Y-n-j\')','Y-m-d',1,1),(2,'date_format','date(\'j-M-Y\')','d-M-Y',2,1),(3,'date_format','date(\'j-n-Y\')','d-m-Y',3,1),(4,'date_format','date(\'j/n/Y\')','d/m/Y',4,1),(5,'date_format','date(\'n/d/Y\')','m/d/Y',5,1),(6,'date_format','date(\'F j, Y\')','F d, Y',6,1),(7,'date_format','date(\'jS F Y\')','dS F Y',7,1),(12,'language','العربية','ara',1,1),(13,'language','中文','chi',2,1),(14,'language','English','eng',3,1),(15,'language','Français','fre',4,1),(16,'language','русский','ru',5,1),(17,'language','español','spa',6,1),(35,'confirmations','Confirm whole delivery','0',1,1),(36,'confirmations','Confirm individual packages in a delivery','1',2,1),(37,'weight_units','Imperial (lbs)','lbs',1,1),(38,'weight_units','Metric (kgs)','kg',2,1);

/*Table structure for table `config_items` */

DROP TABLE IF EXISTS `config_items`;

CREATE TABLE `config_items` (
  `id` int(11) NOT NULL AUTO_INCREMENT,
  `name` varchar(100) NOT NULL,
  `code` varchar(50) NOT NULL,
  `type` varchar(50) NOT NULL,
  `label` varchar(100) NOT NULL,
  `value` varchar(500) NOT NULL,
  `default_value` varchar(500) DEFAULT NULL,
  `editable` int(1) NOT NULL DEFAULT '0',
  `visible` int(1) NOT NULL DEFAULT '1',
  `field_type` varchar(50) NOT NULL,
  `option_type` varchar(50) NOT NULL,
  `modified_user_id` int(11) DEFAULT NULL,
  `modified` datetime DEFAULT NULL,
  `created_user_id` int(11) NOT NULL,
  `created` datetime NOT NULL,
  PRIMARY KEY (`id`),
  UNIQUE KEY `code` (`code`)
) ENGINE=InnoDB AUTO_INCREMENT=23 DEFAULT CHARSET=utf8;

/*Data for the table `config_items` */

insert  into `config_items`(`id`,`name`,`code`,`type`,`label`,`value`,`default_value`,`editable`,`visible`,`field_type`,`option_type`,`modified_user_id`,`modified`,`created_user_id`,`created`) values (2,'Title','adaptation','System','Title','OpenEMIS Core','OpenEMIS Core',1,1,'','',108,'2014-04-02 16:48:23',1,'0000-00-00 00:00:00'),(3,'Time Format','time_format','System','Time Format','H:i:s','H:i:s',0,1,'','',1,'2013-12-12 13:56:00',1,'0000-00-00 00:00:00'),(4,'Date Format','date_format','System','Date Format','F d, Y','Y-m-d',1,1,'Dropdown','date_format',108,'2014-04-02 16:48:23',1,'0000-00-00 00:00:00'),(5,'Image Width','dashboard_img_width','System','Image Width','700','700',0,0,'','',1,'2013-12-12 13:56:00',1,'0000-00-00 00:00:00'),(6,'Image Height','dashboard_img_height','System','Image Height','320','320',0,0,'','',1,'2013-12-12 13:56:00',1,'0000-00-00 00:00:00'),(7,'Language','language','Config','Language','eng','eng',1,1,'Dropdown','language',108,'2015-09-29 12:48:59',1,'2013-01-07 00:00:00'),(8,'SMS Content Length','sms_content_length','SMS','SMS Content Length','','160',1,1,'','',NULL,'2015-09-22 14:12:45',1,'2015-09-25 14:13:27'),(9,'Confirmations','confirmations','Config','Confimations','1','0',1,1,'Dropdown','confirmations',1,'2015-09-29 12:16:05',1,'2015-09-25 14:13:31'),(10,'Deliveries','photo_required','Config','Photo Required','true','true',1,1,'Checkbox','',1,'2015-10-01 04:41:03',1,'2015-09-17 14:13:33'),(11,'Deliveries','coordinates_required','Config','Coordinates Required','false','true',1,1,'Checkbox','',1,'2015-10-01 04:41:03',1,'2015-09-09 14:13:36'),(12,'Weight Units','weight_units','Config','Weight Units','lbs','lbs',1,1,'Dropdown','weight_units',1,'2015-09-30 12:23:53',1,'2015-08-18 14:13:38');

/*Table structure for table `courier_custom_field_options` */

DROP TABLE IF EXISTS `courier_custom_field_options`;

CREATE TABLE `courier_custom_field_options` (
  `id` int(11) NOT NULL AUTO_INCREMENT,
  `value` varchar(250) NOT NULL,
  `order` int(3) NOT NULL,
  `visible` int(1) NOT NULL DEFAULT '1',
  `courier_custom_field_id` int(11) NOT NULL,
  `modified_user_id` int(11) DEFAULT NULL,
  `modified` datetime DEFAULT NULL,
  `created_user_id` int(11) NOT NULL,
  `created` datetime DEFAULT NULL,
  PRIMARY KEY (`id`)
) ENGINE=MyISAM DEFAULT CHARSET=latin1;

/*Data for the table `courier_custom_field_options` */

/*Table structure for table `courier_custom_field_values` */

DROP TABLE IF EXISTS `courier_custom_field_values`;

CREATE TABLE `courier_custom_field_values` (
  `id` int(11) NOT NULL AUTO_INCREMENT,
  `value` varchar(250) NOT NULL,
  `courier_custom_field_id` int(11) NOT NULL,
  `courier_id` int(11) NOT NULL,
  `modified_user_id` int(11) DEFAULT NULL,
  `modified` datetime DEFAULT NULL,
  `created_user_id` int(11) NOT NULL,
  `created` datetime DEFAULT NULL,
  PRIMARY KEY (`id`)
) ENGINE=MyISAM DEFAULT CHARSET=latin1;

/*Data for the table `courier_custom_field_values` */

/*Table structure for table `courier_custom_fields` */

DROP TABLE IF EXISTS `courier_custom_fields`;

CREATE TABLE `courier_custom_fields` (
  `id` int(11) NOT NULL AUTO_INCREMENT,
  `name` varchar(250) NOT NULL,
  `order` int(3) NOT NULL,
  `type` int(1) NOT NULL DEFAULT '1' COMMENT '1 -> Label, 2 -> Text, 3 -> Dropdown, 4 -> Checkbox, 5 -> Textarea, 6 -> Date, 7 -> Time, 8 ->Datetime',
  `visible` int(1) NOT NULL DEFAULT '1',
  `modified_user_id` int(11) DEFAULT NULL,
  `modified` datetime DEFAULT NULL,
  `created_user_id` int(11) NOT NULL,
  `created` datetime DEFAULT NULL,
  PRIMARY KEY (`id`)
) ENGINE=MyISAM DEFAULT CHARSET=latin1;

/*Data for the table `courier_custom_fields` */

/*Table structure for table `couriers` */

DROP TABLE IF EXISTS `couriers`;

CREATE TABLE `couriers` (
  `id` int(11) NOT NULL AUTO_INCREMENT,
  `code` varchar(50) NOT NULL,
  `name` varchar(50) NOT NULL,
  `login` varchar(100) DEFAULT NULL,
  `contact` varchar(100) DEFAULT NULL,
  `phone` varchar(20) DEFAULT NULL,
  `fax` varchar(20) DEFAULT NULL,
  `email` varchar(100) DEFAULT NULL,
  `comments` text,
  `status_id` int(11) NOT NULL,
  `type_id` int(11) NOT NULL,
  `modified` datetime DEFAULT NULL,
  `created` datetime DEFAULT NULL,
  `modified_user_id` int(11) DEFAULT NULL,
  `created_user_id` int(11) NOT NULL,
  PRIMARY KEY (`id`)
) ENGINE=MyISAM AUTO_INCREMENT=9 DEFAULT CHARSET=latin1;

/*Data for the table `couriers` */

insert  into `couriers`(`id`,`code`,`name`,`login`,`contact`,`phone`,`fax`,`email`,`comments`,`status_id`,`type_id`,`modified`,`created`,`modified_user_id`,`created_user_id`) values (1,'COURIERCODE1','Some Courier','courier1','some guy name','9999999999','9856974','somes@some.com','some Comments\r\n		\r\n',1,2,'2015-10-22 15:14:31','2015-09-07 15:14:34',1,1),(2,'COURIERCODE2','Some Courier 2','courier2','some gal name','9898989898','47852369','some@some.com','lorem ipsum comments',1,7,'2015-09-16 15:15:46','2015-09-09 15:15:50',1,1),(5,'COURIERCODE31','COURIER2',NULL,'12345678901234567890123456789012345678901234567890','12345678901234567890','1234567890123456789','dhol@test.com','dsdd2267',0,7,'2015-10-01 09:03:54','2015-10-01 09:03:54',1,1);

/*Table structure for table `field_option_values` */

DROP TABLE IF EXISTS `field_option_values`;

CREATE TABLE `field_option_values` (
  `id` int(11) NOT NULL AUTO_INCREMENT,
  `name` varchar(50) NOT NULL,
  `order` int(3) NOT NULL,
  `visible` int(1) NOT NULL,
  `editable` int(1) NOT NULL,
  `default` int(1) NOT NULL,
  `international_code` varchar(50) DEFAULT NULL,
  `national_code` varchar(50) DEFAULT NULL,
  `old_id` int(11) DEFAULT NULL,
  `field_option_id` int(5) NOT NULL,
  `modified_user_id` int(11) DEFAULT NULL,
  `modified` datetime DEFAULT NULL,
  `created_user_id` int(11) NOT NULL,
  `created` datetime DEFAULT NULL,
  PRIMARY KEY (`id`)
) ENGINE=MyISAM AUTO_INCREMENT=11 DEFAULT CHARSET=latin1;

/*Data for the table `field_option_values` */

insert  into `field_option_values`(`id`,`name`,`order`,`visible`,`editable`,`default`,`international_code`,`national_code`,`old_id`,`field_option_id`,`modified_user_id`,`modified`,`created_user_id`,`created`) values (1,'Box',1,1,1,1,'1111','111122',11,1,1,NULL,0,NULL),(2,'Square',1,1,0,0,NULL,NULL,NULL,1,NULL,NULL,0,NULL),(3,'Area1',1,0,0,0,NULL,NULL,NULL,2,NULL,NULL,0,NULL),(4,'Area2',0,0,0,0,NULL,NULL,NULL,2,NULL,NULL,0,NULL),(5,'Yes',0,0,0,0,NULL,NULL,3,3,NULL,NULL,0,NULL),(6,'No',0,0,0,0,NULL,NULL,3,3,NULL,NULL,0,NULL),(7,'Item1',0,0,0,0,NULL,NULL,NULL,4,NULL,NULL,0,NULL),(8,'Item2',0,0,0,0,NULL,NULL,NULL,4,NULL,NULL,0,NULL);

/*Table structure for table `field_options` */

DROP TABLE IF EXISTS `field_options`;

CREATE TABLE `field_options` (
  `id` int(5) NOT NULL AUTO_INCREMENT,
  `plugin` varchar(50) DEFAULT NULL,
  `old_id` int(11) DEFAULT NULL,
  `code` varchar(50) NOT NULL,
  `name` varchar(50) NOT NULL,
  `parent` varchar(50) DEFAULT NULL,
  `params` text,
  `order` int(3) NOT NULL,
  `visible` int(1) NOT NULL,
  `modified_user_id` int(11) DEFAULT NULL,
  `modified` datetime DEFAULT NULL,
  `created_user_id` int(11) NOT NULL,
  `created` datetime NOT NULL,
  PRIMARY KEY (`id`)
) ENGINE=MyISAM AUTO_INCREMENT=7 DEFAULT CHARSET=latin1;

/*Data for the table `field_options` */

insert  into `field_options`(`id`,`plugin`,`old_id`,`code`,`name`,`parent`,`params`,`order`,`visible`,`modified_user_id`,`modified`,`created_user_id`,`created`) values (1,'Package',NULL,'PackageType','Package Type','Package',NULL,1,1,1,NULL,0,'0000-00-00 00:00:00'),(2,'Location',NULL,'LocationType','Location Type','Location',NULL,0,1,NULL,NULL,0,'0000-00-00 00:00:00'),(3,'Confirmation',NULL,'ConfirmationType','Type','Confirmation',NULL,0,1,NULL,NULL,0,'0000-00-00 00:00:00'),(4,'Item',NULL,'ItemType','Item Type','Item',NULL,0,1,NULL,NULL,0,'0000-00-00 00:00:00'),(6,'Courier',NULL,'CourierType','Courier Type','Courier',NULL,0,1,NULL,NULL,0,'0000-00-00 00:00:00');

/*Table structure for table `genders` */

DROP TABLE IF EXISTS `genders`;

CREATE TABLE `genders` (
  `id` int(11) NOT NULL AUTO_INCREMENT,
  `name` varchar(50) NOT NULL,
  PRIMARY KEY (`id`)
) ENGINE=MyISAM AUTO_INCREMENT=4 DEFAULT CHARSET=latin1;

/*Data for the table `genders` */

insert  into `genders`(`id`,`name`) values (1,'Male'),(2,'Female'),(3,'Others');

/*Table structure for table `item_custom_field_options` */

DROP TABLE IF EXISTS `item_custom_field_options`;

CREATE TABLE `item_custom_field_options` (
  `id` int(11) NOT NULL AUTO_INCREMENT,
  `value` varchar(250) NOT NULL,
  `order` int(3) NOT NULL,
  `visible` int(1) NOT NULL DEFAULT '1',
  `item_custom_field_id` int(11) NOT NULL,
  `modified_user_id` int(11) DEFAULT NULL,
  `modified` datetime DEFAULT NULL,
  `created_user_id` int(11) NOT NULL,
  `created` datetime DEFAULT NULL,
  PRIMARY KEY (`id`)
) ENGINE=MyISAM DEFAULT CHARSET=latin1;

/*Data for the table `item_custom_field_options` */

/*Table structure for table `item_custom_field_values` */

DROP TABLE IF EXISTS `item_custom_field_values`;

CREATE TABLE `item_custom_field_values` (
  `id` int(11) NOT NULL AUTO_INCREMENT,
  `value` varchar(250) NOT NULL,
  `item_custom_field_id` int(11) NOT NULL,
  `item_id` int(11) NOT NULL,
  `modified_user_id` int(11) DEFAULT NULL,
  `modified` datetime DEFAULT NULL,
  `created_user_id` int(11) NOT NULL,
  `created` datetime DEFAULT NULL,
  PRIMARY KEY (`id`)
) ENGINE=MyISAM DEFAULT CHARSET=latin1;

/*Data for the table `item_custom_field_values` */

/*Table structure for table `item_custom_fields` */

DROP TABLE IF EXISTS `item_custom_fields`;

CREATE TABLE `item_custom_fields` (
  `id` int(11) NOT NULL AUTO_INCREMENT,
  `name` varchar(250) NOT NULL,
  `order` int(3) NOT NULL,
  `type` int(1) NOT NULL COMMENT '1 -> Label, 2 -> Text, 3 -> Dropdown, 4 -> Checkbox, 5 -> Textarea, 6 -> Date, 7 -> Time, 8 ->Datetime',
  `visible` int(1) NOT NULL,
  `modified_user_id` int(11) DEFAULT NULL,
  `modified` datetime DEFAULT NULL,
  `created_user_id` int(11) NOT NULL,
  `created` datetime DEFAULT NULL,
  PRIMARY KEY (`id`)
) ENGINE=MyISAM DEFAULT CHARSET=latin1;

/*Data for the table `item_custom_fields` */

/*Table structure for table `items` */

DROP TABLE IF EXISTS `items`;

CREATE TABLE `items` (
  `id` int(11) NOT NULL AUTO_INCREMENT,
  `type_id` int(11) NOT NULL,
  `name` varchar(50) NOT NULL,
  `code` varchar(50) DEFAULT NULL,
  `comments` text,
  `status_id` int(11) NOT NULL,
  `modified` datetime DEFAULT NULL,
  `created` datetime DEFAULT NULL,
  `modified_user_id` int(11) DEFAULT NULL,
  `created_user_id` int(11) NOT NULL,
  PRIMARY KEY (`id`)
) ENGINE=MyISAM AUTO_INCREMENT=10 DEFAULT CHARSET=latin1;

/*Data for the table `items` */

insert  into `items`(`id`,`type_id`,`name`,`code`,`comments`,`status_id`,`modified`,`created`,`modified_user_id`,`created_user_id`) values (1,8,'Girlswear','froks009','dadas',1,'2015-09-14 05:16:50','2015-09-14 05:16:50',1,1),(2,8,'Bags','Bags001','BagsBagsBagsBags',0,'2015-09-14 05:16:50','2015-09-14 05:16:50',1,1),(3,7,'jackets','jackets001',NULL,0,'2015-09-14 05:16:50','2015-09-14 05:16:50',1,1),(5,7,'jackets90','Bags00190','dsdd22',0,'2015-09-30 13:13:03','2015-09-30 13:13:03',1,1),(8,8,'leggies1','leggies0021234567890','678901234567890678901234567890678901234567890678901234567890678901234567890678901234567890678901234567890678901234567890678901234567890678901234567890678901234567890678901234567890678901234567890678901234567890678901234567890678901234567890678901234567890678901234567890678901234567890678901234567890678901234567890678901234567890678901234567890678901234567890678901234567890678901234567890678901234567890678901234567890678901234567890678901234567890678901234567890678901234567890678901234567890678901234567890678901234567890678901234567890678901234567890678901234567890678901234567890678901234567890678901234567890678901234567890678901234567890678901234567890678901234567890678901234567890',1,'2015-10-01 08:35:08','2015-10-01 08:35:08',1,1);

/*Table structure for table `location_custom_field_options` */

DROP TABLE IF EXISTS `location_custom_field_options`;

CREATE TABLE `location_custom_field_options` (
  `id` int(11) NOT NULL AUTO_INCREMENT,
  `value` varchar(250) NOT NULL,
  `order` int(3) NOT NULL,
  `visible` int(1) NOT NULL DEFAULT '1',
  `location_custom_field_id` int(11) NOT NULL,
  `modified_user_id` int(11) DEFAULT NULL,
  `modified` datetime DEFAULT NULL,
  `created_user_id` int(11) NOT NULL,
  `created` datetime DEFAULT NULL,
  PRIMARY KEY (`id`)
) ENGINE=MyISAM AUTO_INCREMENT=3 DEFAULT CHARSET=latin1;

/*Data for the table `location_custom_field_options` */

insert  into `location_custom_field_options`(`id`,`value`,`order`,`visible`,`location_custom_field_id`,`modified_user_id`,`modified`,`created_user_id`,`created`) values (1,'Yes',1,1,1,NULL,NULL,1,'2015-09-10 16:19:53'),(2,'No',2,1,1,NULL,NULL,1,'2015-09-10 16:19:53');

/*Table structure for table `location_custom_field_values` */

DROP TABLE IF EXISTS `location_custom_field_values`;

CREATE TABLE `location_custom_field_values` (
  `id` int(11) NOT NULL AUTO_INCREMENT,
  `value` varbinary(250) NOT NULL,
  `location_custom_field_id` int(11) NOT NULL,
  `location_id` int(11) NOT NULL,
  `modified_user_id` int(11) DEFAULT NULL,
  `modified` datetime DEFAULT NULL,
  `created_user_id` int(11) NOT NULL,
  `created` datetime DEFAULT NULL,
  PRIMARY KEY (`id`)
) ENGINE=MyISAM AUTO_INCREMENT=3 DEFAULT CHARSET=latin1;

/*Data for the table `location_custom_field_values` */

/*Table structure for table `location_custom_fields` */

DROP TABLE IF EXISTS `location_custom_fields`;

CREATE TABLE `location_custom_fields` (
  `id` int(11) NOT NULL AUTO_INCREMENT,
  `name` varchar(250) NOT NULL,
  `order` int(3) NOT NULL,
  `type` int(1) NOT NULL COMMENT '1 -> Label, 2 -> Text, 3 -> Dropdown, 4 -> Checkbox, 5 -> Textarea, 6 -> Date, 7 -> Time, 8 ->Datetime',
  `visible` int(1) NOT NULL,
  `modified_user_id` int(11) DEFAULT NULL,
  `modified` datetime DEFAULT NULL,
  `created_user_id` int(11) NOT NULL,
  `created` datetime DEFAULT NULL,
  PRIMARY KEY (`id`)
) ENGINE=MyISAM AUTO_INCREMENT=3 DEFAULT CHARSET=latin1;

/*Data for the table `location_custom_fields` */

insert  into `location_custom_fields`(`id`,`name`,`order`,`type`,`visible`,`modified_user_id`,`modified`,`created_user_id`,`created`) values (1,'status',1,1,1,1,NULL,1,'2015-09-17 15:23:16'),(2,'physically handicapped',2,1,1,1,NULL,1,'2015-10-15 11:07:45');

/*Table structure for table `locations` */

DROP TABLE IF EXISTS `locations`;

CREATE TABLE `locations` (
  `id` int(11) NOT NULL AUTO_INCREMENT,
  `name` varchar(150) NOT NULL,
  `alternative_name` varchar(150) DEFAULT NULL,
  `comments` text,
  `code` varchar(50) NOT NULL,
  `address` text,
  `postal_code` varchar(20) NOT NULL,
  `contact_person` varchar(100) DEFAULT NULL,
  `telephone` varchar(30) DEFAULT NULL,
  `fax` varchar(30) DEFAULT NULL,
  `email` varchar(100) DEFAULT NULL,
  `website` varchar(100) DEFAULT NULL,
  `date_opened` date NOT NULL,
  `date_closed` date DEFAULT NULL,
  `longitude` varchar(15) DEFAULT NULL,
  `latitude` varchar(15) DEFAULT NULL,
  `area_id` int(11) NOT NULL,
  `locality_id` int(11) NOT NULL,
  `type_id` int(11) NOT NULL,
  `status_id` int(11) NOT NULL,
  `ownership_id` int(11) NOT NULL,
  `sector_id` int(11) NOT NULL,
  `provider_id` int(11) NOT NULL,
  `gender_id` int(5) NOT NULL,
  `security_group_id` int(11) NOT NULL,
  `modified_user_id` int(11) DEFAULT NULL,
  `modified` datetime DEFAULT NULL,
  `created_user_id` int(11) NOT NULL,
  `created` datetime DEFAULT NULL,
  PRIMARY KEY (`id`)
) ENGINE=MyISAM AUTO_INCREMENT=20 DEFAULT CHARSET=latin1;

/*Data for the table `locations` */

insert  into `locations`(`id`,`name`,`alternative_name`,`comments`,`code`,`address`,`postal_code`,`contact_person`,`telephone`,`fax`,`email`,`website`,`date_opened`,`date_closed`,`longitude`,`latitude`,`area_id`,`locality_id`,`type_id`,`status_id`,`ownership_id`,`sector_id`,`provider_id`,`gender_id`,`security_group_id`,`modified_user_id`,`modified`,`created_user_id`,`created`) values (1,'patelchowk','some alternative location','some comments','SOMELOCATIONCODE','location address','','some name','9999999999','999999999','some@ome.com','some.com','2015-09-17','2015-09-23','78.25','28.56',1,0,0,0,0,0,0,0,0,1,'2015-09-16 15:56:23',0,NULL),(2,'nehruplace','some alternative location 2','some comments','SOMELOCATIONCODE 2','location address 2','','some name','9999999999','999999999','some@ome.com','some.com','2015-09-17','2015-09-23','77.85','28.56',1,0,0,0,0,0,0,0,0,1,NULL,0,NULL),(3,'chatarpur','some alternative location 3','some comments','SOMELOCATIONCODE 3','location address 3','256314','some name','9999999999','999999999','some@ome.com','some.com','2015-09-17','2015-09-23','78.85','28.56',1,0,0,0,0,0,0,0,0,1,NULL,0,NULL),(4,'vasant kuj','some alternative location 4','some comments 4','SOMELOCATIONCODE 4','location address 4','256314','some name','9999999999','999999999','some@ome.com','some.com','2015-09-17','2015-09-23','77.65','28.56',1,0,0,0,0,0,0,0,0,1,NULL,0,NULL),(5,'rajivchowk','some alternative location 5','some comments 5','SOMELOCATIONCODE 5','location address 5','256314','some name','9999999999','999999999','some@ome.com','some.com','2015-09-17','2015-09-23','78.65','26.25',1,0,0,0,0,0,0,0,0,1,NULL,0,NULL),(17,'Testjaipur','Testjaipur',NULL,'Testjaipur',NULL,'',NULL,NULL,NULL,NULL,NULL,'0000-00-00',NULL,NULL,NULL,3,0,0,0,0,0,0,0,0,1,NULL,0,NULL),(7,'DelhiMOE',NULL,NULL,'',NULL,'',NULL,NULL,NULL,NULL,NULL,'0000-00-00',NULL,'28.61','77.23',1,0,0,0,0,0,0,0,0,1,NULL,0,NULL),(8,'New YorkMOE',NULL,NULL,'',NULL,'',NULL,NULL,NULL,NULL,NULL,'0000-00-00',NULL,'40.71','74.00',1,0,0,0,0,0,0,0,0,1,NULL,0,NULL),(9,'BangaloreMOE',NULL,NULL,'',NULL,'',NULL,NULL,NULL,NULL,NULL,'0000-00-00',NULL,'12.9667','77.5667',1,0,0,0,0,0,0,0,0,1,NULL,0,NULL),(10,'KolkataMOE',NULL,NULL,'',NULL,'',NULL,NULL,NULL,NULL,NULL,'0000-00-00',NULL,'22.5667','88.3667',1,0,0,0,0,0,0,0,0,1,NULL,0,NULL),(11,'ChennaiMOE',NULL,NULL,'',NULL,'',NULL,NULL,NULL,NULL,NULL,'0000-00-00',NULL,'13.0827','80.2707',1,0,0,0,0,0,0,0,0,1,NULL,0,NULL),(12,'GandhinagarMOE',NULL,NULL,'',NULL,'',NULL,NULL,NULL,NULL,NULL,'0000-00-00',NULL,'23.2200','72.6800',1,0,0,0,0,0,0,0,0,1,NULL,0,NULL),(13,'SydneyMOE',NULL,NULL,'',NULL,'',NULL,NULL,NULL,NULL,NULL,'0000-00-00',NULL,'33.8650','151.2094',1,0,0,0,0,0,0,0,0,1,NULL,0,NULL),(14,'MoscowMOE',NULL,NULL,'',NULL,'',NULL,NULL,NULL,NULL,NULL,'0000-00-00',NULL,'55.7500','37.6167',1,0,0,0,0,0,0,0,0,1,NULL,0,NULL),(19,'some lcation',NULL,'some comments','SOMELCOATION','some addres','','some contact','8888888888',NULL,'some@some.com',NULL,'0000-00-00',NULL,'445.95','23.56',1,0,3,1,0,0,0,0,0,1,'2015-10-01 05:19:25',0,'2015-10-01 05:19:25');

/*Table structure for table `modules` */

DROP TABLE IF EXISTS `modules`;

CREATE TABLE `modules` (
  `id` int(11) NOT NULL AUTO_INCREMENT,
  `parent_id` int(11) NOT NULL,
  `title` varchar(255) NOT NULL,
  `active` tinyint(1) NOT NULL DEFAULT '1' COMMENT '''0''=>Inactive,''1''=>Active',
  PRIMARY KEY (`id`)
) ENGINE=MyISAM AUTO_INCREMENT=25 DEFAULT CHARSET=latin1;

/*Data for the table `modules` */

insert  into `modules`(`id`,`parent_id`,`title`,`active`) values (1,-1,'SHIPMENTS',1),(2,1,'SHIPMENT',1),(3,1,'PACKAGES',1),(4,-1,'FREIGHT',1),(5,4,'DELIVERIES',1),(6,4,'CONFIRMATIONS',1),(7,-1,'REPORTS',1),(8,7,'DASHBOARD',1),(9,7,'SHIPMENT_LABELS',1),(10,7,'PACKING_LISTS',1),(11,7,'MAP',1),(12,7,'CUSTOM',1),(13,-1,'ADMINISTRATION',1),(14,13,'AREAS',1),(15,13,'LOCATIONS',1),(16,13,'ITEMS',1),(17,13,'COURIERS',1),(18,13,'STATUS',1),(19,13,'FIELD_OPTIONS',1),(20,13,'CUSTOM_FIELDS',1),(21,13,'TRANSLATIONS',1),(22,13,'USERS',1),(23,13,'SUBSCRIPTIONS',1),(24,13,'CONFIGURATIONS',1);

/*Table structure for table `roles` */

DROP TABLE IF EXISTS `roles`;

CREATE TABLE `roles` (
  `id` int(11) NOT NULL AUTO_INCREMENT,
  `role` varchar(50) NOT NULL COMMENT 'SUPERADMIN,ADMIN,TEMPLATE,DATAENTRY',
  `role_name` varchar(50) NOT NULL COMMENT 'name of the role like admin ,super admin,data entry ,template',
  `description` text,
  PRIMARY KEY (`id`)
) ENGINE=MyISAM AUTO_INCREMENT=6 DEFAULT CHARSET=latin1;

/*Data for the table `roles` */

insert  into `roles`(`id`,`role`,`role_name`,`description`) values (1,'SYSTEMADMIN','System Administrator',NULL),(2,'GENUSER1','Recipient',NULL),(3,'GENUSER2','Courier',NULL),(4,'PUBLIC','Public User',NULL),(5,'SHIPMANAGER','Shipment Manager',NULL);

/*Table structure for table `roles_modules` */

DROP TABLE IF EXISTS `roles_modules`;

CREATE TABLE `roles_modules` (
  `id` int(11) NOT NULL AUTO_INCREMENT,
  `role_id` int(11) NOT NULL,
  `module_id` int(11) NOT NULL,
  `create` tinyint(1) NOT NULL COMMENT '''0''=>Not Allowed,''1''=>Allowed',
  `read` tinyint(1) NOT NULL COMMENT '''0''=>Not Allowed,''1''=>Allowed',
  `update` tinyint(1) NOT NULL COMMENT '''0''=>Not Allowed,''1''=>Allowed',
  `delete` tinyint(1) NOT NULL COMMENT '''0''=>Not Allowed,''1''=>Allowed',
  PRIMARY KEY (`id`)
) ENGINE=MyISAM AUTO_INCREMENT=121 DEFAULT CHARSET=latin1;

/*Data for the table `roles_modules` */

insert  into `roles_modules`(`id`,`role_id`,`module_id`,`create`,`read`,`update`,`delete`) values (1,1,1,1,1,1,1),(2,1,2,1,1,1,1),(3,1,3,1,1,1,1),(4,1,4,1,1,1,1),(5,1,5,1,1,1,1),(6,1,6,1,1,1,1),(7,1,7,1,1,1,1),(8,1,8,1,1,1,1),(9,1,9,1,1,1,1),(10,1,10,1,1,1,1),(11,1,11,1,1,1,1),(12,1,12,1,1,1,1),(13,1,13,1,1,1,1),(14,1,14,1,1,1,1),(15,1,15,1,1,1,1),(16,1,16,1,1,1,1),(17,1,17,1,1,1,1),(18,1,18,1,1,1,1),(19,1,19,1,1,1,1),(20,1,20,1,1,1,1),(21,1,21,1,1,1,1),(22,1,22,1,1,1,1),(23,1,23,1,1,1,1),(24,1,24,1,1,1,1),(25,2,1,0,1,0,0),(26,2,2,0,1,0,0),(27,2,3,0,1,0,0),(28,2,4,0,1,0,0),(29,2,5,0,1,0,0),(30,2,6,1,1,1,1),(31,2,7,0,1,0,0),(32,2,8,0,1,0,0),(33,2,9,0,0,0,0),(34,2,10,0,0,0,0),(35,2,11,0,0,0,0),(36,2,12,0,0,0,0),(37,2,13,0,0,0,0),(38,2,14,0,0,0,0),(39,2,15,0,0,0,0),(40,2,16,0,0,0,0),(41,2,17,0,0,0,0),(42,2,18,0,0,0,0),(43,2,19,0,0,0,0),(44,2,20,0,0,0,0),(45,2,21,0,0,0,0),(46,2,22,0,0,0,0),(47,2,23,0,0,0,0),(48,2,24,0,0,0,0),(49,3,1,0,1,0,0),(50,3,2,0,1,0,0),(51,3,3,0,1,0,0),(52,3,4,1,1,1,1),(53,3,5,1,1,1,1),(54,3,6,0,1,0,0),(55,3,7,0,1,0,0),(56,3,8,0,1,0,0),(57,3,9,0,0,0,0),(58,3,10,0,0,0,0),(59,3,11,0,0,0,0),(60,3,12,0,0,0,0),(61,3,13,0,0,0,0),(62,3,14,0,0,0,0),(63,3,15,0,0,0,0),(64,3,16,0,0,0,0),(65,3,17,0,0,0,0),(66,3,18,0,0,0,0),(67,3,19,0,0,0,0),(68,3,20,0,0,0,0),(69,3,21,0,0,0,0),(70,3,22,0,0,0,0),(71,3,23,0,0,0,0),(72,3,24,0,0,0,0),(73,4,1,0,0,0,0),(74,4,2,0,0,0,0),(75,4,3,0,0,0,0),(76,4,4,0,0,0,0),(77,4,5,0,0,0,0),(78,4,6,0,0,0,0),(79,4,7,0,1,0,0),(80,4,8,0,1,0,0),(81,4,9,0,0,0,0),(82,4,10,0,0,0,0),(83,4,11,0,0,0,0),(84,4,12,0,0,0,0),(85,4,13,0,0,0,0),(86,4,14,0,0,0,0),(87,4,15,0,0,0,0),(88,4,16,0,0,0,0),(89,4,17,0,0,0,0),(90,4,18,0,0,0,0),(91,4,19,0,0,0,0),(92,4,20,0,0,0,0),(93,4,21,0,0,0,0),(94,4,22,0,0,0,0),(95,4,23,0,0,0,0),(96,4,24,0,0,0,0),(97,5,1,1,1,1,1),(98,5,2,1,1,1,1),(99,5,3,1,1,1,1),(100,5,4,0,1,0,0),(101,5,5,0,1,0,0),(102,5,6,0,1,0,0),(103,5,7,1,1,1,1),(104,5,8,0,1,0,0),(105,5,9,1,1,1,1),(106,5,10,1,1,1,1),(107,5,11,1,1,1,1),(108,5,12,1,1,1,1),(109,5,13,0,1,0,0),(110,5,14,0,1,0,0),(111,5,15,0,1,0,0),(112,5,16,0,1,0,0),(113,5,17,0,1,0,0),(114,5,18,0,1,0,0),(115,5,19,0,1,0,0),(116,5,20,0,1,0,0),(117,5,21,0,1,0,0),(118,5,22,0,1,0,0),(119,5,23,0,1,0,0),(120,5,24,0,1,0,0);

/*Table structure for table `shipment_location_attachments` */

DROP TABLE IF EXISTS `shipment_location_attachments`;

CREATE TABLE `shipment_location_attachments` (
  `id` int(11) NOT NULL AUTO_INCREMENT,
  `shipment_id` int(11) NOT NULL,
  `sequence_no` varchar(50) DEFAULT NULL,
  `attachment_type` varchar(50) DEFAULT NULL,
  `attachment` blob,
  `modified_user_id` int(11) DEFAULT NULL,
  `modified` datetime DEFAULT NULL,
  `created_user_id` int(11) DEFAULT NULL,
  `created` datetime DEFAULT NULL,
  PRIMARY KEY (`id`)
) ENGINE=MyISAM AUTO_INCREMENT=36 DEFAULT CHARSET=latin1;

/*Data for the table `shipment_location_attachments` */

insert  into `shipment_location_attachments`(`id`,`shipment_id`,`sequence_no`,`attachment_type`,`attachment`,`modified_user_id`,`modified`,`created_user_id`,`created`) values (24,5,'1','DELIVERY','\0JFIF\0\0`\0`\0\0RExif\0\0MM\0*\0\0\0\0Q\0\0\0\0\0\0\0\0\0Q\0\0\0\0\0\0\0Q\0\0\0\0\0\0\0JQ\0\0\0\0\0\0\0\0Q\0\0\0\0\0\0\0\0\0\0\0\0\0\0\0\03\0\0f\0\0\0\0\0\0\0+\0\0+3\0+f\0+\0+\0+\0U\0\0U3\0Uf\0U\0U\0U\0\0\03\0f\0\0\0\0\0\03\0f\0\0\0\0\0\03\0f\0ՙ\0\0\0\0\03\0f\0\0\03\0\03\033\0f3\03\03\03+\03+33+f3+3+3+3U\03U33Uf3U3U3U3\0333f3333\0333f3333\0333f3ՙ333\0333f333f\0\0f\03f\0ff\0f\0f\0f+\0f+3f+ff+f+f+fU\0fU3fUffUfUfUf\0f3ffffff\0f3ffffff\0f3fffՙfff\0f3fffff\0\0\03\0f\0\0̙\0+\0+3+f++̙+U\0U3UfUU̙U\03f̙\03f̙\03fՙ̙\03f̙\0\0\03\0f\0\0\0+\0+3+f+++U\0U3UfUUÙ\0̀3̀f̪̀̀̀\0̪3̪f̪̪̪\03fՙ\03f\0\0\03\0f\0\0\0+\0+3+f+++U\0U3UfUUU\03f\03f\03fՙ\03f\0\0\0\0\0\0\0\0\0\0\0\0\0C\0		\n\n\r\n\n	\r\0C\03\"\0\0\0\0\0\0\0\0\0\0\0\0	\n\0\0\0\0}\0!1AQa\"q2#BR$3br	\n\Z%&\'()*456789:CDEFGHIJSTUVWXYZcdefghijstuvwxyz\0\0\0\0\0\0\0\0	\n\0\0\0w\0!1AQaq\"2B	#3Rbr\n$4%\Z&\'()*56789:CDEFGHIJSTUVWXYZcdefghijstuvwxyz\0\0\0?\0(\0(\0(\0(\0(\0(\0(\0(\0(\0(\0(\0(\0(\0(\0(\0(\0(\0(\0(\0(\0(\0(\0(\0(\0(\0(\0(\0(\0(\0(\0(\0(\0(\0(\0(\0(\0(\0(\0(\0(\0(\0(\0(\0(\0(\0(\0(\0(\0(\0(\0(\0(\0(\0(\0(\0(\0(\0(\0(\0(\0(\0(\0(\0(\0(\0(\0(\0(\0(\0(\0(\0(\0(\0(\0(\0(\0(\0(\0?x\r\0T.<IPI\0dH(vo\0?૿>\0>/-WO%E2E-ġFG	7\0/\0	եw\nZ_Et#	e#n<v y՗[sXkv%:3_M\0Qu\',\0Ŵ]Z\\Oryp<р\0!WlZĞ0\rBl׭\"IwݢFڍCO\0PfEh:dѿ=8M!HGr_K0ʚVj[2\0k{wQ$\0x$W;5|Q5<GZQnV3[pHp?Nx#DKZ_Ȅ쇝\0|</?o>(xJ64=zɟ;CNIP> F17z².eD\"o~K_xK;H#\'G?Eab;h$\0ĿFg\03=-SNZM0UHߎ1po$/7|ėSHUrhAo8o\n?੿SY4?oI.-W227qo\0`uĎK>ڲ1k6qu$1k^\r~Q@2|q\0k9qo~Ն}v9;2ën[ˣ\Z:ͷ-ms1xƿ_(	\0d\\`\0;q\0/Y/??g\0+o3ig+4\r?>WJ?g/1l<w>:|>4\0-#`F:1s\00}c? vd\0??}\0q.=vddӿg\0C_P\Z?*\0\Z~?\r=e:!.NF>A݅\03|-_߰7On^`A%%7B	5E\ZW[Z/G\\S%\rs$d	@x+|\0+ğtl&4Z\"qVi2:p0	<u\0,\Z|Ejw$\r)df#ǟFCQ_tKK5,f,Xrs*OP?h?:LKd`\nB҉0>\0I߱U;L_\Z|CG6w֒^<dQBRJ.\n(\n(\n(\n(\n(\n(\n(\n(\n(\n(\n(\n(\n(\n(\n(\n(\n(\n(\n(\n(\n(\n(\n(\n(\n(\n(\n+?k_(SA3¾HB@1Y\\q6=E~T~?{o_x?~\n<{]OYcX.̞[\0?osw\02G\0zƙ\0]kWʗwSG?9뀣J(ڊ{\0V	5՞9QU 8 M\0H?\0:\0~ #ڛ@_\0tG7#\0\0(\0\0joF?\0uQ\0\0+\";\0\0GGDwS1\0h\0?_\0cW\0M\0H?\0:\0~[\0 >hE[X~;Bdo$+\0z/yE,}mvqleyac>`\0B pzn~_)\0z,m\0	FIٔhkڤ6d\r}9?3RAѧy.<?dϷXtRxhQ)E>7RL^vHFY}Q\0:||ZԴ/~e;|W遜yg/?_أUvw2)tCI\0prV@H$r2+鯄K#!\0S#t4U]s\\ƉyjW~7WW20[DYwbUTX\0?ྟ?m/\0í#EF\Z?#̾[*I>4j\Z`\0S?\rIEB?icUb0(\'2V]o&5\0L[I>={|%/,0iV4GBL,\0ƾ3_58~њeҮk4i>02C-Br?x/d[\'\0tWCCgc\0rǻǖwbYz(((((((((((+m\0!U@Z¿<_$m?-u$&,\nMzY?ཟX_C/O?<^nӯ.Ev[P\'yee\\E%|\0\0m	o.i?\rڦ\\]ЈC~T	.d\0b#@9f\n(\n(\n(\n(\n(\n(\n(\n(\n(\n(\n(\n(\n(\n(\n(\n(\n(\n(\n(\n(\n(\n(\n(\nk.\rBE\rH;UTI \0	?X%Jmώ.Owv}x!a;ż#!敂)vOϟگ7?য়u\0(NikF\0G/	BX̛I<\0l:\'\'O\'~ċ~e+3XO1nTdh=\rg\0\\߁.<Wu$i]SŚ_!ϙGN:߱o\'gq\05cMΗ\'ſ\Z[G6%c2J# \0>3UkcMZ)\Z|7o;IT[v&ẹQ\0i\0m[KE?#ɷ~x{(ilgk;\0\"\0ZCusoQI\r\"FuluI\0O?a\0e|#oy3\\yq=܅&aK\0s_d↸^\\]jvvCnӻd}dh\0\\a?!y\0(\0\0?:j\0k\'1iA>Yj[]i!>$dG~Q@ڗ3De?c\0?A\0RƟu\'2Il2I-%$Iݑ\'\0IA~8g[wtQA[M[	ɘW~?ݯc#|LgwG!0K4J3䐣xEPz\0\09xo\'_^}C2 ˇy nU8*y]u~[e%u<A_V-<V!g\'<	\'@<l`\0+&\n(\n(\n(\n(\n|뷒\\_hMĠ{8w\0\0	<>֢;ֿd/$Q_DnUgphlu?M/vN?xLw|6\Z3?S^E_\';%\0g?Cx~\r{1ϧ\0_o6|D׏~薻&k^\r\"ZZE~&YP\nvEV}\0j\0|3\0N%oe_|CoF<c0~!ܩ$L6\r1Sт,6b/#_*gnA,:<% rLQa$0N\"-\0UM;w߳N+EokWZpͺZ(e,fڱ\n_f%	/\n\0O-.tҟkX}\ZcPq4>ImmmcX$	H\n\0\0\08\0TV/)gU~(z8O^$+2iu\rx4o;{};g%XKapyhB\\|x/G{\ZNhF?QK[T\']O(\0dOۏ?|Y\Z/4ea.ld .@ sӚzB\'.7Tᱴ|?{1{dQU\0?^>Ҿum;Eį\rڤ~?83Rų,w/Ep?Mko>2|m˓^iw\"Q1ʟ~)tUp+((((((((++_J\\]GēWDMN?vn\rV\Z03  ;\0vz??[]xKӣKA`гBlEGR%\0\"?E\0V~ϳ6q>2m\0H<,:<lw0,623\0\0-AI?jok_oƇVy5xJZ~DL1Gȭ@ (\0(\0(\0(\0(\0(\0(\0(\0(\0(\0(\0(\0(\0(\0(\0(\0(?/-{Ǟ;-|7}SԮ;Xjf%T*İ\0qZ>!h|:E麅K{yP<r\nAkwǎ3$щX`) no.EaS\r-d\0$)mK7ӱ3v$8و\0$(((((#\n9\0	\'/Y~(x\Z>:w߸>U\0ff`\Z;\rtag_^BL#j$b8ᦚMbCMQS5h-~	#O,N[vLJy]d#$a\0>o\0⿌a}\\G-ᯆ$Mu]\"+x4<JD߲/i}k\Z?n?(\\?\0ޘ[t؞jVe/*kSD>\0!o\rkO8u27\rn$#|(!@)e]CƉgv~ֶ,0[D#DPUT\0\0\0\0\nEQE\0QE\0QE\0QE\0~6\0<_\0:~џn/Ci>#cBpe{[>~8\0Vǿ_i!όSz鍿{g!kķ\0\nC#\0Hc\0(\0(\0(\0(\0(\0+L|W;|\\<LOt忇|v#̶˃oƛw#Kod_؋L|Lf:>\\&\0om\\6|Q,?	\0B\0ԫߍ^\"F~7#.^Ipj_/bIVC6%ڇ?ѿV\0iMrhHR~((幋WAۀHߧQ@^EPEPX?xg_5/?<7EiwvIrZޢ?!\0h6\\>&]|Z+k|yju,1o$3\"2O$𓁄^Er/?b\0.ē8\ZG[sAс<\0bdj~9O5Po/\n^2𾪸5k4r>O*F\0@|\0	}ԗu^wm\'\0ބ#*px \Z+?+|Q/k_zi\Z-<.*Gx|n#G+\0._N!M};\0HN\\*<KHJ*ZeŽK< )`]Xd2ApA\0QE\0QE\0QE\0QE\0QE\0QEzǊ<MYh~^H#+*$jWjqR> w	2\r}\'ᾁGuK4$aOqʑ\0~О.\0~ܺ/7Twq_|Mh|[!x3.A	]NRW/9GG\r_\'e嶌Hr;]ݘM\ZQ@Q@Q@Q@Q@Q@Q@Q@Q@Q@Q@Q@Q@Q@Q@Q@Q@Q@~-^ \09>߶#[k^G{6$p2PWζ8TcK\0\0%|#\0p+>_/S-Kܕ2C 80(2\'i>4&~3音>|Y5嶥gdE4`\\E<s\"x,lu]*S;x-&YC$0e$AP(\n(\n(\njq}}qogggO<#gf8\nI<\0*xvV	mJ:3+/¿`pAȺP\0\0MM\0nyy೪C?5S^+\rjP%\'s9 ax@D\'?M_\'O[G\":\0Hc.t) \0R,Vq[S~\0\0\04zooK/cVSokwڥլ&g\Z\r5,>U*\n(\n(\n(\n(\n(\n(? oEh+ oEh+\n(\n(\n(\n(\n\0\0Y|_ź5-K|X[P@\r v#+\\9|o`\0at%=?v,_ZidE.У1LF|\0\0@j_\Z&ҿ7j>\"od[(o5Lf!e;K#{	1$k<Zk>ו/|cERj׸8ـamJƄ79r~`(\0\0?/Gڇe¾2jzvvHBϚ\0W?OȊ\0b!\'tQτT`$ٖRR@?Gm(\'wv7ůi~9\Zj&;ke̒J@إs(9\0迈5\0eoegu^\'!|ŵI\nORQu<wE[|H_i_WKq5燴ı]Ơ*$*>Q\0\0\ZJ}&[X!b$q\"*\0\0\0\0@ȏXM_VV@ha2zyqjL8#El\0}?fUۆ4<9Y(gbB_&@֠v,П]ԊBE#FW qk\0E#\0\nv$Uo(u7syO\\~_?M{g+=\0l	(3cloJ([_Sƛ{T|_J}+Z޽kb$2oЫ:|9\0do]ɴM-mq\'͵Ԯ	<?(J\0\0|]\'mkΠlM7E.a5GKwpp̑ReĐ?د=xfB5+#a=]A\Z=5/ǶE//>4i\rĖz#d1=kd,73\0\'/GB(nk#	J9~$\0?K84\r+ǞO2)|?.Ճe7r}\' tW4o?\"y+L;\'y^\',^DpȪ@rm%@ā^,o|{5٧⦗\'u\r7PJ`Y>ȏl\rn.P\Z\0Bz嗉{]GM4{{iVhn#atu$2 ժ\0(\0(\0+/o\'gE⤟ؾcUݻDF뗐0XiLȸ`W\0^୾\0IxČǋ@.5~sd\\|;7ɿF%\'o߶|\ZƏOI~`2̈b]pQ\0	},94\0\Z>#HϏ5\'LrKvi/%Hf2JIoE\0QE\0QE\0QE\0QE\0QE\0QE\0QE\0QE\0QE\0QE\0QE\0QE\0QE\0QE\0QE\0QE\0QE\0QE\0QE\0yy|<\0~\'xv~\0c$s(>])\'kʳ){iGW\Z~,~>*ԼİnTIN(C4ͅtk?\Zk^\r񞇦\"k=KLKowv`{0U \0\r?\0\rƞ4\0xWĖ{VRyD=A V\0I_~|l\0W:_xZO؏ź<CᦔK}ɥ*Ef|#Ub j?k_\0\'?x~x[J\0/) 4nQE\0QE\0Ma?\0_ĚƣFg{JXz3L@c߯?,Oy+mľ5IgɒX%vȦCahI*$\0\0?\r_$esOxR\r20BIj8Rp<\0X_\0iM4ڳ1	FZ/8KdFyݥ1cbq[wQE\0QE\0QE\0QE\0QE\0QE\0~@\0/\0\0UӿѬW~@\0/\0\0UӿѬW\0QE\0QE\0QE\0R(\'\0??+xfMgk:T\'Uޫ_sX]Z`dKK\0pG_\0\0^;><jGYk#L=w-FQl\Zn(x\0^(ZhQE\0dfo\Z>mSԯl6/RqNUAb5/hyk|suus*HGv!UUA%\0\0Iß><ApIׄ\0bzĚhkAa-q 240>|!a^\\|M|53neit.:O*\"VH!,y_kᝏ~KA_;IKhw`#VH,Zg\'\rl|;\rY٦m!A=Y$I\'(*YxgI5+]>ʱC\n+L\0cպozԕ:G!\ZA!yճۃ#\0P~,~x7VxFѕx|oneHU7@\0?d\0{X-Z o̒Mn&vLV\n4\0(.fՆo\Zi\0,@\0|#sS]F89Hk!\0)_c\'/1~?ns=pGi_3=Q.k3\rmOľY#A@=\0Gŏu8ӯGtu\rhӬu\\pHSww\na\0>;1K<#q=\0\0oɢ6&?ReEvrIbJ\rmaʡKGs2}\'\rF_<!kBUҕ|C_.+s-̱[()._&~7W}V v6\n\ZiaWA47|T-a0jRMS҄w=NDUѹX\ni\0\0\0zƱ#⯁]Z8c6ףpKH6HE?\'\0D7\0/?un\0z/_	|n&NOYkGUygGe(QqľbI\r~\0Ze{x_WY0IF\03\'\r~~<mo~&{[/?-\'%嶝q4r^oDVqȯ\0\n\0d\0K	=gυ?xĿ\0Z$ş|b/[A9$a\0R5KO&v\r%ݰ2p	@CjO0~krܟrC9\0~|`ۋ-t0:ם|Cv\0t-X}ġry\'\0L\0ToJo٦>5KjdǇa}Wr#A0if?,jGw7\0\0߲soԾ&j>?x\\ڃAi_zuIQ7DP]_m/)Oߋ6xcyx\rV]Ԓ~tPp53,m\nѳ\0}\0\0^xW-Pj?rY\0Y󵼅MӸd\0\0VCs_k|BU]|5kLE&*\0Or<~|+ᯎ?x;]Mz]ipqH8 :8 :MN(((((((((((((((((((((\n~ 4+UNKK;Vk{dR)*UI\0+\0<>-j_\04pk_[L ]ldܜF2:?8?p\0l/g/~w\r\rr(͜yb\nys\0\0FV\0e\0X\ZY[3ۖ0K!F9	Ow_IV\0W.-byJJ>\"U=+M.RuVeWGRUH \0۟\0aōp>ѦeX	on7M;䴀HG\Z+k^gDxλLx]NO&R>V[<r\\[?ggv?oӡ9U/ˬ3rw\r?¾?>J,]Y\ZJ;**)gړM\'ǅ M ner$\0,~W	O.M_>_\Zo-Vf֬܇xH$eE0[\0]φ?T+I</4|9բ}^M,%{G`ko],X;\0X((((((=[Qe*w5~=[Qe*w5~((( R<a\0\0\0u7=s◝pFD]CEqPG˶Y#F\r~.UeuK< r9\0~QE|m\0f?f\'w\0\'hv\"Milu-eڦJ\Z]V\r{\0\'CWǯMyg\Zm\n͸gL\rʃKeP|Gھ\0\0ugGS[8MT)ϛI4A\0\'>cV>Я	{b y }m	\0!Hld# ~?g\r/ud_6T*\\]HĴr̀2p\n?+Ggi~ߴ\0_\0|Ru?s~ڃ%\n+8~Y/3W߳`/O{;-?_h\0N\0L-J[_Fߴq/\"2ݰCof8:c$Vſ[f_)d.^w\0\0k|~U/\0/$\0|y[l_	?nߴ\'ƿ\\\rK7z]ЦLxʫ@C\0gÏg(kҥ\rݯQvyD,`Dʆ</V\r^jV@w>w[81q+HHA^r\0L4~Ϛǌ|7nx?-h>ki7R[vUzkdT g8$\0~zx5A>\0/<7KOִoP:,er#e^p\0\0r\0j$o)1bVE\Z\0{M\0q?joI\0~u^PG/\\hent)w˵wIH:Āxr\r\0M\0xM=\n	\rBmV\n囌9rX5\rO*+5?$\0oOrGR*ys	!?1$}W\'cCC_/(|7.\ZwLcקpE~Lr>{>u?ٿ\\֓ny_˹PJˀIIÔ\0~YCqo,s΂H$FC8 A\0u3o\"w/Ciwן_xO?ٱ)pne\'m18H+_4xgEx7U</=20:22e EM{\'=-|aU^XGwo*t%He$RN Gُ߶s*	\0f}M\rl\ryAs4OV*+\0hu>\0xIwֵ+-*S,QՄֶЂx/,E/VyFI_\r|[.9d$\nTmRelH \Z5:\n+?ZaFo<Qo39ˇΘugh\0wú]6ivemco(@UEU\n\0jW_\'?|LI+ie	S{&;Kdb`dQb	\Zow\'|JIރvuVђ<a\\՘+2JĿ7o8\0jocIA{\r~\ZO5X,+\0&iRN0d\0,?lOGX.~|4;^bGjceSx.7Ӭⷷ8-AQFR5@\0\0\n8\0_\0<Q|%ּ	:O#\rC(Id\nnc~m\rou|b:~jn]h1ɗ`,Ud(G#8F̢>j\0i\0WT>|7u+d,`ѱlZ6~,KY>!_Kռg-Ji#KpBڸ¬ 277\'\n5*/쟡Pa,<?FrI|j*0>(\0(\0(\0(\0(\0(\0(\0(\0(\0(\0(\0(\0(\0(\0(\0(\0(\0(\0(\0(\0(\0\0`Po+/\n]%nLKk.v08`;l~)Ex uI+OwMȌHVF8HaA|^\0\00{f ѼRg\02\"uCNDXnUWKin	x\ZAV&mk!W;|܄ǒ;q\0hP(;lx/<\nbAWK5Mˌ8?uʲ~\0m_XOٯl:t=.\0.cYGș	]vCy.?\0F\0IG*-cXRf_$̹n捁\rѹF1VZ_W ?ZmMКOsxHn5	\0T/\"\0HD2k	?a/g\0c/\0,z/Y#YcD-FwYF?\Z~oXAuk47VQTaeaAk\0n__c׀+^_d̖WJ|CF)LвG\0C~ݟIWlv<l#VX\'ȄN/\0[698~_?K?~77_~~.NҮH0JE*aRC??O^(eo\rC.n	UtOH@wQE\0QE\0QE\0QE\0~@\0/\0\0UӿѬW~@\0/\0\0UӿѬW\0QE\0QE\0V߉/\r[^.4\roBkCSnV!՝؀ {\0\0?\Z/?&]2Q^0٦pL>tn+w2E-YL$oCM^kzVQgd~c$tD1\0=_\'K\0177]ᯃg揣iWvT=V7cW/$\0\0z\'\Z\0<}V|X㉘4ZZRKokXe0Hy+;+\'{~Ǉ|?\nmm%c\0or	9ݸ_\0Wg|l˿o9v~V40\n^a\06U$[Rd\rk:ŵL7*&N?xH}\0EaCMCkkk\Z1 HEUU\0\0\0\0\0\0`~ǾOk?^x,n]gnZN~a[l\r4Gм!|X4!Hblræ+\n(,w>k*|6<i9,\':gr~ArCa Op\'_/|Qe[-f؅빤kr#̙B\0Uof\03\0/\0c}jW㏍8Ox7;W5A-fl<I\0G\0j\02xW	eRԯ#\Zuk]ǵy?xBXbIyc\nEP0(\0(\0(ς࠿\"NB1\'R\\[˹LR+u{\0|t\0u~xTʼY<}\ZGTUQP@G_P-O\0d7!Bh)5ٲX)<n~\09W~ܺǟύ,	\'<^<AVŮx󭭴/j2|y_\0\0q~\0/t>\0	g+e|cծ$)gmE|夬+	-\0׿Ax&Ko\ZG+LAy[YڰS,;l,`4MO7{g15/cw/<RiXym  vlIf	C\0_\04/|U`muَGo#G#9\0[]3>ӉmmO<K3PH*\0,?\0c$YBm\ṙs¤Q/Y%ʢ 坔N\0\05xX<79/-FQpFُ`ԞI~\"xS¾3\0m8O+M{\0M45n|kz\\ĮOa,)=Cf߈_swKi@|tԼ/(P/\0xFh_ĥ,buc\n{v^,6Ot%hBh\0\0PSz_5czf\\	meacn֑(h\0P\0GlQE\0QE\0{oGq{R|?ٯ:w\nZ~t9员K?.6BG+(D\n|?\0/<>W~,ӧҵ+IT	z6Ar(?+H%|u}j^=隍e#0AV]U~<\0\0٣\0b_-ω>	Ve$t&Xn\Z(	($u3\r@Q@Q@Q@Q@Q@Q@Q@Q@Q@Q@Q@Q@Q@Q@Q@Q@Q@Q@Q@Q@Q@~7\0l\0b[GM<\'y8\"qami\")`Ld\0~^^CYqq,p[IejKx\0I5\0X]~P_mլ<YBWS-^[êZå&<(\0~[wo$RƒE\"tuܮ~R~_n/П?HhUd,H\ǹ`疿Wكwo_<Ab7~<.$Q$FxNy[\0\rf6oG;B.,u=..n=$BU-M\0l߇3xO◂|?}L턏lǂ1$2qeoz\0c\0~Qr|4\0\\i%VV@j\"0Or\'>#1xோG\'OCD+HfJ]\08LF{k⿇>.\0<;yz1d[iʰ  B\'?.+~tf;r,uv9\ZԿ[KF`PdQ`~@y6\0RO(:AiK|~iVo/[uIx!\0*1kr0enb~ſqOki?fOѧi\"h13;RY[󑵳`d\r˟?=(>._!i\Z,%7\0\0`(a\0ߊ|;%7*0G?c±\nOb@<E_>2\07d5{át[}^\0I,n\0k~\r`Ak\0{~9CUc\0_%m|;/\'\0_5Yrj,C_\0\0	vuiQ\0zo.U|Eo+T!g.h\0\rW\0]*+?i%>i\0b\0C>nrr*[)WKAi.5اwqbFR觞2\rЋAv?\0\nʺ;R5c#jHr|F$*d༿YP|U\0{[?\Zèq$X[vAfaJy6q/aL?,s\r\rtg\nFF \0+_:WGk~\0]=Uoq|`NCQ\0^t37?f?(\ZU-b@݌^69\0Is\"K\0\0f\0(~5o^ÿGv,rjڑ9\n L+8o\0[O/O_ƺ2A{+gBVRYdWj!^b>f\0^\0Pc?W,;h?o+Vк6\ZD/66IW\0-ĪB!}	N>5~%~\Zs}῅<mu9I1nVe_<87O\0/?-;º4~],s9F#/#wbY,5og\0zG\0,\0տeh2ߴ>(y8>T\05og\0zG\0,Ꮑ\0q_^ߌ_5\0)\\|>Kit\Zmk1>b\nJOΟ&K2_?\Z\0B\0=#\0tj߲?Y\0~? #?gGF,\0Ѓ@H\0\0\\o-OCdyV_g#2;u*f~\0\0>{2~\'\0ƟammEu\Zh^x\0ľl2톈m>>\"o~+]xȺ\nxKGdb7k}A1);c.ɻz{\n_B?giQM|Wddx^`@lrĘH<DA\'\0X|,Ե;mxS5܎cZ<[q\'yd#HZ\"\0~6|xҾ6T>!^N!4ˋ=\"яV\'%2?\Z*#\0\0~AcVeeX-[G7r6B 9 E~;/O3l0Cgjxb\0#=p=N\0%{՛2s@@,g\0pN}}؊+?:c\'MKֹcyRN>Ҿ\\		qF8ߴe\'oKZr#B>RJ$]*0NYiv?a(ǻ?([oßz]҃wifbc&\0~_5ᾚtKXԇ9#>2\nB?b+T//$xn\Z-4\ZN[Αp0r{2\rwgֲ> !E$Q.l~s*\0?c+jvk&U$?a89C뿴\ZoZO+dc:D1n+J\r|r\0+g9~ǋIf5[bXPfeY~ʑJt\n\0B\0g\rN~ir$֗j6&6H4ls}QGz?O?6y58Qi&4\0m1.+wmm\08wf\rȖ\r\0\0N?쪧I_\0SUS\0N$ό~|$O}Eޯq/o\'0ҿ.?п/%!xO o$XQm`BUVH.\\msg\0_K\0/ߴ<#Y[Yx\052\\NAf#gW͢	#/tv\0*X6\\;5~kY.ZF[BH>+ER+\Z.Ԣ&X-*۰|STC¿_\0:=+[661 {331,Ğk5<cGM#z!w6ֺg yW2\0<#,Ph\0(\0(\0(\0(ocq\0\0\0Α=z<ˉ]<ld`U235Agygżo:	\"6)9W?X_f/(Wsj>wZFKQW\0_L߶_:>{| 3YE	7n$e<Q9/%?D(\0(\0(\0(\0(\0(\0(\0(\0(\0(\0(\0(\0(\0(\0(\0(4\0l_? ۈUHeld	\ZaI?s\0j_xe\\cn\'aѬ\0f\n[`6ׯNvwj4WѨwv!U@I\0W\n.xMnF\rK3hGt\'C5\07\0kp5vu\0.d[X\nlY@&8.͸fxbdB^ZMߖ9U\\p\0;{r]/e\0E`)lf$a\n~_dxgoge!b@?5\\gla kTmgJ-ز})	$;>\0(*iH_ODha>&md4>ZطHFkxT*BVK5S+\0/Fkofռl6_dydo\nz%~5#{nxR\"9rsß7nEF2\0qGz7_y?	|$d2}2ލ fI7/\0u7xcn<fs#BH%qyz\0}Rʊ\0 r\0;\";\0\0G_P[-5؋^~\0+2nu$ə4uy?I*ǯ\'_\r\0urojpI.k(FJ2<jH\0Hfk/<+?#ƞ,g3tRqzlOF\0g7\0eWi]Eqc}އ\0\0\0joF?\0uQ\0\0(\";\0\0GZZOaGMl}\0X-9/s9?\Zl?1n~(~ў%oP_;Vomٹ]$Ұ+a<R\0OMRd\0}j恪xHr,(sw;YZ2\05TsF\0<qP<;MEZL:T7ʰ{)3\0w\0HS\0U}\0\0P|\0|7hmִBrs>I1H&<~|M)g\'@F#ƻ#7%q\0ЌP@dqoU6iqR99U\0\0h-MolgOԹ\\\09F<Ag~_̢\'k2#*b NdS|)_^ȅI[\02KLTsDJ\0~n&::g\Zvqs\00!\'\ro8Q	Mƪ2tG\n8\0go2qE\nt\0<:!_Ŀ\'渗O21]̵W;v`N_\'ᷘĬDFؼ%ф##	$.9|\0d]rxތ2FJ&Cpv\0b}yĚ/X9\0g/&s\rWn+xoAp/tmwcbu\n|O|ItѝC#1󷩣?\0q3EDյ$mS.ʎN8 h]_g~\':Fxj\0cO\0i?؟K\0>[Ko\rNnn@*(d/c߲[~oߌ_\\㵺4T«Mx\";N\n$\0?O>T\'^V8`ndhH9iGǺ&Gv>5sb~cḧpB;n$\\\0t?	~|4gHtQtmeIG=̿+#lD;J}?hcJm*фi⛆\nxǛ\'c~\0gg>+znE.5{QFZiHl\nQћ|q6nȶ״2r3X?NO5?L		x}>|-9[G\n2ZkWg|_@Go%\0|Yy>?2_\"pM.#d(%,ı&M|M/ufq	\r:.n=9Pu>H\r:o{f\0Ce<XWo\0ſiW-\r߆zӧ0Q@W?[⧇~|5|cZAφleu=Bio\Zw88$\0I?,\0q?iMKOGOז:c횕խۈSq\n\0\0nA\04:\0~|~uH	|v$,-Nوܛnhd?+ύY?xW+Y\0,kev.bk#,ςQ|xyI/٣Ήt7o\r]\rcN--X@b\\\01(4;z(\n(\n(\n(\n(\n(\n}\0s.#\0O%D()ڨV)$z\'\02?k(W=?iow^95}n+PwQFG\n\ZC(zv#>4|^\0\0r5qN5q_-=k>+r-һ(,\Z*eW\0\0nx	q0i\r\\:wS@\\p#*䜳p?F$_?t5_>\"+SԮ82y[hw2Ƽg,v\0(\0(\0(\0(\0(\0ӟWn\rDӉ1oAt^<2\ZVR~W?\0_^.iEF3u\08s?_\0(\0(\0(\0(\0(\0(\0(\0(\0(\0(\0(\0(\0(\0\0T߈_\Z\07ktڧa-Y6ʗ-AO8iNc\0\0\0~?Nm]kŖ.b135uݸ\0\"+?_PO,Ig.\"iL0RF˵ W_N7i\0zM!~!YP``Up\nA\0~N?jeB>\"xpianP73\0dn\"¯_\r\'>\0i6<%UsWEE\0QE\0QE\0QE\0QE\0QE\0~A\0cwk]KW\'~?\0\0?\n\0<{muı.>00Gk0ڿ`( (\0(\0(\0(7xA}>T;{{`uk\0[fZ{Γ?Lּ&mt4L([y;+r?4ٿ\njW7ټ+fizu7*eA*)Ռ<IxA4BT{[9{{d::t k?k[POů\n>*/3NJ3NvK\0qԿzu؏մ{GuIk~\'{_[.Dw[UALIjMl?x(?&-䱓D}񮓥%(,|?8dEU0EWIS G+V\0|5G)<Á]P]A{u\0O)\0w¯\0	Ƽ׎. tG>uI*Ŵ\0YpW$e+_\0dꯆd;|DS=$?r4	VEBNՎO\n\0P|w\0iĺSǫ_Vj:|A?0hmSb%H\0ܹnSv<3g)\0\0~<)k\nZzn-ͤwl!{$??$]|!?>\nӛh}	 \0\n_G-6}\0?fo?kk,]Q/ܾ\\؍(sC\0F\\\0 Wo\'\0E\0,\ro\'\0E\0,\r\0}\0E|?ƭpYWq3xS]q@gt\0?bC$%\ZH\"͏Mg:g۫mΉ;3iXZmݎH%+=`2#N	\'\0oOO\'/\Z5\\˿~*A\0vVV*6!:xk\'Z{]CD/HԐV}]m$\n5W?WV/S:(ʉy (\rw>O\03xPc⯂>&S{߄uL) `0#\0?C|}ivB!Kے)uh+0`Nd3׆]S}AOԼSZ]|ZRÐO5A\\~~%\0x\0wOH!\'&揭X[6QQ4O2#,3C_J`cj|%\0ҟL?Yc]g\rK\"Co\0k2ϐ98y	vfSW\0O\02\0j_\"h^(ėzWmum<qr\'hoؠw./V\0o\0?	ItT5{QGaoɒ#@e(+OfVC?R	cx5ط5:O4?\ZN	=,9σ\0MoHuo8/o50Px-eG3^i\nd>Jc~7_#|/cx-m`7|F6O\'߲/\0/ū>.EϨ6۪i7*ǒBVh.Rw yXz\0f/\n7ۣE/6!X,w;Lʭ\"d.IŐ\\?](7\0j?߳~*x:.<?m2=B\0$ֲr[y̲DõzE\0QE\0QE\0QE\0QE\0Q_?U:3675hr拦޻\" mEawpwJ\0X#>=֟|tu.ٶO-+s-ɉDeo?4\0l\\<q[Cky-dmkėYpY˴K#9h3\0y/>kgė>(Zx[QrxQI!MF3%ƶ	hj\0\0K\0eoq^ռI**܂7H<?K(QE\0QE\0QE\0QE\0QE\0\0Y\0;\0wFlpC}\'Q؁ﴓ=|z}ȏ<~O\r_wiI/╄|@Gd38@l~Pj][k,m7+Cަ((((((((((((ɿ,?~8A<ER=<Ii77FD,qf[cUkO֟H$?s@ۮx;q-f*,b\0?^\0Q|΃_Vߌ<[*nv5. 7W\0(\0(\0(\0(\0(\0(\0(\0\0xf>!8|/Nl~>I\0xeϤ\0G7@Q@Q@Q@W\0T\0/W&$\r뛉>!|ZMot)DfV*]ȡaaF|@оx/S\'/þmPԵ+FZI%rw$_gKG	q;Wz$M,$imܮ(3%S\0.\rDOu\\;.<ˬy\0T2?~Xx#ោ_WM+\r6\Z;ye`I;`bh_E\0hߍ\"Ve7Z桥Ga;o0]Ms\"X[9	J\0۫_.ӀlQzR:u?\0gr=/ykz-ƽ3^] tqp&V;RE;wgg؏	7<#[\nxh{If3E<|\n|\'?T,߆|\0i?BNlQLe&9RcJ6KGx\0!\"a/zeRǉiOn%>\nprϗ0-\nⓨu*~[	֩kΝ+eld]͙8fT@w:wY\0i\0i_@Q@?	b/\0\0cC?\r\Z/lWFK}0ZLJwWSӿO\0\0H\0z]\0oC?ZPμl\Z2z:Y\0m_\0:wY\0i\0iG:wY\0i\0i_@Q@:H_OZ8>m91¤O#88s\Z=k}Jc\\sy}cE\0|W\0^~3\0r\"<e)39K\rkƞ_v#Cv\00zp9䜒M}Eamn~tXp/|I=1\0\0\0~Ͽ7{]C>&c9 ZKWbd_\r~@\0Ɵo\0N_7,,~#7)M8_<d|9{W_fqo\"&YU6\'vfFFF2A<_/2o&_\0Q5k;Qi!mIӎ1_r	|6svtV|iZ<J탘wD\n]9*QZ?\0fߋah|HN0lA1G$\0dބ:|Q4oG>%Iol	V+Xl${J	g	xCGmεmmgTT]7|3JDHA_;\0E?ۏĚV\'\0A#\nZg\rdb|˔~EU	\0bqp#vj`xIBD;V$m%\0O/\0\\V?>-{^[UIa@h۝xe[\n\0$X~6x_\Z.M.wד%\Z`C3rfU`Wo\no\'[7:º\rz\n[>j\Z[v N7?oO3+BO{]OY:xWckEݖsQhGU_5[\Z/.y.\0w[f/@nAa#\0(s+T]jvoNqisqo*U\"%	1O۷\rY[aѣ&]:E|CE<yj%~n\rj꿳}T?h>><_<Ei=E!%{qs:W\0\n|tM<MŞP}I+08FE|Q>3CL𿋵[xZy8Akoe-	_=~>x_kZidDftVf7!%W\0?zՏnoTŒF/5\"BU䐒Ą\n<!\0?ࡺ(M#B%G\\igZsZL`7(q`5Vď9}K.״ooGξ5k!wI,\"2Hx\063\0h$=&IgӴ[b\ZƲÍ֠q#m	A~ҟq?k\0`_ŏ\Zn/<o}hZ\Z6d؁rI8\0M|/\0?4пl6cΖofkhw(g5\r3FMN~-RA/:BΒԂFPGm#1Máe\0q?ޛ_Gv\Z>16_\Z5bt&4?ۿQ^j5[{\0ǋ4\\~؟_>\0	|l@0\\G8B3WbGa[^;&W,E\0Nj\0low]uߋeݵ1΍!ݔO$Lp#WS4Yƿ?ßv7kC?hx!XYIIn\0ߌ>>BOZhZ1ml) \Zȑ0ȵ̷&\\\0(\0(\0(\0(\0(\0(\0;Ëu8:?{y&Wc$~WsĿCgxyzՃ98ZN?w4>\Zk{wH~s_o\0.g+iwbnu-Վ+\Z\0(\0(\0(\0(\0(\0(\0(\0(\0(\0(\0(\0(\0(\0(\0(\0(\0(\0(\0(\0(\0}?<-t$ǖ\ZѿǼ@Tc*},?\'\0.m\0wd6usx~a9*\0(\0(\0+h\nO|FV\nu;y\"4zI[$Q\n@,\0\0O~./Zҥd&I5mza\0,,>QF!*w\0\0|b>~1^	M|+Kof;|uD!Zv=A>V@.|J\0ӟ\\/\ra\\_!`pXAt\"8KF[	c\0?\0⻨k7:<A;ɑrfYgۤ`B0~xcz,?gD$4TI8IݣP(\0+q\0\0_u%>&Xk42K[D@0Dn%W\n\0./V־ }]\rhz׈pƹ2\0|\'jo	?)-n~VxT扨B|C2(Xn]>X\"H@_%W\0ؿ7m墰׮/|\r{0Ϟc8`]EE\0W\0[(u+	_ʋ\0MHXB-)de,+\nS\0\0\0o\0?y|z#﹊8v䃇	>\0n\0w_KMkq/<S--u	tp\r	g5EQE\0QE\0QE\01\0	h_Z~ʅo,7npOmCӦOW?wΚKhk.nǪ@ӣGP*i>+AfXt=KG\\Y,n铄9j\0m~\0C\0i_QvxcvrG?\r$qZ+\nAyײ|+E\Zk&Sw|J9\0LHl>5-\'<.p=\r;\0\nkn!o|Go}2y!n?@@Ҋ(A_QO6/\'ߋη)\"dW޳\\Y+$r8r_͉iiHP+>\0Sq~iɪi{6R7.~\"7Z?\0[:\r^8ۿ_V#w2|~k\n\0\0o?<kq~\r\Zw%5-[2$5dm\0I\0ݟ?~9𬷿3N~2y[ul+lmۂ!i!|\0ҟa~DV[X\"\07]A<99v\0QۣqRx	\0hO,!/FmPH\0qwL\0I`*)7[PO;Z-_hw?ƚ3f|8Pbh\0C(\0T?躆Z|E\0$ֳ|),d7<\0[g6o|:R{nsk8:t3nXW-\0_6\0_\r.o<Qk}b&Oít1K{o\0M(KS\ZgĿ/HOZqGQ!\rN8GPVXHmFݗ\"8Im\"+/=[\\ڳ	}HO?Oj	MK[P7+T-r_5O̜?^ovi?nډo?O._D٠aE`L\0~\0\0B?\n|;1\r:\r?T\0\"Zޡ:b9z-a%府׮\0\0c[/[zL,k+k2\0.Xc\\BvZcmO{\0ybC6U׋]~wXXF	QZ\"^Vli o\"\Z!	-4d&/OGů#/?sA#}7M3jZ>Mi3P\'c΍ Q=ʿßk*<[Hanm\\--0C*f9Xd`NPz=~!۾ \0\0\Z?{\0gE)~cxѰ9M!V\0\Z+Yx3\\sp|5;}e9oUdH4ѐ#!M\0Tú/\")xPh^5BIL()\"G\04H\Z]hz4K=7M>a$P\Z\"\0\0\0\0U+?mO^|2\0:E	.\"I*Jڝ-KhT2\0\0ѧ~\07\0憏l,\Zw\0\0{ohh\0\0ѧ~\07\0憏l,\Zw\0\0{ohh\0\0ѧ~\07\0憏l,\Zw\0\0{ohh\0\0ѧ~\07\0憣O+1Vb%B_˨z(\n|O;\ng~4~\0lcq\\0$w3`p|+\0\0b|@fc<1}\'/mȾf~\'[gOyuvHĖW	!md)</AE:W=$X2Hd0#@W\0^/5n^q_\\W\0Vt\0ߴujģ??W$\0o|I\0h..\0凷%|	\0{\0,Hʚ`ʺ?\0~EPEPEPEPEPEPEPEPEPEPEPEPEPEPEPEPEPEPEPEP\0~>wy9v5_?IX\0*\0o\nW\0QE\0?%߆3Z^*GifF	b<P0y+wO:\0iY7V\0f٫|Dky0n.m)J*<ުD1&&hwa[[u9\r~ԇ4rp@Hh\\HM\"7?iߍ\0gy\'(j/<=W<%nFaYroL-䈍fv\\\n(7_gᆡO+m,j:lk^F4(^\0IͥI5/jVG\'\0Ơso\n<pBt\0t\0\0\n?c|[?-`6yeY2Z\'7ė%]XG	?DV\0Ǌ.5\0x!\0	\'5wUfiː\\$Q2*F\0\0tT\0\0j۟ڋ5Mc~xb넒ORi1}ȴ09M閑??Ol [[X(aG(ª\0\0\0\0΃Z?/>v\Zne*F8\0\0mQQE\0|o\0\0\0\0{Z})=Xm=VI\Z)X?o~O\'gCĖSW^5qq9eGR[!}[oe\0gUulN]2wmr`4]@Q@Q@Q@Q@p\0u6|B+r/<3hL}VA]s?]on:Q_p=x8`%98\'>\0orCy\'D<䬖qD8;p2I8iSK1u;-R-{}\0d6\\ƱarQ\Zt\n(\n(\n+ioڻq<i\'Ö;-C)\0jpp\r~P|J\0ПToj\r\0`ozJXSgZEj(\r,)!m(O\0#\0as|b񖍢wlEl]j;{5̒HR컢\0\0_\'\rMtu\r^o0\ZL	a*a,_ҟk\r!ߵWiڀYdALw^*U~Т- Bm?Ol [[X(aG(ª\0\0\0\0\0K\0o??u_\ZjZ]@#h$bɆ;VEQ&)NV8ɤc<?p~ba;WrR@:\0m_mō:\0ٗT6><\ZCDg^^љv#Xnrd?>(~Ҟ m7>$E᧑ڑK%B0:\0Ư<3_\0\0k]xĝfkɯp,Va{v`	U3btd\r~4\0?nh,|Bu	!n	7Hܴ,@+b4o3J\Z>i\"OmllaK{kkxPĀ*\"\"U@\0\0\0\0\n~8z/t\nԟ߇mG6پa}(Thotlk݊\'GUEu	o u[|\"~}ۡ$pK*5[I:ȿkiQ?E:=c)2H`_\0^?\0oo(_W_mB=w/4\rEx~F&8`B\0hp͖v022\r\0jb\0)	P2ӸE2Zp4\nH#3]<PBB;F߲\0O_,v\ZjpKso9%,łnƯڗLd>*|Z\"xoQAu{W(A=RHF p_7՟o)\0&o\'7W>?xJ&8XH>\n\n~+{7\0O&oԬ׈$^.|PK8ѻkmG\0>&mF\r?\ZeGVfur><gRPF+/co,\0\0ogS\06\0\0(\0zco,\0\0og\06\0\0(\0z\'/,QK--a7=?@?`(%_R\0v7hwGM-G󏗮o\0J6\0I?b_J\0ėS31#8z~_c<&ŭJa\'],M2|T1\'epwW8.>o==}PżwvE,i$R)GG]x W|W\0v52)W\'2\\䜓5Y\r\0\0?hMkv\Z7gc\0[?2Οr1\0/ҀOاŔ\0\n|3y0h:4<9R\0No3_~ߵƯm4r0W4rK62R&u/8	CokBg*4V | p \0\0joF?\0uQɸi\0z.~գCq:[z2]-ε~ߊ|A_w\0\"&4v٦7QIbv쑑&WI\Z?{\n\\Kg߂\0ϊxǉw%yh9;M1k,m/_}LwvkX[tˆhq#$ 8`EPG4Zk#\0AG\0A\Z\0((\0q\0H5:\n(\n(\n(\n(\n(\n(\n(\n(\n(\n(\n(\n(3\'?^u\";\'X<츂TVgִ+3\roc	|)5o/޷|t2DpORomޠEPEPEPEPEPEPEPo\0+~?J_?IX\0*\0o\nW\0\nu%?s|CR%:otYdu}EԔV\0c\0+a\0eEW}_$]A\0QG\ry$v=T__׀8\n~<~\'Kg^/#q XAO9\"<ϣ/&\'\0g\0޷ZW5(>vrv*\r\0`;K7\0x	ۿm6=gQ>$	CjMWSCkkkK4ҸHEff<\0\0$4mo:oyh?	Կh/ړy\ZnXk&[0np-w$`\ZN\0nۿ\\۸uګw_\0>\nJÉpł?Cu`pzz\0ο\rκG|hԤ6zua{+r<Y{UZ\n)\0\0o\nRJcjI^#BTKv2:4,ֿHa_&_&\0?~xKBj:5}`;n2H7aDhY\"+qt`ٖ/G?зh!;P#\'|v˾I0?M}h_7fg|OL<EY%RF\"Pa#o8TUgo?k	bl,mQ՝ؖF9fgbI$k?a\09e\r)chfKT}Z|n}d`=#P\Z(j:@(\0\0Q\0p;<Mh[D>j\\Gp\0}$+,(\0~5K]Lyj3P$\0$q7OPM/7~R!5t2}.B-N\Z<]ϸNv~լ~Q\r\"m?3hV(S1\ZZ(\0(\0(\0(\0(\0(\0>*\0]߀><]Ȗ!Cn7FTg<*ORoŏ̧Ie%I6t>[IH	\r0ʰ\';OЬ*ޟzō-Z5kr)#ۓc=D\n\0a-Z\r\0럳/.o-\0g.oüN!!12>r@go\r<\'k$4ZL&QԮ㴴uy%E~S~ֿsկ\'M-w~7ĺ6\0aXiFn#B>M&e_<|>_OxCzjԵ{-܀XFY\0_\0~/>	u~$W654\"t+#2Ӈ-7TS\nO\0\0asa@|3MF{y$,p\0#Vmǚ_9xVkg\0|3cZ~d3U2љ%`G,FY捞ٝ_īo?=s㗏$$~-M-䴀#:[bUl9}7>tooGɱ(%`\"p\0\0QE_X-<=]j\Zս/qssq xwwb$@\0_\0~$ýKT\0qQKx\0`K,;f!oc<tUO?Zo\0aهV[/XLgǑ$om2YCۣ|s6ȃK+K~>g//oŏ2mwN.dUQ$mpBPok7C\01o}r>࿹#EʁX@k\'>\0BY|AWK7 ]ޕrYna?4S(eʞ!mCOլ\'[)*0+)	5\0\0ax^\0ci~\r𞖱Ϋxhw DV6sg\0$\0\0F<=\0|U?Xk+f&y6kU1E &ӑR\0\0\0;A\'nB\\mCTC?ޯy]#APcyH\0~6_Y\0\0৞|q3?\0\0g].Y|6Υq,ʦx91mq\0?<#S߲:k\"_\'GjK)b[omˍ~?\0Ȳ\0R*ʬR@Akn8\'1[A: ֮O䴊ե)HIÖEtv\0C[r/x	\0\nw2j\0\r}f\'VѵyGu8gD,\0\0|@\0e~P~ßᵼv<qrrɛ˵DlnYAj*(\n(\n(\n(\n(\n(\n*\04?h ܇ᗉ)ʹ\n`Pk+਷i\0fX/>%rǢ\\\0[zPkg\0 \rq\0|\0\0\Z}\0@Q@Q@Q@Q@Q@Q@Q@Q@Q@Q@Q@Q@X/\"G|Gz?ګK+&Hme߻[\0V@\\\0.o+\0Im5=<~(uϘ|X*p6dsu~ke\0?-?hoT_\'Q-d[{`.JD@Q|SE~h\0,?~Ѻ\0hk_	\rZ<G0muKZH\Z})\rnXR~GwoHE\"GC]O Z;(\0(\0(\0(\0(\0(O/$][;E!2LeyO#2Da\0֍44DD^e~N8U,_^|iZ\r~\rg/KmV	1ꓣ;t\0F?\0??\08CFKW^ˤIck$3[eHnvlymϮ~̟㯀c$~ƺo/>ӓOҵL40=ɴYdrV#\0??ς	M|MZ#k0ΈP0x~Ѡi{c\0\0Y>;~ܷϦx+hcIO8l\0ك\Zj?־)|Xfq5Z-d\'7}_PʿL\0_ھ\'o/(u;k.ќ\rܥ*s/^ECjMWSCkkkK4ҸHEff<\0\0$>\0S7࿇>)h-x2/>kqypҤp`4Xk\0\0\"%4u?7-5,i7b.cFBpQ${\0\0|YZo|/E*ȫ:9RIpWT*ߺ\"i(\0(\0NŏLM͙{k!0mb[{8ɵsnr6\0!~0x\'\"|[*20>\Z̩#쵷r*?b\0=\0e&\\?)𽠎kǌ$|r?BFHPB*mK\Z|\\AYeiI\"W$ƳD(X J?X@(\0(\0(\0(\0Oګ\n=#\"o6ptAd&Ls/qly=\0axWG.//	Bx!KkcbI6s\\Dŝ9#G\n?*\0K\0^	ܓYthH87VÒA\0\0=No,>	\0?nD|XuX--D:zl!Ha _8#\n;\0X~h\0~h>=OahfV	rdAs:Fآْ9]\0~xs|mWR^2\\yW3m\nnOw*?\0g;쟆[EI#4loC+\"rĞI&w}\0\'F\0%뚧CEx\0}Ps4A\'mk&Fe2yrL,\n?bυ?T_>4v>$r\\H+\0/#ʿ;5/k	D]r2#]Q&mς\\Yd	&՞	g\r|My&_Zi0kwlLF\'0Inm4=\Z((\'\0T|Bcʲ>/kV2}\"O1{K!eq+!OR\0buS/{e*>y\"H3oX\"36R6G?F&\0|Y0wGp\0iֱv˴BCI<nj\0\0[\'	C-X+\rC˽GZ@aOEHEbygvo(o\0MQCZ]7I>Ed5	K[XdzEʊ\0:ڟ[7\\#~2Os1~vC\n}fr6j1+?~4%>Ԍ}9ciJfVieqUwj?b\0rW-6iëy/7%7(U.H8au\r\r}6YY[\Z(PTUP\0\0\0\0cٟW%\0l/AOK_x7MDQ,M8O϶t]PN6y?F\0Qo\0Oegnm̲]~Tmf3G##7`{~?\0fOڻNu~Ξ?⇂@69PHuK+43IN.5~>v:O~>\0ޭg\ne+-F7$6o\'u}s¾*K`9ErVRȮW\n	\"Y#im-;\"kK\"1/=(Ӽ\rm+WWZ,aԴȳ[\Z22V%\'_5ǂ|V?|I~,(^׬DRXX#>`\0T?l\rW-|6\0g]f_^0Ug*<wh^yGzE*>|s*GxOėxPy5Yg\\K_w	oIǟ	u:[?[3C}eesrH%~-~T[??agwㅕg_xcMD})\00w\0wTQE\0QE\0QE\0QE\0QE\0-\0\0h\rMYPxu4|/#.1=ٕc\0Kofm\0ƚNF۶-2圜1Ԃ\0>\0:\0]\0x4Ьju\0׾~?S־\'ju\0\nsoN\0 g.}Aڀ\n(\n(\n(\n(\n(\n(\n(\n(\n(\n(\n(\n(\n(>_?OPTKԼM-!M;VUPnS.\0Q0uQ$W7n%\0Կbڿ.bgOؔK9%r#$~Q@\0#쟶\'죫]~rx$\nggq\rŹ\07ɕ`>\0֖~\"Su\r\0V|E;\r$\0uѲ:+2Gl7P>>w:\0I|drI gs<RMa}E~>\'\Z#\0\0\\rM/\"$?1ڧ\r	)/)aooo\rq\nQ\0m|	\0Nk巄mM\n9A;NCy}@^A ?(\0|\0f\'\0>\"dmk\0 R3k6-D?_\0l?,UT	xF϶Yv4M`pDx9|U_)ǅ\rh7&Wu&h2u(L\0r}}+ཟ߅[\0rH,$i&g`ʙBn<+eNA-K\'Chk{	I %#GNGݸȵ\'xy~ƟYrbv627-rHDy-O3=hV!t	#f$t1 cll~Q_?\Z\0B\0=#\0tj߲?YroNk_H`Pqhǐ^+\0_nC|/KNѾ\0|Qu{(n/->DHe\05og\0zG\0,\0տeh#VA?G΀?_[x߱\0\0\'4=>[YYƣd\"7tʿ5og\0zG\0,_/w\0\\O|ZC$i\0\r;3YʪBv^$J溘ynH w \0ÿ:|\\x_NV5)IUcO$Xac\0տeh#VA?G΀?_[Y\0\0\0:\0[S]a~\r7q\nh-acekZ/ٯeMD`.u@TO+_o%\rS!ԣul\\6?\"OߞL\"#Οٻ	GgG}߃6,n{Sq	oBC]0@//?O?*_۠W\0cw\rM%6DƑCFp/\'F,\0Ѓ@H\0\0~iz][İA5UF\0\0\0\n_\0ʖG:CIo!XaO$$sLdoߋ\ZTBCH0]AN!Q\0`Ѹn~_i\0#?ROh$dcV&\r[͊epUwRI]\0a!ڴzo?6-֥nUr2E~?Y?\0}ߚq{Y\0w\\F:u$y\0_T^cxN\"Ӽ$/G@W-Xx?\0g]n,F54\\n6:\r\n\0h>=\"ԟi#7QƲ6|B\0zn~[w*PxXc6?iGHѰ m=+go_h\0Syg_xʯ#&5ROޒ\0\0\r\0cO_er|m %$t\"	Z Vx\\}ähҭt[{8-\n(UU\0*\0`P#??R\0(\0?h|𮠄}n3GYO_Mrw\0~ɿƢ? ė3M\r.fbe# J(2O_\0|3\064N\0bUQE\0~?\0\0g\0͹-&%[D_?n\'7\nq\0eU?J~\n>(ƛ:.ag\ZWWpH$D`U 	_\0Q\02.~Ŀu@P%+di!X`%j\rs$_J𿉭˸Hh |F][d`RTw4WJN;;Ik{dP$n)IGr\\߰}z\n`i	Գ,s1!Ws.KŗG\n7|d\0{;]iqW-fG$nb\nY]E~	\0V^_Zבt[MMO*i|yFB^@o\'{\ne|\\$+n|=v4dCpZ\\o2Kl% Ӽު\\e!GojtK~?\'/~?9â/#P1\ZηA󴖶\ZC׌\0i_]ϯ^M2=I<9F>RO#\0aşbgo֭ohC*Fe\"K@#\rf? 7ſ~6~ߟϊ:mY4]5\Z\ZB*oկ3k~t/\nO]fa$1*`n-㴷(HB\"\"TQ\0vҟE\0V_||LVizƃJ1%Ѵr\"Ԣ?\n<?\rOu{[Y2x&ܿ4HcU|ۨu4-\Z,lu]*S;x-&YC$0e$AWJ?f~\0/I-uO^fJJkp~exTpW1$ӏ?	OZVB}A;Un@8P\0_\0:w,1x`\ZN+!w(nIv\\t.\r~~\0/͟>xLg+[.4k{OII\08eaec\Ze}MԬu\r7PnbYԫ+) H5b\0\r~,95_~Obofo1m;Y1㵎SH8b71ˌ\Z^oCh쑸λSP\rG\0W?}$k?\ra.q6PO,_,_|5-h\0k9vXn̸\r*^Q4[$\0r|EH6EeOU\"\'ex,xx{GP~E\0QE\0QE\0QE\0QE\0Wf3ǿo<\'8F9K;Ag\'9C_Si??1x\\ռ움|#.p@?\n5\Z?d袊\0(\0(\0(\0(\0(\0(\0(\0(\0(\0(\0(\0(\0(\0(\0(\0(\0(\0(\0(\0(\0(\0\0l	7~lqrཿK)Ok?n>1|+Ğmhn\rʪi\"Fs;d,0@\rO\0W?>,OYCޏ,?g\\Ks<c1RqQEm~ſJ\rK_|P?hm\n\r⹺u\nC+8BH}\09?~\ZnkY.Y{Z	.KV?j\'\ng\"\0K_yo<\Z&Vc	)Riэ0\Z	8\0oOC+GZmm{\"Rݟ~?*zQǭVoc|=𶡮kEj\Z[ZB,B(b\0&5i;SN3^GcJezEͥ $OsuaT	x\\YS~\0r~֟pt\0^ >o4o)x/(hxܑ[}ʼ d\0:o+\n=Jy\0~h56$sjomXieoKÏʛ-FE	\0;s\0ν$G^9н!$6$ɒf9?eW?\n+6x\"#͞V-,\02J,kѨ5QE\0QE\0QE\0QE\0QE\0QE\0QE\0QE\0SUS\0N$mO\0n?d|\"ojK~gy|iE-FԺQOco,\0\0ogNXශ#H$\0k\0?s17GeƕIcmIS)g\Z+SCrBC=䷙@U#$mLPW%e@};7̚+5\rP(G4V\"WH\'Eh4hGÿ©>\'|\\#5VF+BTy@Q$!sfl\0VK9VT/b:0䵺6yJs߁\nc\0C\0@S0mt]CDG!R;ny|dH39\0g/P>5xwj\'M*]SR\'_3aao!Mĭ\n.od\n!9\0\ZA\0-Z׼]v	p==K\"Y\"8USl_o2	R|b~8MsQ]L(o(eg_(0XC)Z>:lt\0hukb\0%Zƪ`\n_EPEPEPEP_?h[w¹>[\0|Uco`Ö=?_mm\07\0k\"ۤG*U\n;(\n(\0_AS(8o&gBXgмm;KoުdU!B̘\"fD1?\ZA\0c.c[\"LeIwrwu=G\0RC#!S+\0x?\0_Co\r:=N]v/\\HH7d ?\n+/<\0_\0\Z?gI{/&\0`-#9U(<-ÿ>?x\Zs*5oa*w̸889:\n(\n(\n(\n(\0_X	orKmcgWdfo-n\"BQp8؝\0eb}7I+Z_c\rIO?(F>N!#4\'G\0<\01iL\Zix2~\"n.f7rҿv8{dcyF;V5N#W\0o?e˽SkFP]Ihf5m&ԕmWɈaTzQE\0QE\0QE\0QE\0QE\0QE\0QE\0QE\0QE\0QE\0QE\0QE\0QE\0QE\0QE\0QE\0QE\0QE\0QE\0QE\0QE\0QE\0WgyO\0ozU߇+>/r̈́V4hn[U0n8e9icC{ZivZ|Ce.i	-mBDx*H#ހho	~/zׄabvidl2:Qє]~~6\n!\03jrj\rUv7C;4rTo+3@\0?|I)|\\wicXմ/DnͥM=\" V\nUV8Vٓ߳\Zk#|Suſ_Ζ\ZȦRIf$/}L\'|$Ox2uxveA#,+(\n(\n(\n(\n(\n(\n(\n(\n(\n(\n(\n(\n)7\0\'/_㏋^ kiö,UWԤ-mWT׺W/$8|7i_,\"|	is:<-\0Y\0xO\0xg9<yU^?&`d䳼.%yeܥJC|54O?%֧3K<X$	Xd@T,B#=8o\r?Ol [[X(aG(ª\0\0\0\0zڇ._Q?@m&9 2 h\r\r/^|O[O׼;ZG}j63װHHxe [5{o\0gO캇\0	<w+6H4B1.웈}Y+	\0b/\0ImĈŜ\"M_:}kE$7%lNnAtGҔQE\0QE\0Q^Co~\r_5/<Aov$Eo5py[kHK4;WEf\0\'\0\0\00&u~>\ZdksoK,hqW/\05}ǋ-Gŏ|g-MȤg!otK9س}\0\r~~9h\0ο᷂.Q댮88^i( ʟE?h;Ky%D(Ի9$z\'S\0(]G\0M\Z=\0~ֿۣ\0ߊgu	smp^9-LPʹ`6V̤f7jmxƟ~\ZjK[s;a3L<j(!h~K$?8A[m/^Iin$>KJz\ZdOi3X|#qeҧ\nLc~\0$\0ݯj(+L(-an{4vFFB	G\"o;}\'Gǭ\Z8Iqnڄ&\Z=R+T |Â_(u?b\0¾)\"oBHWO(bܬTd/\0߲F*-ƗI\r߇X#]OW=H~vn?_\0`*\0<\0_?-?ӥvE=i,|WN~U(@%\0~\r[Yu0Iu)lϖTI;&C?\'~֟K]s\rhyecB;GcwHbw4_G7|uFkK:m2: {!ɅG7J_rIe~,]i,ǒI?$ϟo\'\0E\0,\ro\'\0E\0,\r{\0:wY\0i\0iG:wY\0i\0i@\0F\\\0 \0F\\\0 ׿\0çe6\0\0\r\0çe6\0\0\r\0?xG=izM\ZlVV	B[DY؅P73*Z>+AWW>	h:\'MZ\rsNNo,l/!ex96:+XByh\0(\0(\0(\0(\0(\0(\0(\0(\0(\0(\0(\0(\0(\0(\0(\0(\0(\0(\0(\0(\0(\0?O\0Me={oa|>դj$5VB	2neeȄ?P~%T\\G->xyZM\0{h $ͻ5!~WĿ[$&\0Gޅx>O!R$s:]	6Jr}E~`\0?zo{+o\0\0N&;{gI6쟕ݙynV+AQE\0QE\0QE\0QE\0QE\0QE\0QE\0QE\0QE\0QE\0QE\0QE\0\0\0\0;~-ͩjaK!r1?v.y+~WO)~$\0OlZh<A;<ŏUq8~QE\0W[\rѾ$N\0-\0gߏz\\ͨE6kq>C9;ƍ(W\0KS_\0\0n\n?ϊ61v0L>ő`l8Y!l⸷9A$RE#!G ۓ	\n3noY𭯈Z[cF@%\rGe\0^jR\0c2\\.WWdGi2pށ[gM?r(\0K>M+9X̙<$SC_4~w_;\rOď4~-s&ӷ>`aVۑG\0_\ng\0I[\07!&v\Zö)\"8co2K2#~p?Lo[Km+Y<n\0iwmBܥlIvP4`/WټGVuH|#&!=#F62Ldz[!}&[X!b$q\"*\0\0\0\0SQE\0QE\0|\0<am}\06*IޠV_K`\r?lf	<_xv=-Z}8&\0><\0d_ַ_>$NUlϟO`[MuTo9?nZ?~ϥ60qg>T0ƱƹU5(\0(\0(%__M{;ٟ n~+|fQ|WGC6LR<{ӻ-,S-+e#?ಿ\\|[c\0C+&1yL\nKt8\ne{k_F/!^{f?i\Zx}w=:#7L/ڒDdO<exr4{k9%O$Yg[?(\0(\0(\0(\0(\0(\0(\0(\0(\0(\0(\0(\0(\0(\0(\0(\0(\0(\0(\0(\0(\0(\0(\0(\0(\0(\0(?*\'7[i{sMV |+cP\0,cF;?_\0v\Z^Cr\ZWM0	v}߼\0Ax1 d~U?x~Ś\rz^o%+52)WD`Uє*	\0_y|%\n|aAvXkg+>1E\"(VRQ<z~C\0n?fow?`%mn|%֗QF\"n#i*\0^gu\0ῌ|XmM4ne>|!J#.e O*+_^㴰Ǡ_ms&H34E/\rĚl0/c߱\r(\n(\n(\n(\n(\n(\n(\n(\n(\n(\n<Eos|27qgn.qb:s/*ܟ_؇\nawL:k㷯J\0}\'\0tK~?5t\ZT)enJ䌌wak\n߳O>.j+[kr[Ob%\05|h\0mf?%.-}WAo[u}YieF7\Zs\Zr>a!\0J@ॾ]CJ/o^\0n<2<Ə*Mf1䇖[8 }WOe՗[_xЫmxƳ38:Hr]C\0\Zm2? xʃ*FKfKs/#q?O_)V=WRǟ6F2E̠e ;0Ad-㴷(HB\"\"TQ\0vҟ@1?xA?ֿgNErR$	?d_(\'Wl:fg]ᘰ[p$Z(7\0?gz[:d6zg#fF^?(nvu ҏ\nKׇu}R&<k\\rH2	^?d7>\ZφtjRjK\"y*2\r~k\rxş!O<3x;Ӭ}ŉbQ-B~Q_:gq\0tme~r[լK85PO_st!R/{EGm?hW%Rpb-q6vbqG_K\0\0~ο\0g_ٯI\0OO{+(fD$K8ƹU\0w\Z#K9X¬\0\0P\07\0wEVnW+Fdb_>`-Ϝʂ\rG\0\0K{j~xƞ*<]i9<zKL`\ZG ϲ=F?!^|\\7\0WAj5+̧΂Y2Ke@D%[2 ?_i߳\0\r#%\0F?\0\0\Z\0~ ?_i߳\0\r_\0[2\nmo~Qwg Ӄb#	\0~WF<\'ѓu֡&;cE\00ƬxU\'\0/)&.	=m$ߌ4wn<|5o@\nA>8.:߄Dؾç>i`m?Yzy(`>=K9Լ>_okpZ\0oh\'%oX&~/Α\'\'C_~kw.5r@0$\n#L\\G߇_i~𾍦x{úYnlPh\nأ((((((((((((((((((((((((((((O\':TqUaZ(~3?9_~Ҧ\\,3>Ql|ʖRDR#$~!\0ܚ̚>6[\rݵprvaq(gvͥ&3}x^KbY/e<n҃⡇GGi)~	xI,ƞۺ2ISew\nU\0ԵŎHAۻLLbv!s9I<y\071pA|2*<ӌm\0ټe煮\Z_-	v[̻!U?MkcIۨxbG#{qoݼK\ZIQr#>xS]B mq䶡KO5Z&sg7[|vUVD֠lz=81V?%؃Α\0[\0k?ӿO\0\0H\0z?ӿO\0\0H\0z\0c \0V\0Z?%؃Α\0[\0k?ӿO\0\0H\0z?ӿO\0\0H\0zzC\0%؃Α\0[\0j\06~zM/kVmCjv\'Y:g\0y=g\0y=!\0F\\\0 \0F\\\0 ׿\0çe6\0\0\r\0çe6\0\0\r\0o\'\0E\0,\ro\'\0E\0,\r{\0:wY\0i\0iG:wY\0i\0i@9\0u75Z@p-|2\"\0_\0~m|;^.%l+8cr9v83ӜWޚgbo㺳~]BsID=2AW?ŭt\rH훬Z}vџ;hR?9GdU|tW-\0k%*6(Ps\0)\n$<ض	|W|br)\0y\r0A\0ಟ\0UR=-/[qӀ\0w)||SSIqiZK#%CfɆ60A<~@tlM	|zoxOgmđ7݃<{|%L_<=AfGll/ԍ<@G\'\0\n(#%\0F?\0\0\Z??_i߳\0\r(#%\0F?\0\0\Z??_i߳\0\r(#%\0F?\0\0\Z??_i߳\0\r(T\0k{\0ZXZ7r\0I*Ft\0d_|ҋM\0`2	Aז`(7\0kO3̳MkBeQUq\0e5GZ\rww>6IMu;7ar.<Fs,3)=/~\Zt=3Ot}.K{kHac4QT\0\0\nТ\0(\0(\0(\0(\0(\0(\0(\0(\0(\0(\0(\0(\0(\0(\0(\0(\0(\0(\0(\0(\0(\0(\0(\0(\0(\0(\0(\0(\0(\0(\0(\0(\0(\0(\0(\0(\0(\0(\0(\0(\0(\0(\0(\0(\0(\0(\0(\0(\0(\0(\0(\0(\0(\0(\0(\0(\0(\0(\0(\0(\0(\0(\0(\0(\0(\0(\0(\0(\0(\0(\0(\0(\0(\0(\0(\0(\0(\0(\0(\0(\0(\0(\0(\0(\0(\0(\0(\0(\0(\0(\0(\0(\0(\0(\0(\0(\0(\0(\0(\0(\0(\0(\0(\0(\0(\0(\0(\0(\0(\0(\0(\0(\0(\0(\0(\0(\0(\0(\0(\0(\0(\0(\0(\0(\0(\0(\0(\0(\0(\0(\0(\0(\0(\0(\0(\0(\0(\0(\0(\0(\0(\0(\0(\0(\0(\0(\0(\0(\0(\0(\0(\0(\0(\0(\0(\0(\0(\0(\0(\0(\0(\0(\0(\0(\0(\0(\0(\0(\0(\0(\0(\0(\0(\0(\0(\0(\0(\0(\0(\0(\0(\0(\0(\0(\0(\0(\0(\0(\0(\0(\0(\0(\0(\0(\0(\0(\0(\0(\0(\0(\0(\0(\0(\0(\0(\0(\0(\0(\0(\0(\0(\0(\0(\0(\0(\0(\0(\0(\0(\0(\0(\0(\0(\0(\0(\0(\0(\0(\0(\0(\0(\0(\0(\0(\0(\0(\0(\0(\0(\0(\0(\0(\0(\0(\0(\0(\0(\0(\0(\0(\0(\0(\0(\0(\0(\0(\0(\0(\0(\0(\0(\0(\0(\0(\0(\0(\0(\0(\0(\0(\0(\0(\0(\0(\0(\0(\0(\0(\0(\0(\0(\0(\0(\0(\0(\0(\0(\0(\0(\0(\0(\0(\0(\0(\0(\0(\0(\0(\0(\0(\0(\0(\0(\0(\0(\0(\0(\0(\0(\0(\0(\0(\0(\0(\0(\0(\0(\0(\0(\0(\0(\0(\0(\0(\0(\0(\0(\0(\0(\0(\0(\0(\0',1,'2015-09-28 09:23:45',1,'2015-09-28 09:23:45'),(27,6,'1','DELIVERY','\0JFIF\0\0`\0`\0\0\0ZExif\0\0MM\0*\0\0\0\0\0\0\0\0\0\0\0J\0\0\0\0\0\0\0\0Q\0\0\0\0\0\0\0Q\0\0\0\0\0\0Q\0\0\0\0\0\0\0\0\0\0\0\0\0\0C\0		\n\n\r\n\n	\r\0C\0\0n\0d\"\0\0\0\0\0\0\0\0\0\0\0\0	\n\0\0\0\0}\0!1AQa\"q2#BR$3br	\n\Z%&\'()*456789:CDEFGHIJSTUVWXYZcdefghijstuvwxyz\0\0\0\0\0\0\0\0	\n\0\0\0w\0!1AQaq\"2B	#3Rbr\n$4%\Z&\'()*56789:CDEFGHIJSTUVWXYZcdefghijstuvwxyz\0\0\0?\0ډ~)j1=Q\nV_~\0B=Z5ziaZz~z5	61d`2HO@;UOrQz%j0ZY!Ll͌S+oşdu5rUA}r~U־3WkdY,td@\0Cr1^we^\"Y-Zy6q,q oa\0p	~Q^LuN[w&piʖ;Z]/t?[ZeӤTa ӎ88{?<VPiR3}Co{gCd+ddI	p!f\027dc^e\0S(f\\Ҍ=~|;?7_eu..v#V\0+:Wjr-ՍŒgy\0]4nʲ1A=>\0l/HԚ=\Z׬R0[9\'\'8ڸ\Z$B*OK]vkϧqNɯt~]~&,rŗSP)-qj eg5j4i6@\'?ʊъ$Tp5\r,#\\lXGM*\0mxē{d#[{^hcEqk^U?\"q?(+øTxr-tIvwqtYa϶NI_[w2\0j/+?o4+kPgNB\'Wx܋{KTmEC\"J\0pJzƋ4{k(5v$R45ډ7%8l7\0c#**\\Mݸ4J^玳lvЯۗѲRVM5s&vkyyi=3h Nc:⢶-V4е;Xℴ9;s_M?7ڕ>q?ǂ|ofwUi}5SձZOkoo?ީ~6vw@Hw08`2qN\Z\"ԡY1FYJ*M\'+XGI={W_\0ytFlmLQBǜ6<?6gtx5}n\0un(ޕM}-g=5\ZAGN}Y2ʭ>VV<zW_\03Eyo%0MrPt,&5^Ko/:K[{o[+>ݧ!G ^-{y*zէ-:s؋㤿_̲\\N]LmV8$׸,hr	M{\'/4Y.xW3E Qw;]@|ۺ_!d3)ii$)+y\'tSu<%w5xn.~mY6i[x뎙[[$g;SKkӯmgI]⸺\Z5a?#d8 nV쪬yt<GOZOq]j^=ooIsCHF<v\0\'f\rmtPH)_|$zWWlF|!++J:k5I?)%PqOykm#{K4>?%fMl_eҶx><OKN͆[C%F8H\0FӒrp}\r}u\r7◁56x6L@I>Y\\\0s\'=1\\g}f\0՟öst-X}ey#fS%|Q~zuU*ҧ(R嵚_ٛ\0>i\'tk5Ĭ\0%n9?_j\0i%>mkT2ѤBQ]1	kgrZ/=+\0ĭ1n拡V۴׸I8#FB!ӯLN_ģ_AG\rKޭ?~|Y]-z}f̒Fp7{ExfkɼEj\Zn\\N~L>TeԵ\ZAkkq2eʩݜ.k|{{kFY-qf\"?O=\0=p+atۦ^Gf_*Ӽ+uM_\'u\0:R-š\0W==dg+ߌߍ&uG=W=qxWMŏA;QT4o1C/-	WoWU\07ȲD\"Y7e! s4V0iFo̚QԳInViϜ\0e<ĭ1Y}hUwxW 4jH-+\\3)h&8	5俳/[o@oYMoTCEr-Y]\0w*\\k<#v_wC\r0O XA|/~׈s̹GOMRwއeG)<.Ze[ZM4g!$6@2\"Ӛ}5dY\Z20*u)$9\'W55Ky4$Bg8DWԖo/xo	p\0h$]5Gsk);bUmKx:R[k]$1$Qx_p\ZJ:追nv?e&w.WW>PK_b\00>+5O\"ܔ#,>D!rXXFPu~K\'t[\Z=F5@J$`M\\Mi_]u-7Dn.bv43G3Fy<U<¤\\mFګMkm~FbR.wwiix%ｼϴ?eƍ8%VF!1@1׶+O	\Z`4p6`9\0=+\0+˯ٸ\'i ~Iźq}_>v: ּ\\ye+=tz:5\ZNGU~wwfiU;H,>خ:Tᮑ-lu?wK$\\oZW!]m	I+p ֹ}:\rޟ1iNܑQȉ5l#\0b%¤\\js(iJRM[Gxz\0c\0HSS:W\Z7|=}.\n[mof|,ɧìm1I=$;ו_Z11i^Oj\\7v,U>G;.o.O?mxo࿃~س_-\Zuk2pn9<W3_=\r7G!_il\r4g G8\nw{\Z(χ/\nǢ.y%گnvHO\'r)EFy$uK-\\\\_Eb0@N@!X3H\"Y}<E>h9-R\'=Wy4\'{ӵω4^FG	 <}(m%{8W쳷~HnQ.ۛ\0\"!1Q{%\0\'K\n΢@D֩[c\0agq=a^q\0ֵ}\Zφr}R2\"rZ|1\0]Z>\"R ]Ckfʠ{02BGnI7}֧Il|טG5ϖDc=t\0ח/ԖxaUiQNBI=yxxMZ2\\nnRNijz]武ϲdKr@QN>`28<=jKY5OKfؚ5ԥkU#_4M5ĦP3@A8{׻\'ĸ\r2;uhܞ7ʤAx_CB@jײn-Ոd\nK|(xɵk7ą$nUMה+$ݗOa]A}iRJ}mWkVp*2T+^Tf-i$QcP\0=J\0#(yavd@zNyqҾ\nOz:6m\0CУQ~$O޷!	/}J]n#\\S6YXa|CIuI0Gn)oJfb\0J)%wk\'.<5_2u/\0UnG85߁^&+Nd]\'TCaZm<u=~R,AD&\"JAH1]Gmok7Ji^xco)\"ʆ ;t?G-jaǑ9sWY[^[Igk4~Lsf]ǷfY-VIi򳽑y?B%Y=uj6wV3thVgHwn42\ZʪNW_R+X\"S	\0%o(d\'O<WM>fiQ][E!h$|ov\'(s	F2+񏄼W$x3gp{o /k99]\0|\\[MMgnYYS+bۍà#8Է=k=j+/}f\'=&׊ZM4i^L#2Kǩ\'>}]MKxyʶc\\ƍ<v`AvxkzW-?LY\\88=>\rL<%Ii\ZT6syBB8xndC _?|\'\Zw&^B\Z}AW̕1&IinqC&Dhv[7E,lz8o~w_W}aaԹ?Uϑ&Og+5ūdr9_Z>\Zc/9Ls׿[K\n2k\r~	0e݅\Zykh|\0̗4X3eolŻM\"\'i$}L~>\Z}n5\\Nu?6=ZG[XñcXVC^]__c0͢oW#7BC7N\0_ٻAe#*h\rìc0^?,Dpr#/>噆NT\0j/Xii>G(%R]SI-O/sRXV>b`s=(&Y/4kv=J?q/r\nmu1J	y<Uxٮ]j#LɷXI8s~9Gp\Z$g^ն\nvз\'ztYnceU^N㎽}ϡ޽XS,խ:mzy3JZ,0tP\0l0J8)}VY[Y(C1^9}]28V.p?tQ߂<w?Tgecϝ;g3[eA1r9|5τ7/o%q/tܨ\rR7\0nʧ|i]pVE!XZ8nhVUh5NTnx5=7=ppA pqj|\'9ί>?>	Vn$6o\"$ˎ@u\0\0l:o-l4PL[RkHrp3\0I8ٟԡ\Z[{<MNu\nҧw޽C>9Xx~k\r}滍\Z;E_vc\"6p\\waߖolTr8Sޓ\0N\n&?Ij銲*?<V/O$m>4@吻rF>fQGO:?=ͳt]7eX[Jәb%UZ&O´<)HZ5 1#w`;Wia6vc\0j-]*Rv)8㎹zSxѴgۗq\'|YX+EO,M=',1,'2015-09-28 09:53:41',1,'2015-09-28 09:53:41'),(26,10,'1','DELIVERY','\0JFIF\0\0`\0`\0\0RExif\0\0MM\0*\0\0\0\0Q\0\0\0\0\0\0\0\0\0Q\0\0\0\0\0\0\0Q\0\0\0\0\0\0\0JQ\0\0\0\0\0\0\0\0Q\0\0\0\0\0\0\0\0\0\0\0\0\0\0\0\03\0\0f\0\0\0\0\0\0\0+\0\0+3\0+f\0+\0+\0+\0U\0\0U3\0Uf\0U\0U\0U\0\0\03\0f\0\0\0\0\0\03\0f\0\0\0\0\0\03\0f\0ՙ\0\0\0\0\03\0f\0\0\03\0\03\033\0f3\03\03\03+\03+33+f3+3+3+3U\03U33Uf3U3U3U3\0333f3333\0333f3333\0333f3ՙ333\0333f333f\0\0f\03f\0ff\0f\0f\0f+\0f+3f+ff+f+f+fU\0fU3fUffUfUfUf\0f3ffffff\0f3ffffff\0f3fffՙfff\0f3fffff\0\0\03\0f\0\0̙\0+\0+3+f++̙+U\0U3UfUU̙U\03f̙\03f̙\03fՙ̙\03f̙\0\0\03\0f\0\0\0+\0+3+f+++U\0U3UfUUÙ\0̀3̀f̪̀̀̀\0̪3̪f̪̪̪\03fՙ\03f\0\0\03\0f\0\0\0+\0+3+f+++U\0U3UfUUU\03f\03f\03fՙ\03f\0\0\0\0\0\0\0\0\0\0\0\0\0C\0		\n\n\r\n\n	\r\0C\03\"\0\0\0\0\0\0\0\0\0\0\0\0	\n\0\0\0\0}\0!1AQa\"q2#BR$3br	\n\Z%&\'()*456789:CDEFGHIJSTUVWXYZcdefghijstuvwxyz\0\0\0\0\0\0\0\0	\n\0\0\0w\0!1AQaq\"2B	#3Rbr\n$4%\Z&\'()*56789:CDEFGHIJSTUVWXYZcdefghijstuvwxyz\0\0\0?\0(\0(\0(\0(\0(\0(\0(\0(\0(\0(\0(\0(\0(\0(\0(\0(\0(\0(\0(\0(\0(\0(\0(\0(\0(\0(\0(\0(\0(\0(\0(\0(\0(\0(\0(\0(\0(\0(\0(\0(\0(\0(\0(\0(\0(\0(\0(\0(\0(\0(\0(\0(\0(\0(\0(\0(\0(\0(\0(\0(\0(\0(\0(\0(\0(\0(\0(\0(\0(\0(\0(\0(\0(\0(\0(\0(\0(\0(\0?x\r\0T.<IPI\0dH(vo\0?૿>\0>/-WO%E2E-ġFG	7\0/\0	եw\nZ_Et#	e#n<v y՗[sXkv%:3_M\0Qu\',\0Ŵ]Z\\Oryp<р\0!WlZĞ0\rBl׭\"IwݢFڍCO\0PfEh:dѿ=8M!HGr_K0ʚVj[2\0k{wQ$\0x$W;5|Q5<GZQnV3[pHp?Nx#DKZ_Ȅ쇝\0|</?o>(xJ64=zɟ;CNIP> F17z².eD\"o~K_xK;H#\'G?Eab;h$\0ĿFg\03=-SNZM0UHߎ1po$/7|ėSHUrhAo8o\n?੿SY4?oI.-W227qo\0`uĎK>ڲ1k6qu$1k^\r~Q@2|q\0k9qo~Ն}v9;2ën[ˣ\Z:ͷ-ms1xƿ_(	\0d\\`\0;q\0/Y/??g\0+o3ig+4\r?>WJ?g/1l<w>:|>4\0-#`F:1s\00}c? vd\0??}\0q.=vddӿg\0C_P\Z?*\0\Z~?\r=e:!.NF>A݅\03|-_߰7On^`A%%7B	5E\ZW[Z/G\\S%\rs$d	@x+|\0+ğtl&4Z\"qVi2:p0	<u\0,\Z|Ejw$\r)df#ǟFCQ_tKK5,f,Xrs*OP?h?:LKd`\nB҉0>\0I߱U;L_\Z|CG6w֒^<dQBRJ.\n(\n(\n(\n(\n(\n(\n(\n(\n(\n(\n(\n(\n(\n(\n(\n(\n(\n(\n(\n(\n(\n(\n(\n(\n(\n(\n+?k_(SA3¾HB@1Y\\q6=E~T~?{o_x?~\n<{]OYcX.̞[\0?osw\02G\0zƙ\0]kWʗwSG?9뀣J(ڊ{\0V	5՞9QU 8 M\0H?\0:\0~ #ڛ@_\0tG7#\0\0(\0\0joF?\0uQ\0\0+\";\0\0GGDwS1\0h\0?_\0cW\0M\0H?\0:\0~[\0 >hE[X~;Bdo$+\0z/yE,}mvqleyac>`\0B pzn~_)\0z,m\0	FIٔhkڤ6d\r}9?3RAѧy.<?dϷXtRxhQ)E>7RL^vHFY}Q\0:||ZԴ/~e;|W遜yg/?_أUvw2)tCI\0prV@H$r2+鯄K#!\0S#t4U]s\\ƉyjW~7WW20[DYwbUTX\0?ྟ?m/\0í#EF\Z?#̾[*I>4j\Z`\0S?\rIEB?icUb0(\'2V]o&5\0L[I>={|%/,0iV4GBL,\0ƾ3_58~њeҮk4i>02C-Br?x/d[\'\0tWCCgc\0rǻǖwbYz(((((((((((+m\0!U@Z¿<_$m?-u$&,\nMzY?ཟX_C/O?<^nӯ.Ev[P\'yee\\E%|\0\0m	o.i?\rڦ\\]ЈC~T	.d\0b#@9f\n(\n(\n(\n(\n(\n(\n(\n(\n(\n(\n(\n(\n(\n(\n(\n(\n(\n(\n(\n(\n(\n(\n(\nk.\rBE\rH;UTI \0	?X%Jmώ.Owv}x!a;ż#!敂)vOϟگ7?য়u\0(NikF\0G/	BX̛I<\0l:\'\'O\'~ċ~e+3XO1nTdh=\rg\0\\߁.<Wu$i]SŚ_!ϙGN:߱o\'gq\05cMΗ\'ſ\Z[G6%c2J# \0>3UkcMZ)\Z|7o;IT[v&ẹQ\0i\0m[KE?#ɷ~x{(ilgk;\0\"\0ZCusoQI\r\"FuluI\0O?a\0e|#oy3\\yq=܅&aK\0s_d↸^\\]jvvCnӻd}dh\0\\a?!y\0(\0\0?:j\0k\'1iA>Yj[]i!>$dG~Q@ڗ3De?c\0?A\0RƟu\'2Il2I-%$Iݑ\'\0IA~8g[wtQA[M[	ɘW~?ݯc#|LgwG!0K4J3䐣xEPz\0\09xo\'_^}C2 ˇy nU8*y]u~[e%u<A_V-<V!g\'<	\'@<l`\0+&\n(\n(\n(\n(\n|뷒\\_hMĠ{8w\0\0	<>֢;ֿd/$Q_DnUgphlu?M/vN?xLw|6\Z3?S^E_\';%\0g?Cx~\r{1ϧ\0_o6|D׏~薻&k^\r\"ZZE~&YP\nvEV}\0j\0|3\0N%oe_|CoF<c0~!ܩ$L6\r1Sт,6b/#_*gnA,:<% rLQa$0N\"-\0UM;w߳N+EokWZpͺZ(e,fڱ\n_f%	/\n\0O-.tҟkX}\ZcPq4>ImmmcX$	H\n\0\0\08\0TV/)gU~(z8O^$+2iu\rx4o;{};g%XKapyhB\\|x/G{\ZNhF?QK[T\']O(\0dOۏ?|Y\Z/4ea.ld .@ sӚzB\'.7Tᱴ|?{1{dQU\0?^>Ҿum;Eį\rڤ~?83Rų,w/Ep?Mko>2|m˓^iw\"Q1ʟ~)tUp+((((((((++_J\\]GēWDMN?vn\rV\Z03  ;\0vz??[]xKӣKA`гBlEGR%\0\"?E\0V~ϳ6q>2m\0H<,:<lw0,623\0\0-AI?jok_oƇVy5xJZ~DL1Gȭ@ (\0(\0(\0(\0(\0(\0(\0(\0(\0(\0(\0(\0(\0(\0(\0(\0(?/-{Ǟ;-|7}SԮ;Xjf%T*İ\0qZ>!h|:E麅K{yP<r\nAkwǎ3$щX`) no.EaS\r-d\0$)mK7ӱ3v$8و\0$(((((#\n9\0	\'/Y~(x\Z>:w߸>U\0ff`\Z;\rtag_^BL#j$b8ᦚMbCMQS5h-~	#O,N[vLJy]d#$a\0>o\0⿌a}\\G-ᯆ$Mu]\"+x4<JD߲/i}k\Z?n?(\\?\0ޘ[t؞jVe/*kSD>\0!o\rkO8u27\rn$#|(!@)e]CƉgv~ֶ,0[D#DPUT\0\0\0\0\nEQE\0QE\0QE\0QE\0~6\0<_\0:~џn/Ci>#cBpe{[>~8\0Vǿ_i!όSz鍿{g!kķ\0\nC#\0Hc\0(\0(\0(\0(\0(\0+L|W;|\\<LOt忇|v#̶˃oƛw#Kod_؋L|Lf:>\\&\0om\\6|Q,?	\0B\0ԫߍ^\"F~7#.^Ipj_/bIVC6%ڇ?ѿV\0iMrhHR~((幋WAۀHߧQ@^EPEPX?xg_5/?<7EiwvIrZޢ?!\0h6\\>&]|Z+k|yju,1o$3\"2O$𓁄^Er/?b\0.ē8\ZG[sAс<\0bdj~9O5Po/\n^2𾪸5k4r>O*F\0@|\0	}ԗu^wm\'\0ބ#*px \Z+?+|Q/k_zi\Z-<.*Gx|n#G+\0._N!M};\0HN\\*<KHJ*ZeŽK< )`]Xd2ApA\0QE\0QE\0QE\0QE\0QE\0QEzǊ<MYh~^H#+*$jWjqR> w	2\r}\'ᾁGuK4$aOqʑ\0~О.\0~ܺ/7Twq_|Mh|[!x3.A	]NRW/9GG\r_\'e嶌Hr;]ݘM\ZQ@Q@Q@Q@Q@Q@Q@Q@Q@Q@Q@Q@Q@Q@Q@Q@Q@Q@~-^ \09>߶#[k^G{6$p2PWζ8TcK\0\0%|#\0p+>_/S-Kܕ2C 80(2\'i>4&~3音>|Y5嶥gdE4`\\E<s\"x,lu]*S;x-&YC$0e$AP(\n(\n(\njq}}qogggO<#gf8\nI<\0*xvV	mJ:3+/¿`pAȺP\0\0MM\0nyy೪C?5S^+\rjP%\'s9 ax@D\'?M_\'O[G\":\0Hc.t) \0R,Vq[S~\0\0\04zooK/cVSokwڥլ&g\Z\r5,>U*\n(\n(\n(\n(\n(\n(? oEh+ oEh+\n(\n(\n(\n(\n\0\0Y|_ź5-K|X[P@\r v#+\\9|o`\0at%=?v,_ZidE.У1LF|\0\0@j_\Z&ҿ7j>\"od[(o5Lf!e;K#{	1$k<Zk>ו/|cERj׸8ـamJƄ79r~`(\0\0?/Gڇe¾2jzvvHBϚ\0W?OȊ\0b!\'tQτT`$ٖRR@?Gm(\'wv7ůi~9\Zj&;ke̒J@إs(9\0迈5\0eoegu^\'!|ŵI\nORQu<wE[|H_i_WKq5燴ı]Ơ*$*>Q\0\0\ZJ}&[X!b$q\"*\0\0\0\0@ȏXM_VV@ha2zyqjL8#El\0}?fUۆ4<9Y(gbB_&@֠v,П]ԊBE#FW qk\0E#\0\nv$Uo(u7syO\\~_?M{g+=\0l	(3cloJ([_Sƛ{T|_J}+Z޽kb$2oЫ:|9\0do]ɴM-mq\'͵Ԯ	<?(J\0\0|]\'mkΠlM7E.a5GKwpp̑ReĐ?د=xfB5+#a=]A\Z=5/ǶE//>4i\rĖz#d1=kd,73\0\'/GB(nk#	J9~$\0?K84\r+ǞO2)|?.Ճe7r}\' tW4o?\"y+L;\'y^\',^DpȪ@rm%@ā^,o|{5٧⦗\'u\r7PJ`Y>ȏl\rn.P\Z\0Bz嗉{]GM4{{iVhn#atu$2 ժ\0(\0(\0+/o\'gE⤟ؾcUݻDF뗐0XiLȸ`W\0^୾\0IxČǋ@.5~sd\\|;7ɿF%\'o߶|\ZƏOI~`2̈b]pQ\0	},94\0\Z>#HϏ5\'LrKvi/%Hf2JIoE\0QE\0QE\0QE\0QE\0QE\0QE\0QE\0QE\0QE\0QE\0QE\0QE\0QE\0QE\0QE\0QE\0QE\0QE\0QE\0yy|<\0~\'xv~\0c$s(>])\'kʳ){iGW\Z~,~>*ԼİnTIN(C4ͅtk?\Zk^\r񞇦\"k=KLKowv`{0U \0\r?\0\rƞ4\0xWĖ{VRyD=A V\0I_~|l\0W:_xZO؏ź<CᦔK}ɥ*Ef|#Ub j?k_\0\'?x~x[J\0/) 4nQE\0QE\0Ma?\0_ĚƣFg{JXz3L@c߯?,Oy+mľ5IgɒX%vȦCahI*$\0\0?\r_$esOxR\r20BIj8Rp<\0X_\0iM4ڳ1	FZ/8KdFyݥ1cbq[wQE\0QE\0QE\0QE\0QE\0QE\0~@\0/\0\0UӿѬW~@\0/\0\0UӿѬW\0QE\0QE\0QE\0R(\'\0??+xfMgk:T\'Uޫ_sX]Z`dKK\0pG_\0\0^;><jGYk#L=w-FQl\Zn(x\0^(ZhQE\0dfo\Z>mSԯl6/RqNUAb5/hyk|suus*HGv!UUA%\0\0Iß><ApIׄ\0bzĚhkAa-q 240>|!a^\\|M|53neit.:O*\"VH!,y_kᝏ~KA_;IKhw`#VH,Zg\'\rl|;\rY٦m!A=Y$I\'(*YxgI5+]>ʱC\n+L\0cպozԕ:G!\ZA!yճۃ#\0P~,~x7VxFѕx|oneHU7@\0?d\0{X-Z o̒Mn&vLV\n4\0(.fՆo\Zi\0,@\0|#sS]F89Hk!\0)_c\'/1~?ns=pGi_3=Q.k3\rmOľY#A@=\0Gŏu8ӯGtu\rhӬu\\pHSww\na\0>;1K<#q=\0\0oɢ6&?ReEvrIbJ\rmaʡKGs2}\'\rF_<!kBUҕ|C_.+s-̱[()._&~7W}V v6\n\ZiaWA47|T-a0jRMS҄w=NDUѹX\ni\0\0\0zƱ#⯁]Z8c6ףpKH6HE?\'\0D7\0/?un\0z/_	|n&NOYkGUygGe(QqľbI\r~\0Ze{x_WY0IF\03\'\r~~<mo~&{[/?-\'%嶝q4r^oDVqȯ\0\n\0d\0K	=gυ?xĿ\0Z$ş|b/[A9$a\0R5KO&v\r%ݰ2p	@CjO0~krܟrC9\0~|`ۋ-t0:ם|Cv\0t-X}ġry\'\0L\0ToJo٦>5KjdǇa}Wr#A0if?,jGw7\0\0߲soԾ&j>?x\\ڃAi_zuIQ7DP]_m/)Oߋ6xcyx\rV]Ԓ~tPp53,m\nѳ\0}\0\0^xW-Pj?rY\0Y󵼅MӸd\0\0VCs_k|BU]|5kLE&*\0Or<~|+ᯎ?x;]Mz]ipqH8 :8 :MN(((((((((((((((((((((\n~ 4+UNKK;Vk{dR)*UI\0+\0<>-j_\04pk_[L ]ldܜF2:?8?p\0l/g/~w\r\rr(͜yb\nys\0\0FV\0e\0X\ZY[3ۖ0K!F9	Ow_IV\0W.-byJJ>\"U=+M.RuVeWGRUH \0۟\0aōp>ѦeX	on7M;䴀HG\Z+k^gDxλLx]NO&R>V[<r\\[?ggv?oӡ9U/ˬ3rw\r?¾?>J,]Y\ZJ;**)gړM\'ǅ M ner$\0,~W	O.M_>_\Zo-Vf֬܇xH$eE0[\0]φ?T+I</4|9բ}^M,%{G`ko],X;\0X((((((=[Qe*w5~=[Qe*w5~((( R<a\0\0\0u7=s◝pFD]CEqPG˶Y#F\r~.UeuK< r9\0~QE|m\0f?f\'w\0\'hv\"Milu-eڦJ\Z]V\r{\0\'CWǯMyg\Zm\n͸gL\rʃKeP|Gھ\0\0ugGS[8MT)ϛI4A\0\'>cV>Я	{b y }m	\0!Hld# ~?g\r/ud_6T*\\]HĴr̀2p\n?+Ggi~ߴ\0_\0|Ru?s~ڃ%\n+8~Y/3W߳`/O{;-?_h\0N\0L-J[_Fߴq/\"2ݰCof8:c$Vſ[f_)d.^w\0\0k|~U/\0/$\0|y[l_	?nߴ\'ƿ\\\rK7z]ЦLxʫ@C\0gÏg(kҥ\rݯQvyD,`Dʆ</V\r^jV@w>w[81q+HHA^r\0L4~Ϛǌ|7nx?-h>ki7R[vUzkdT g8$\0~zx5A>\0/<7KOִoP:,er#e^p\0\0r\0j$o)1bVE\Z\0{M\0q?joI\0~u^PG/\\hent)w˵wIH:Āxr\r\0M\0xM=\n	\rBmV\n囌9rX5\rO*+5?$\0oOrGR*ys	!?1$}W\'cCC_/(|7.\ZwLcקpE~Lr>{>u?ٿ\\֓ny_˹PJˀIIÔ\0~YCqo,s΂H$FC8 A\0u3o\"w/Ciwן_xO?ٱ)pne\'m18H+_4xgEx7U</=20:22e EM{\'=-|aU^XGwo*t%He$RN Gُ߶s*	\0f}M\rl\ryAs4OV*+\0hu>\0xIwֵ+-*S,QՄֶЂx/,E/VyFI_\r|[.9d$\nTmRelH \Z5:\n+?ZaFo<Qo39ˇΘugh\0wú]6ivemco(@UEU\n\0jW_\'?|LI+ie	S{&;Kdb`dQb	\Zow\'|JIރvuVђ<a\\՘+2JĿ7o8\0jocIA{\r~\ZO5X,+\0&iRN0d\0,?lOGX.~|4;^bGjceSx.7Ӭⷷ8-AQFR5@\0\0\n8\0_\0<Q|%ּ	:O#\rC(Id\nnc~m\rou|b:~jn]h1ɗ`,Ud(G#8F̢>j\0i\0WT>|7u+d,`ѱlZ6~,KY>!_Kռg-Ji#KpBڸ¬ 277\'\n5*/쟡Pa,<?FrI|j*0>(\0(\0(\0(\0(\0(\0(\0(\0(\0(\0(\0(\0(\0(\0(\0(\0(\0(\0(\0(\0(\0\0`Po+/\n]%nLKk.v08`;l~)Ex uI+OwMȌHVF8HaA|^\0\00{f ѼRg\02\"uCNDXnUWKin	x\ZAV&mk!W;|܄ǒ;q\0hP(;lx/<\nbAWK5Mˌ8?uʲ~\0m_XOٯl:t=.\0.cYGș	]vCy.?\0F\0IG*-cXRf_$̹n捁\rѹF1VZ_W ?ZmMКOsxHn5	\0T/\"\0HD2k	?a/g\0c/\0,z/Y#YcD-FwYF?\Z~oXAuk47VQTaeaAk\0n__c׀+^_d̖WJ|CF)LвG\0C~ݟIWlv<l#VX\'ȄN/\0[698~_?K?~77_~~.NҮH0JE*aRC??O^(eo\rC.n	UtOH@wQE\0QE\0QE\0QE\0~@\0/\0\0UӿѬW~@\0/\0\0UӿѬW\0QE\0QE\0V߉/\r[^.4\roBkCSnV!՝؀ {\0\0?\Z/?&]2Q^0٦pL>tn+w2E-YL$oCM^kzVQgd~c$tD1\0=_\'K\0177]ᯃg揣iWvT=V7cW/$\0\0z\'\Z\0<}V|X㉘4ZZRKokXe0Hy+;+\'{~Ǉ|?\nmm%c\0or	9ݸ_\0Wg|l˿o9v~V40\n^a\06U$[Rd\rk:ŵL7*&N?xH}\0EaCMCkkk\Z1 HEUU\0\0\0\0\0\0`~ǾOk?^x,n]gnZN~a[l\r4Gм!|X4!Hblræ+\n(,w>k*|6<i9,\':gr~ArCa Op\'_/|Qe[-f؅빤kr#̙B\0Uof\03\0/\0c}jW㏍8Ox7;W5A-fl<I\0G\0j\02xW	eRԯ#\Zuk]ǵy?xBXbIyc\nEP0(\0(\0(ς࠿\"NB1\'R\\[˹LR+u{\0|t\0u~xTʼY<}\ZGTUQP@G_P-O\0d7!Bh)5ٲX)<n~\09W~ܺǟύ,	\'<^<AVŮx󭭴/j2|y_\0\0q~\0/t>\0	g+e|cծ$)gmE|夬+	-\0׿Ax&Ko\ZG+LAy[YڰS,;l,`4MO7{g15/cw/<RiXym  vlIf	C\0_\04/|U`muَGo#G#9\0[]3>ӉmmO<K3PH*\0,?\0c$YBm\ṙs¤Q/Y%ʢ 坔N\0\05xX<79/-FQpFُ`ԞI~\"xS¾3\0m8O+M{\0M45n|kz\\ĮOa,)=Cf߈_swKi@|tԼ/(P/\0xFh_ĥ,buc\n{v^,6Ot%hBh\0\0PSz_5czf\\	meacn֑(h\0P\0GlQE\0QE\0{oGq{R|?ٯ:w\nZ~t9员K?.6BG+(D\n|?\0/<>W~,ӧҵ+IT	z6Ar(?+H%|u}j^=隍e#0AV]U~<\0\0٣\0b_-ω>	Ve$t&Xn\Z(	($u3\r@Q@Q@Q@Q@Q@Q@Q@Q@Q@Q@Q@Q@Q@Q@Q@Q@Q@Q@Q@Q@Q@~7\0l\0b[GM<\'y8\"qami\")`Ld\0~^^CYqq,p[IejKx\0I5\0X]~P_mլ<YBWS-^[êZå&<(\0~[wo$RƒE\"tuܮ~R~_n/П?HhUd,H\ǹ`疿Wكwo_<Ab7~<.$Q$FxNy[\0\rf6oG;B.,u=..n=$BU-M\0l߇3xO◂|?}L턏lǂ1$2qeoz\0c\0~Qr|4\0\\i%VV@j\"0Or\'>#1xோG\'OCD+HfJ]\08LF{k⿇>.\0<;yz1d[iʰ  B\'?.+~tf;r,uv9\ZԿ[KF`PdQ`~@y6\0RO(:AiK|~iVo/[uIx!\0*1kr0enb~ſqOki?fOѧi\"h13;RY[󑵳`d\r˟?=(>._!i\Z,%7\0\0`(a\0ߊ|;%7*0G?c±\nOb@<E_>2\07d5{át[}^\0I,n\0k~\r`Ak\0{~9CUc\0_%m|;/\'\0_5Yrj,C_\0\0	vuiQ\0zo.U|Eo+T!g.h\0\rW\0]*+?i%>i\0b\0C>nrr*[)WKAi.5اwqbFR觞2\rЋAv?\0\nʺ;R5c#jHr|F$*d༿YP|U\0{[?\Zèq$X[vAfaJy6q/aL?,s\r\rtg\nFF \0+_:WGk~\0]=Uoq|`NCQ\0^t37?f?(\ZU-b@݌^69\0Is\"K\0\0f\0(~5o^ÿGv,rjڑ9\n L+8o\0[O/O_ƺ2A{+gBVRYdWj!^b>f\0^\0Pc?W,;h?o+Vк6\ZD/66IW\0-ĪB!}	N>5~%~\Zs}῅<mu9I1nVe_<87O\0/?-;º4~],s9F#/#wbY,5og\0zG\0,\0տeh2ߴ>(y8>T\05og\0zG\0,Ꮑ\0q_^ߌ_5\0)\\|>Kit\Zmk1>b\nJOΟ&K2_?\Z\0B\0=#\0tj߲?Y\0~? #?gGF,\0Ѓ@H\0\0\\o-OCdyV_g#2;u*f~\0\0>{2~\'\0ƟammEu\Zh^x\0ľl2톈m>>\"o~+]xȺ\nxKGdb7k}A1);c.ɻz{\n_B?giQM|Wddx^`@lrĘH<DA\'\0X|,Ե;mxS5܎cZ<[q\'yd#HZ\"\0~6|xҾ6T>!^N!4ˋ=\"яV\'%2?\Z*#\0\0~AcVeeX-[G7r6B 9 E~;/O3l0Cgjxb\0#=p=N\0%{՛2s@@,g\0pN}}؊+?:c\'MKֹcyRN>Ҿ\\		qF8ߴe\'oKZr#B>RJ$]*0NYiv?a(ǻ?([oßz]҃wifbc&\0~_5ᾚtKXԇ9#>2\nB?b+T//$xn\Z-4\ZN[Αp0r{2\rwgֲ> !E$Q.l~s*\0?c+jvk&U$?a89C뿴\ZoZO+dc:D1n+J\r|r\0+g9~ǋIf5[bXPfeY~ʑJt\n\0B\0g\rN~ir$֗j6&6H4ls}QGz?O?6y58Qi&4\0m1.+wmm\08wf\rȖ\r\0\0N?쪧I_\0SUS\0N$ό~|$O}Eޯq/o\'0ҿ.?п/%!xO o$XQm`BUVH.\\msg\0_K\0/ߴ<#Y[Yx\052\\NAf#gW͢	#/tv\0*X6\\;5~kY.ZF[BH>+ER+\Z.Ԣ&X-*۰|STC¿_\0:=+[661 {331,Ğk5<cGM#z!w6ֺg yW2\0<#,Ph\0(\0(\0(\0(ocq\0\0\0Α=z<ˉ]<ld`U235Agygżo:	\"6)9W?X_f/(Wsj>wZFKQW\0_L߶_:>{| 3YE	7n$e<Q9/%?D(\0(\0(\0(\0(\0(\0(\0(\0(\0(\0(\0(\0(\0(\0(\0(4\0l_? ۈUHeld	\ZaI?s\0j_xe\\cn\'aѬ\0f\n[`6ׯNvwj4WѨwv!U@I\0W\n.xMnF\rK3hGt\'C5\07\0kp5vu\0.d[X\nlY@&8.͸fxbdB^ZMߖ9U\\p\0;{r]/e\0E`)lf$a\n~_dxgoge!b@?5\\gla kTmgJ-ز})	$;>\0(*iH_ODha>&md4>ZطHFkxT*BVK5S+\0/Fkofռl6_dydo\nz%~5#{nxR\"9rsß7nEF2\0qGz7_y?	|$d2}2ލ fI7/\0u7xcn<fs#BH%qyz\0}Rʊ\0 r\0;\";\0\0G_P[-5؋^~\0+2nu$ə4uy?I*ǯ\'_\r\0urojpI.k(FJ2<jH\0Hfk/<+?#ƞ,g3tRqzlOF\0g7\0eWi]Eqc}އ\0\0\0joF?\0uQ\0\0(\";\0\0GZZOaGMl}\0X-9/s9?\Zl?1n~(~ў%oP_;Vomٹ]$Ұ+a<R\0OMRd\0}j恪xHr,(sw;YZ2\05TsF\0<qP<;MEZL:T7ʰ{)3\0w\0HS\0U}\0\0P|\0|7hmִBrs>I1H&<~|M)g\'@F#ƻ#7%q\0ЌP@dqoU6iqR99U\0\0h-MolgOԹ\\\09F<Ag~_̢\'k2#*b NdS|)_^ȅI[\02KLTsDJ\0~n&::g\Zvqs\00!\'\ro8Q	Mƪ2tG\n8\0go2qE\nt\0<:!_Ŀ\'渗O21]̵W;v`N_\'ᷘĬDFؼ%ф##	$.9|\0d]rxތ2FJ&Cpv\0b}yĚ/X9\0g/&s\rWn+xoAp/tmwcbu\n|O|ItѝC#1󷩣?\0q3EDյ$mS.ʎN8 h]_g~\':Fxj\0cO\0i?؟K\0>[Ko\rNnn@*(d/c߲[~oߌ_\\㵺4T«Mx\";N\n$\0?O>T\'^V8`ndhH9iGǺ&Gv>5sb~cḧpB;n$\\\0t?	~|4gHtQtmeIG=̿+#lD;J}?hcJm*фi⛆\nxǛ\'c~\0gg>+znE.5{QFZiHl\nQћ|q6nȶ״2r3X?NO5?L		x}>|-9[G\n2ZkWg|_@Go%\0|Yy>?2_\"pM.#d(%,ı&M|M/ufq	\r:.n=9Pu>H\r:o{f\0Ce<XWo\0ſiW-\r߆zӧ0Q@W?[⧇~|5|cZAφleu=Bio\Zw88$\0I?,\0q?iMKOGOז:c횕խۈSq\n\0\0nA\04:\0~|~uH	|v$,-Nوܛnhd?+ύY?xW+Y\0,kev.bk#,ςQ|xyI/٣Ήt7o\r]\rcN--X@b\\\01(4;z(\n(\n(\n(\n(\n(\n}\0s.#\0O%D()ڨV)$z\'\02?k(W=?iow^95}n+PwQFG\n\ZC(zv#>4|^\0\0r5qN5q_-=k>+r-һ(,\Z*eW\0\0nx	q0i\r\\:wS@\\p#*䜳p?F$_?t5_>\"+SԮ82y[hw2Ƽg,v\0(\0(\0(\0(\0(\0ӟWn\rDӉ1oAt^<2\ZVR~W?\0_^.iEF3u\08s?_\0(\0(\0(\0(\0(\0(\0(\0(\0(\0(\0(\0(\0(\0\0T߈_\Z\07ktڧa-Y6ʗ-AO8iNc\0\0\0~?Nm]kŖ.b135uݸ\0\"+?_PO,Ig.\"iL0RF˵ W_N7i\0zM!~!YP``Up\nA\0~N?jeB>\"xpianP73\0dn\"¯_\r\'>\0i6<%UsWEE\0QE\0QE\0QE\0QE\0QE\0~A\0cwk]KW\'~?\0\0?\n\0<{muı.>00Gk0ڿ`( (\0(\0(\0(7xA}>T;{{`uk\0[fZ{Γ?Lּ&mt4L([y;+r?4ٿ\njW7ټ+fizu7*eA*)Ռ<IxA4BT{[9{{d::t k?k[POů\n>*/3NJ3NvK\0qԿzu؏մ{GuIk~\'{_[.Dw[UALIjMl?x(?&-䱓D}񮓥%(,|?8dEU0EWIS G+V\0|5G)<Á]P]A{u\0O)\0w¯\0	Ƽ׎. tG>uI*Ŵ\0YpW$e+_\0dꯆd;|DS=$?r4	VEBNՎO\n\0P|w\0iĺSǫ_Vj:|A?0hmSb%H\0ܹnSv<3g)\0\0~<)k\nZzn-ͤwl!{$??$]|!?>\nӛh}	 \0\n_G-6}\0?fo?kk,]Q/ܾ\\؍(sC\0F\\\0 Wo\'\0E\0,\ro\'\0E\0,\r\0}\0E|?ƭpYWq3xS]q@gt\0?bC$%\ZH\"͏Mg:g۫mΉ;3iXZmݎH%+=`2#N	\'\0oOO\'/\Z5\\˿~*A\0vVV*6!:xk\'Z{]CD/HԐV}]m$\n5W?WV/S:(ʉy (\rw>O\03xPc⯂>&S{߄uL) `0#\0?C|}ivB!Kے)uh+0`Nd3׆]S}AOԼSZ]|ZRÐO5A\\~~%\0x\0wOH!\'&揭X[6QQ4O2#,3C_J`cj|%\0ҟL?Yc]g\rK\"Co\0k2ϐ98y	vfSW\0O\02\0j_\"h^(ėzWmum<qr\'hoؠw./V\0o\0?	ItT5{QGaoɒ#@e(+OfVC?R	cx5ط5:O4?\ZN	=,9σ\0MoHuo8/o50Px-eG3^i\nd>Jc~7_#|/cx-m`7|F6O\'߲/\0/ū>.EϨ6۪i7*ǒBVh.Rw yXz\0f/\n7ۣE/6!X,w;Lʭ\"d.IŐ\\?](7\0j?߳~*x:.<?m2=B\0$ֲr[y̲DõzE\0QE\0QE\0QE\0QE\0Q_?U:3675hr拦޻\" mEawpwJ\0X#>=֟|tu.ٶO-+s-ɉDeo?4\0l\\<q[Cky-dmkėYpY˴K#9h3\0y/>kgė>(Zx[QrxQI!MF3%ƶ	hj\0\0K\0eoq^ռI**܂7H<?K(QE\0QE\0QE\0QE\0QE\0\0Y\0;\0wFlpC}\'Q؁ﴓ=|z}ȏ<~O\r_wiI/╄|@Gd38@l~Pj][k,m7+Cަ((((((((((((ɿ,?~8A<ER=<Ii77FD,qf[cUkO֟H$?s@ۮx;q-f*,b\0?^\0Q|΃_Vߌ<[*nv5. 7W\0(\0(\0(\0(\0(\0(\0(\0\0xf>!8|/Nl~>I\0xeϤ\0G7@Q@Q@Q@W\0T\0/W&$\r뛉>!|ZMot)DfV*]ȡaaF|@оx/S\'/þmPԵ+FZI%rw$_gKG	q;Wz$M,$imܮ(3%S\0.\rDOu\\;.<ˬy\0T2?~Xx#ោ_WM+\r6\Z;ye`I;`bh_E\0hߍ\"Ve7Z桥Ga;o0]Ms\"X[9	J\0۫_.ӀlQzR:u?\0gr=/ykz-ƽ3^] tqp&V;RE;wgg؏	7<#[\nxh{If3E<|\n|\'?T,߆|\0i?BNlQLe&9RcJ6KGx\0!\"a/zeRǉiOn%>\nprϗ0-\nⓨu*~[	֩kΝ+eld]͙8fT@w:wY\0i\0i_@Q@?	b/\0\0cC?\r\Z/lWFK}0ZLJwWSӿO\0\0H\0z]\0oC?ZPμl\Z2z:Y\0m_\0:wY\0i\0iG:wY\0i\0i_@Q@:H_OZ8>m91¤O#88s\Z=k}Jc\\sy}cE\0|W\0^~3\0r\"<e)39K\rkƞ_v#Cv\00zp9䜒M}Eamn~tXp/|I=1\0\0\0~Ͽ7{]C>&c9 ZKWbd_\r~@\0Ɵo\0N_7,,~#7)M8_<d|9{W_fqo\"&YU6\'vfFFF2A<_/2o&_\0Q5k;Qi!mIӎ1_r	|6svtV|iZ<J탘wD\n]9*QZ?\0fߋah|HN0lA1G$\0dބ:|Q4oG>%Iol	V+Xl${J	g	xCGmεmmgTT]7|3JDHA_;\0E?ۏĚV\'\0A#\nZg\rdb|˔~EU	\0bqp#vj`xIBD;V$m%\0O/\0\\V?>-{^[UIa@h۝xe[\n\0$X~6x_\Z.M.wד%\Z`C3rfU`Wo\no\'[7:º\rz\n[>j\Z[v N7?oO3+BO{]OY:xWckEݖsQhGU_5[\Z/.y.\0w[f/@nAa#\0(s+T]jvoNqisqo*U\"%	1O۷\rY[aѣ&]:E|CE<yj%~n\rj꿳}T?h>><_<Ei=E!%{qs:W\0\n|tM<MŞP}I+08FE|Q>3CL𿋵[xZy8Akoe-	_=~>x_kZidDftVf7!%W\0?zՏnoTŒF/5\"BU䐒Ą\n<!\0?ࡺ(M#B%G\\igZsZL`7(q`5Vď9}K.״ooGξ5k!wI,\"2Hx\063\0h$=&IgӴ[b\ZƲÍ֠q#m	A~ҟq?k\0`_ŏ\Zn/<o}hZ\Z6d؁rI8\0M|/\0?4пl6cΖofkhw(g5\r3FMN~-RA/:BΒԂFPGm#1Máe\0q?ޛ_Gv\Z>16_\Z5bt&4?ۿQ^j5[{\0ǋ4\\~؟_>\0	|l@0\\G8B3WbGa[^;&W,E\0Nj\0low]uߋeݵ1΍!ݔO$Lp#WS4Yƿ?ßv7kC?hx!XYIIn\0ߌ>>BOZhZ1ml) \Zȑ0ȵ̷&\\\0(\0(\0(\0(\0(\0(\0;Ëu8:?{y&Wc$~WsĿCgxyzՃ98ZN?w4>\Zk{wH~s_o\0.g+iwbnu-Վ+\Z\0(\0(\0(\0(\0(\0(\0(\0(\0(\0(\0(\0(\0(\0(\0(\0(\0(\0(\0(\0(\0}?<-t$ǖ\ZѿǼ@Tc*},?\'\0.m\0wd6usx~a9*\0(\0(\0+h\nO|FV\nu;y\"4zI[$Q\n@,\0\0O~./Zҥd&I5mza\0,,>QF!*w\0\0|b>~1^	M|+Kof;|uD!Zv=A>V@.|J\0ӟ\\/\ra\\_!`pXAt\"8KF[	c\0?\0⻨k7:<A;ɑrfYgۤ`B0~xcz,?gD$4TI8IݣP(\0+q\0\0_u%>&Xk42K[D@0Dn%W\n\0./V־ }]\rhz׈pƹ2\0|\'jo	?)-n~VxT扨B|C2(Xn]>X\"H@_%W\0ؿ7m墰׮/|\r{0Ϟc8`]EE\0W\0[(u+	_ʋ\0MHXB-)de,+\nS\0\0\0o\0?y|z#﹊8v䃇	>\0n\0w_KMkq/<S--u	tp\r	g5EQE\0QE\0QE\01\0	h_Z~ʅo,7npOmCӦOW?wΚKhk.nǪ@ӣGP*i>+AfXt=KG\\Y,n铄9j\0m~\0C\0i_QvxcvrG?\r$qZ+\nAyײ|+E\Zk&Sw|J9\0LHl>5-\'<.p=\r;\0\nkn!o|Go}2y!n?@@Ҋ(A_QO6/\'ߋη)\"dW޳\\Y+$r8r_͉iiHP+>\0Sq~iɪi{6R7.~\"7Z?\0[:\r^8ۿ_V#w2|~k\n\0\0o?<kq~\r\Zw%5-[2$5dm\0I\0ݟ?~9𬷿3N~2y[ul+lmۂ!i!|\0ҟa~DV[X\"\07]A<99v\0QۣqRx	\0hO,!/FmPH\0qwL\0I`*)7[PO;Z-_hw?ƚ3f|8Pbh\0C(\0T?躆Z|E\0$ֳ|),d7<\0[g6o|:R{nsk8:t3nXW-\0_6\0_\r.o<Qk}b&Oít1K{o\0M(KS\ZgĿ/HOZqGQ!\rN8GPVXHmFݗ\"8Im\"+/=[\\ڳ	}HO?Oj	MK[P7+T-r_5O̜?^ovi?nډo?O._D٠aE`L\0~\0\0B?\n|;1\r:\r?T\0\"Zޡ:b9z-a%府׮\0\0c[/[zL,k+k2\0.Xc\\BvZcmO{\0ybC6U׋]~wXXF	QZ\"^Vli o\"\Z!	-4d&/OGů#/?sA#}7M3jZ>Mi3P\'c΍ Q=ʿßk*<[Hanm\\--0C*f9Xd`NPz=~!۾ \0\0\Z?{\0gE)~cxѰ9M!V\0\Z+Yx3\\sp|5;}e9oUdH4ѐ#!M\0Tú/\")xPh^5BIL()\"G\04H\Z]hz4K=7M>a$P\Z\"\0\0\0\0U+?mO^|2\0:E	.\"I*Jڝ-KhT2\0\0ѧ~\07\0憏l,\Zw\0\0{ohh\0\0ѧ~\07\0憏l,\Zw\0\0{ohh\0\0ѧ~\07\0憏l,\Zw\0\0{ohh\0\0ѧ~\07\0憣O+1Vb%B_˨z(\n|O;\ng~4~\0lcq\\0$w3`p|+\0\0b|@fc<1}\'/mȾf~\'[gOyuvHĖW	!md)</AE:W=$X2Hd0#@W\0^/5n^q_\\W\0Vt\0ߴujģ??W$\0o|I\0h..\0凷%|	\0{\0,Hʚ`ʺ?\0~EPEPEPEPEPEPEPEPEPEPEPEPEPEPEPEPEPEPEPEP\0~>wy9v5_?IX\0*\0o\nW\0QE\0?%߆3Z^*GifF	b<P0y+wO:\0iY7V\0f٫|Dky0n.m)J*<ުD1&&hwa[[u9\r~ԇ4rp@Hh\\HM\"7?iߍ\0gy\'(j/<=W<%nFaYroL-䈍fv\\\n(7_gᆡO+m,j:lk^F4(^\0IͥI5/jVG\'\0Ơso\n<pBt\0t\0\0\n?c|[?-`6yeY2Z\'7ė%]XG	?DV\0Ǌ.5\0x!\0	\'5wUfiː\\$Q2*F\0\0tT\0\0j۟ڋ5Mc~xb넒ORi1}ȴ09M閑??Ol [[X(aG(ª\0\0\0\0΃Z?/>v\Zne*F8\0\0mQQE\0|o\0\0\0\0{Z})=Xm=VI\Z)X?o~O\'gCĖSW^5qq9eGR[!}[oe\0gUulN]2wmr`4]@Q@Q@Q@Q@p\0u6|B+r/<3hL}VA]s?]on:Q_p=x8`%98\'>\0orCy\'D<䬖qD8;p2I8iSK1u;-R-{}\0d6\\ƱarQ\Zt\n(\n(\n+ioڻq<i\'Ö;-C)\0jpp\r~P|J\0ПToj\r\0`ozJXSgZEj(\r,)!m(O\0#\0as|b񖍢wlEl]j;{5̒HR컢\0\0_\'\rMtu\r^o0\ZL	a*a,_ҟk\r!ߵWiڀYdALw^*U~Т- Bm?Ol [[X(aG(ª\0\0\0\0\0K\0o??u_\ZjZ]@#h$bɆ;VEQ&)NV8ɤc<?p~ba;WrR@:\0m_mō:\0ٗT6><\ZCDg^^љv#Xnrd?>(~Ҟ m7>$E᧑ڑK%B0:\0Ư<3_\0\0k]xĝfkɯp,Va{v`	U3btd\r~4\0?nh,|Bu	!n	7Hܴ,@+b4o3J\Z>i\"OmllaK{kkxPĀ*\"\"U@\0\0\0\0\n~8z/t\nԟ߇mG6پa}(Thotlk݊\'GUEu	o u[|\"~}ۡ$pK*5[I:ȿkiQ?E:=c)2H`_\0^?\0oo(_W_mB=w/4\rEx~F&8`B\0hp͖v022\r\0jb\0)	P2ӸE2Zp4\nH#3]<PBB;F߲\0O_,v\ZjpKso9%,łnƯڗLd>*|Z\"xoQAu{W(A=RHF p_7՟o)\0&o\'7W>?xJ&8XH>\n\n~+{7\0O&oԬ׈$^.|PK8ѻkmG\0>&mF\r?\ZeGVfur><gRPF+/co,\0\0ogS\06\0\0(\0zco,\0\0og\06\0\0(\0z\'/,QK--a7=?@?`(%_R\0v7hwGM-G󏗮o\0J6\0I?b_J\0ėS31#8z~_c<&ŭJa\'],M2|T1\'epwW8.>o==}PżwvE,i$R)GG]x W|W\0v52)W\'2\\䜓5Y\r\0\0?hMkv\Z7gc\0[?2Οr1\0/ҀOاŔ\0\n|3y0h:4<9R\0No3_~ߵƯm4r0W4rK62R&u/8	CokBg*4V | p \0\0joF?\0uQɸi\0z.~գCq:[z2]-ε~ߊ|A_w\0\"&4v٦7QIbv쑑&WI\Z?{\n\\Kg߂\0ϊxǉw%yh9;M1k,m/_}LwvkX[tˆhq#$ 8`EPG4Zk#\0AG\0A\Z\0((\0q\0H5:\n(\n(\n(\n(\n(\n(\n(\n(\n(\n(\n(\n(3\'?^u\";\'X<츂TVgִ+3\roc	|)5o/޷|t2DpORomޠEPEPEPEPEPEPEPo\0+~?J_?IX\0*\0o\nW\0\nu%?s|CR%:otYdu}EԔV\0c\0+a\0eEW}_$]A\0QG\ry$v=T__׀8\n~<~\'Kg^/#q XAO9\"<ϣ/&\'\0g\0޷ZW5(>vrv*\r\0`;K7\0x	ۿm6=gQ>$	CjMWSCkkkK4ҸHEff<\0\0$4mo:oyh?	Կh/ړy\ZnXk&[0np-w$`\ZN\0nۿ\\۸uګw_\0>\nJÉpł?Cu`pzz\0ο\rκG|hԤ6zua{+r<Y{UZ\n)\0\0o\nRJcjI^#BTKv2:4,ֿHa_&_&\0?~xKBj:5}`;n2H7aDhY\"+qt`ٖ/G?зh!;P#\'|v˾I0?M}h_7fg|OL<EY%RF\"Pa#o8TUgo?k	bl,mQ՝ؖF9fgbI$k?a\09e\r)chfKT}Z|n}d`=#P\Z(j:@(\0\0Q\0p;<Mh[D>j\\Gp\0}$+,(\0~5K]Lyj3P$\0$q7OPM/7~R!5t2}.B-N\Z<]ϸNv~լ~Q\r\"m?3hV(S1\ZZ(\0(\0(\0(\0(\0(\0>*\0]߀><]Ȗ!Cn7FTg<*ORoŏ̧Ie%I6t>[IH	\r0ʰ\';OЬ*ޟzō-Z5kr)#ۓc=D\n\0a-Z\r\0럳/.o-\0g.oüN!!12>r@go\r<\'k$4ZL&QԮ㴴uy%E~S~ֿsկ\'M-w~7ĺ6\0aXiFn#B>M&e_<|>_OxCzjԵ{-܀XFY\0_\0~/>	u~$W654\"t+#2Ӈ-7TS\nO\0\0asa@|3MF{y$,p\0#Vmǚ_9xVkg\0|3cZ~d3U2љ%`G,FY捞ٝ_īo?=s㗏$$~-M-䴀#:[bUl9}7>tooGɱ(%`\"p\0\0QE_X-<=]j\Zս/qssq xwwb$@\0_\0~$ýKT\0qQKx\0`K,;f!oc<tUO?Zo\0aهV[/XLgǑ$om2YCۣ|s6ȃK+K~>g//oŏ2mwN.dUQ$mpBPok7C\01o}r>࿹#EʁX@k\'>\0BY|AWK7 ]ޕrYna?4S(eʞ!mCOլ\'[)*0+)	5\0\0ax^\0ci~\r𞖱Ϋxhw DV6sg\0$\0\0F<=\0|U?Xk+f&y6kU1E &ӑR\0\0\0;A\'nB\\mCTC?ޯy]#APcyH\0~6_Y\0\0৞|q3?\0\0g].Y|6Υq,ʦx91mq\0?<#S߲:k\"_\'GjK)b[omˍ~?\0Ȳ\0R*ʬR@Akn8\'1[A: ֮O䴊ե)HIÖEtv\0C[r/x	\0\nw2j\0\r}f\'VѵyGu8gD,\0\0|@\0e~P~ßᵼv<qrrɛ˵DlnYAj*(\n(\n(\n(\n(\n(\n*\04?h ܇ᗉ)ʹ\n`Pk+਷i\0fX/>%rǢ\\\0[zPkg\0 \rq\0|\0\0\Z}\0@Q@Q@Q@Q@Q@Q@Q@Q@Q@Q@Q@Q@X/\"G|Gz?ګK+&Hme߻[\0V@\\\0.o+\0Im5=<~(uϘ|X*p6dsu~ke\0?-?hoT_\'Q-d[{`.JD@Q|SE~h\0,?~Ѻ\0hk_	\rZ<G0muKZH\Z})\rnXR~GwoHE\"GC]O Z;(\0(\0(\0(\0(\0(O/$][;E!2LeyO#2Da\0֍44DD^e~N8U,_^|iZ\r~\rg/KmV	1ꓣ;t\0F?\0??\08CFKW^ˤIck$3[eHnvlymϮ~̟㯀c$~ƺo/>ӓOҵL40=ɴYdrV#\0??ς	M|MZ#k0ΈP0x~Ѡi{c\0\0Y>;~ܷϦx+hcIO8l\0ك\Zj?־)|Xfq5Z-d\'7}_PʿL\0_ھ\'o/(u;k.ќ\rܥ*s/^ECjMWSCkkkK4ҸHEff<\0\0$>\0S7࿇>)h-x2/>kqypҤp`4Xk\0\0\"%4u?7-5,i7b.cFBpQ${\0\0|YZo|/E*ȫ:9RIpWT*ߺ\"i(\0(\0NŏLM͙{k!0mb[{8ɵsnr6\0!~0x\'\"|[*20>\Z̩#쵷r*?b\0=\0e&\\?)𽠎kǌ$|r?BFHPB*mK\Z|\\AYeiI\"W$ƳD(X J?X@(\0(\0(\0(\0Oګ\n=#\"o6ptAd&Ls/qly=\0axWG.//	Bx!KkcbI6s\\Dŝ9#G\n?*\0K\0^	ܓYthH87VÒA\0\0=No,>	\0?nD|XuX--D:zl!Ha _8#\n;\0X~h\0~h>=OahfV	rdAs:Fآْ9]\0~xs|mWR^2\\yW3m\nnOw*?\0g;쟆[EI#4loC+\"rĞI&w}\0\'F\0%뚧CEx\0}Ps4A\'mk&Fe2yrL,\n?bυ?T_>4v>$r\\H+\0/#ʿ;5/k	D]r2#]Q&mς\\Yd	&՞	g\r|My&_Zi0kwlLF\'0Inm4=\Z((\'\0T|Bcʲ>/kV2}\"O1{K!eq+!OR\0buS/{e*>y\"H3oX\"36R6G?F&\0|Y0wGp\0iֱv˴BCI<nj\0\0[\'	C-X+\rC˽GZ@aOEHEbygvo(o\0MQCZ]7I>Ed5	K[XdzEʊ\0:ڟ[7\\#~2Os1~vC\n}fr6j1+?~4%>Ԍ}9ciJfVieqUwj?b\0rW-6iëy/7%7(U.H8au\r\r}6YY[\Z(PTUP\0\0\0\0cٟW%\0l/AOK_x7MDQ,M8O϶t]PN6y?F\0Qo\0Oegnm̲]~Tmf3G##7`{~?\0fOڻNu~Ξ?⇂@69PHuK+43IN.5~>v:O~>\0ޭg\ne+-F7$6o\'u}s¾*K`9ErVRȮW\n	\"Y#im-;\"kK\"1/=(Ӽ\rm+WWZ,aԴȳ[\Z22V%\'_5ǂ|V?|I~,(^׬DRXX#>`\0T?l\rW-|6\0g]f_^0Ug*<wh^yGzE*>|s*GxOėxPy5Yg\\K_w	oIǟ	u:[?[3C}eesrH%~-~T[??agwㅕg_xcMD})\00w\0wTQE\0QE\0QE\0QE\0QE\0-\0\0h\rMYPxu4|/#.1=ٕc\0Kofm\0ƚNF۶-2圜1Ԃ\0>\0:\0]\0x4Ьju\0׾~?S־\'ju\0\nsoN\0 g.}Aڀ\n(\n(\n(\n(\n(\n(\n(\n(\n(\n(\n(\n(\n(>_?OPTKԼM-!M;VUPnS.\0Q0uQ$W7n%\0Կbڿ.bgOؔK9%r#$~Q@\0#쟶\'죫]~rx$\nggq\rŹ\07ɕ`>\0֖~\"Su\r\0V|E;\r$\0uѲ:+2Gl7P>>w:\0I|drI gs<RMa}E~>\'\Z#\0\0\\rM/\"$?1ڧ\r	)/)aooo\rq\nQ\0m|	\0Nk巄mM\n9A;NCy}@^A ?(\0|\0f\'\0>\"dmk\0 R3k6-D?_\0l?,UT	xF϶Yv4M`pDx9|U_)ǅ\rh7&Wu&h2u(L\0r}}+ཟ߅[\0rH,$i&g`ʙBn<+eNA-K\'Chk{	I %#GNGݸȵ\'xy~ƟYrbv627-rHDy-O3=hV!t	#f$t1 cll~Q_?\Z\0B\0=#\0tj߲?YroNk_H`Pqhǐ^+\0_nC|/KNѾ\0|Qu{(n/->DHe\05og\0zG\0,\0տeh#VA?G΀?_[x߱\0\0\'4=>[YYƣd\"7tʿ5og\0zG\0,_/w\0\\O|ZC$i\0\r;3YʪBv^$J溘ynH w \0ÿ:|\\x_NV5)IUcO$Xac\0տeh#VA?G΀?_[Y\0\0\0:\0[S]a~\r7q\nh-acekZ/ٯeMD`.u@TO+_o%\rS!ԣul\\6?\"OߞL\"#Οٻ	GgG}߃6,n{Sq	oBC]0@//?O?*_۠W\0cw\rM%6DƑCFp/\'F,\0Ѓ@H\0\0~iz][İA5UF\0\0\0\n_\0ʖG:CIo!XaO$$sLdoߋ\ZTBCH0]AN!Q\0`Ѹn~_i\0#?ROh$dcV&\r[͊epUwRI]\0a!ڴzo?6-֥nUr2E~?Y?\0}ߚq{Y\0w\\F:u$y\0_T^cxN\"Ӽ$/G@W-Xx?\0g]n,F54\\n6:\r\n\0h>=\"ԟi#7QƲ6|B\0zn~[w*PxXc6?iGHѰ m=+go_h\0Syg_xʯ#&5ROޒ\0\0\r\0cO_er|m %$t\"	Z Vx\\}ähҭt[{8-\n(UU\0*\0`P#??R\0(\0?h|𮠄}n3GYO_Mrw\0~ɿƢ? ė3M\r.fbe# J(2O_\0|3\064N\0bUQE\0~?\0\0g\0͹-&%[D_?n\'7\nq\0eU?J~\n>(ƛ:.ag\ZWWpH$D`U 	_\0Q\02.~Ŀu@P%+di!X`%j\rs$_J𿉭˸Hh |F][d`RTw4WJN;;Ik{dP$n)IGr\\߰}z\n`i	Գ,s1!Ws.KŗG\n7|d\0{;]iqW-fG$nb\nY]E~	\0V^_Zבt[MMO*i|yFB^@o\'{\ne|\\$+n|=v4dCpZ\\o2Kl% Ӽު\\e!GojtK~?\'/~?9â/#P1\ZηA󴖶\ZC׌\0i_]ϯ^M2=I<9F>RO#\0aşbgo֭ohC*Fe\"K@#\rf? 7ſ~6~ߟϊ:mY4]5\Z\ZB*oկ3k~t/\nO]fa$1*`n-㴷(HB\"\"TQ\0vҟE\0V_||LVizƃJ1%Ѵr\"Ԣ?\n<?\rOu{[Y2x&ܿ4HcU|ۨu4-\Z,lu]*S;x-&YC$0e$AWJ?f~\0/I-uO^fJJkp~exTpW1$ӏ?	OZVB}A;Un@8P\0_\0:w,1x`\ZN+!w(nIv\\t.\r~~\0/͟>xLg+[.4k{OII\08eaec\Ze}MԬu\r7PnbYԫ+) H5b\0\r~,95_~Obofo1m;Y1㵎SH8b71ˌ\Z^oCh쑸λSP\rG\0W?}$k?\ra.q6PO,_,_|5-h\0k9vXn̸\r*^Q4[$\0r|EH6EeOU\"\'ex,xx{GP~E\0QE\0QE\0QE\0QE\0Wf3ǿo<\'8F9K;Ag\'9C_Si??1x\\ռ움|#.p@?\n5\Z?d袊\0(\0(\0(\0(\0(\0(\0(\0(\0(\0(\0(\0(\0(\0(\0(\0(\0(\0(\0(\0(\0(\0\0l	7~lqrཿK)Ok?n>1|+Ğmhn\rʪi\"Fs;d,0@\rO\0W?>,OYCޏ,?g\\Ks<c1RqQEm~ſJ\rK_|P?hm\n\r⹺u\nC+8BH}\09?~\ZnkY.Y{Z	.KV?j\'\ng\"\0K_yo<\Z&Vc	)Riэ0\Z	8\0oOC+GZmm{\"Rݟ~?*zQǭVoc|=𶡮kEj\Z[ZB,B(b\0&5i;SN3^GcJezEͥ $OsuaT	x\\YS~\0r~֟pt\0^ >o4o)x/(hxܑ[}ʼ d\0:o+\n=Jy\0~h56$sjomXieoKÏʛ-FE	\0;s\0ν$G^9н!$6$ɒf9?eW?\n+6x\"#͞V-,\02J,kѨ5QE\0QE\0QE\0QE\0QE\0QE\0QE\0QE\0SUS\0N$mO\0n?d|\"ojK~gy|iE-FԺQOco,\0\0ogNXශ#H$\0k\0?s17GeƕIcmIS)g\Z+SCrBC=䷙@U#$mLPW%e@};7̚+5\rP(G4V\"WH\'Eh4hGÿ©>\'|\\#5VF+BTy@Q$!sfl\0VK9VT/b:0䵺6yJs߁\nc\0C\0@S0mt]CDG!R;ny|dH39\0g/P>5xwj\'M*]SR\'_3aao!Mĭ\n.od\n!9\0\ZA\0-Z׼]v	p==K\"Y\"8USl_o2	R|b~8MsQ]L(o(eg_(0XC)Z>:lt\0hukb\0%Zƪ`\n_EPEPEPEP_?h[w¹>[\0|Uco`Ö=?_mm\07\0k\"ۤG*U\n;(\n(\0_AS(8o&gBXgмm;KoުdU!B̘\"fD1?\ZA\0c.c[\"LeIwrwu=G\0RC#!S+\0x?\0_Co\r:=N]v/\\HH7d ?\n+/<\0_\0\Z?gI{/&\0`-#9U(<-ÿ>?x\Zs*5oa*w̸889:\n(\n(\n(\n(\0_X	orKmcgWdfo-n\"BQp8؝\0eb}7I+Z_c\rIO?(F>N!#4\'G\0<\01iL\Zix2~\"n.f7rҿv8{dcyF;V5N#W\0o?e˽SkFP]Ihf5m&ԕmWɈaTzQE\0QE\0QE\0QE\0QE\0QE\0QE\0QE\0QE\0QE\0QE\0QE\0QE\0QE\0QE\0QE\0QE\0QE\0QE\0QE\0QE\0QE\0WgyO\0ozU߇+>/r̈́V4hn[U0n8e9icC{ZivZ|Ce.i	-mBDx*H#ހho	~/zׄabvidl2:Qє]~~6\n!\03jrj\rUv7C;4rTo+3@\0?|I)|\\wicXմ/DnͥM=\" V\nUV8Vٓ߳\Zk#|Suſ_Ζ\ZȦRIf$/}L\'|$Ox2uxveA#,+(\n(\n(\n(\n(\n(\n(\n(\n(\n(\n(\n(\n)7\0\'/_㏋^ kiö,UWԤ-mWT׺W/$8|7i_,\"|	is:<-\0Y\0xO\0xg9<yU^?&`d䳼.%yeܥJC|54O?%֧3K<X$	Xd@T,B#=8o\r?Ol [[X(aG(ª\0\0\0\0zڇ._Q?@m&9 2 h\r\r/^|O[O׼;ZG}j63װHHxe [5{o\0gO캇\0	<w+6H4B1.웈}Y+	\0b/\0ImĈŜ\"M_:}kE$7%lNnAtGҔQE\0QE\0Q^Co~\r_5/<Aov$Eo5py[kHK4;WEf\0\'\0\0\00&u~>\ZdksoK,hqW/\05}ǋ-Gŏ|g-MȤg!otK9س}\0\r~~9h\0ο᷂.Q댮88^i( ʟE?h;Ky%D(Ի9$z\'S\0(]G\0M\Z=\0~ֿۣ\0ߊgu	smp^9-LPʹ`6V̤f7jmxƟ~\ZjK[s;a3L<j(!h~K$?8A[m/^Iin$>KJz\ZdOi3X|#qeҧ\nLc~\0$\0ݯj(+L(-an{4vFFB	G\"o;}\'Gǭ\Z8Iqnڄ&\Z=R+T |Â_(u?b\0¾)\"oBHWO(bܬTd/\0߲F*-ƗI\r߇X#]OW=H~vn?_\0`*\0<\0_?-?ӥvE=i,|WN~U(@%\0~\r[Yu0Iu)lϖTI;&C?\'~֟K]s\rhyecB;GcwHbw4_G7|uFkK:m2: {!ɅG7J_rIe~,]i,ǒI?$ϟo\'\0E\0,\ro\'\0E\0,\r{\0:wY\0i\0iG:wY\0i\0i@\0F\\\0 \0F\\\0 ׿\0çe6\0\0\r\0çe6\0\0\r\0?xG=izM\ZlVV	B[DY؅P73*Z>+AWW>	h:\'MZ\rsNNo,l/!ex96:+XByh\0(\0(\0(\0(\0(\0(\0(\0(\0(\0(\0(\0(\0(\0(\0(\0(\0(\0(\0(\0(\0(\0?O\0Me={oa|>դj$5VB	2neeȄ?P~%T\\G->xyZM\0{h $ͻ5!~WĿ[$&\0Gޅx>O!R$s:]	6Jr}E~`\0?zo{+o\0\0N&;{gI6쟕ݙynV+AQE\0QE\0QE\0QE\0QE\0QE\0QE\0QE\0QE\0QE\0QE\0QE\0\0\0\0;~-ͩjaK!r1?v.y+~WO)~$\0OlZh<A;<ŏUq8~QE\0W[\rѾ$N\0-\0gߏz\\ͨE6kq>C9;ƍ(W\0KS_\0\0n\n?ϊ61v0L>ő`l8Y!l⸷9A$RE#!G ۓ	\n3noY𭯈Z[cF@%\rGe\0^jR\0c2\\.WWdGi2pށ[gM?r(\0K>M+9X̙<$SC_4~w_;\rOď4~-s&ӷ>`aVۑG\0_\ng\0I[\07!&v\Zö)\"8co2K2#~p?Lo[Km+Y<n\0iwmBܥlIvP4`/WټGVuH|#&!=#F62Ldz[!}&[X!b$q\"*\0\0\0\0SQE\0QE\0|\0<am}\06*IޠV_K`\r?lf	<_xv=-Z}8&\0><\0d_ַ_>$NUlϟO`[MuTo9?nZ?~ϥ60qg>T0ƱƹU5(\0(\0(%__M{;ٟ n~+|fQ|WGC6LR<{ӻ-,S-+e#?ಿ\\|[c\0C+&1yL\nKt8\ne{k_F/!^{f?i\Zx}w=:#7L/ڒDdO<exr4{k9%O$Yg[?(\0(\0(\0(\0(\0(\0(\0(\0(\0(\0(\0(\0(\0(\0(\0(\0(\0(\0(\0(\0(\0(\0(\0(\0(\0(\0(?*\'7[i{sMV |+cP\0,cF;?_\0v\Z^Cr\ZWM0	v}߼\0Ax1 d~U?x~Ś\rz^o%+52)WD`Uє*	\0_y|%\n|aAvXkg+>1E\"(VRQ<z~C\0n?fow?`%mn|%֗QF\"n#i*\0^gu\0ῌ|XmM4ne>|!J#.e O*+_^㴰Ǡ_ms&H34E/\rĚl0/c߱\r(\n(\n(\n(\n(\n(\n(\n(\n(\n(\n<Eos|27qgn.qb:s/*ܟ_؇\nawL:k㷯J\0}\'\0tK~?5t\ZT)enJ䌌wak\n߳O>.j+[kr[Ob%\05|h\0mf?%.-}WAo[u}YieF7\Zs\Zr>a!\0J@ॾ]CJ/o^\0n<2<Ə*Mf1䇖[8 }WOe՗[_xЫmxƳ38:Hr]C\0\Zm2? xʃ*FKfKs/#q?O_)V=WRǟ6F2E̠e ;0Ad-㴷(HB\"\"TQ\0vҟ@1?xA?ֿgNErR$	?d_(\'Wl:fg]ᘰ[p$Z(7\0?gz[:d6zg#fF^?(nvu ҏ\nKׇu}R&<k\\rH2	^?d7>\ZφtjRjK\"y*2\r~k\rxş!O<3x;Ӭ}ŉbQ-B~Q_:gq\0tme~r[լK85PO_st!R/{EGm?hW%Rpb-q6vbqG_K\0\0~ο\0g_ٯI\0OO{+(fD$K8ƹU\0w\Z#K9X¬\0\0P\07\0wEVnW+Fdb_>`-Ϝʂ\rG\0\0K{j~xƞ*<]i9<zKL`\ZG ϲ=F?!^|\\7\0WAj5+̧΂Y2Ke@D%[2 ?_i߳\0\r#%\0F?\0\0\Z\0~ ?_i߳\0\r_\0[2\nmo~Qwg Ӄb#	\0~WF<\'ѓu֡&;cE\00ƬxU\'\0/)&.	=m$ߌ4wn<|5o@\nA>8.:߄Dؾç>i`m?Yzy(`>=K9Լ>_okpZ\0oh\'%oX&~/Α\'\'C_~kw.5r@0$\n#L\\G߇_i~𾍦x{úYnlPh\nأ((((((((((((((((((((((((((((O\':TqUaZ(~3?9_~Ҧ\\,3>Ql|ʖRDR#$~!\0ܚ̚>6[\rݵprvaq(gvͥ&3}x^KbY/e<n҃⡇GGi)~	xI,ƞۺ2ISew\nU\0ԵŎHAۻLLbv!s9I<y\071pA|2*<ӌm\0ټe煮\Z_-	v[̻!U?MkcIۨxbG#{qoݼK\ZIQr#>xS]B mq䶡KO5Z&sg7[|vUVD֠lz=81V?%؃Α\0[\0k?ӿO\0\0H\0z?ӿO\0\0H\0z\0c \0V\0Z?%؃Α\0[\0k?ӿO\0\0H\0z?ӿO\0\0H\0zzC\0%؃Α\0[\0j\06~zM/kVmCjv\'Y:g\0y=g\0y=!\0F\\\0 \0F\\\0 ׿\0çe6\0\0\r\0çe6\0\0\r\0o\'\0E\0,\ro\'\0E\0,\r{\0:wY\0i\0iG:wY\0i\0i@9\0u75Z@p-|2\"\0_\0~m|;^.%l+8cr9v83ӜWޚgbo㺳~]BsID=2AW?ŭt\rH훬Z}vџ;hR?9GdU|tW-\0k%*6(Ps\0)\n$<ض	|W|br)\0y\r0A\0ಟ\0UR=-/[qӀ\0w)||SSIqiZK#%CfɆ60A<~@tlM	|zoxOgmđ7݃<{|%L_<=AfGll/ԍ<@G\'\0\n(#%\0F?\0\0\Z??_i߳\0\r(#%\0F?\0\0\Z??_i߳\0\r(#%\0F?\0\0\Z??_i߳\0\r(T\0k{\0ZXZ7r\0I*Ft\0d_|ҋM\0`2	Aז`(7\0kO3̳MkBeQUq\0e5GZ\rww>6IMu;7ar.<Fs,3)=/~\Zt=3Ot}.K{kHac4QT\0\0\nТ\0(\0(\0(\0(\0(\0(\0(\0(\0(\0(\0(\0(\0(\0(\0(\0(\0(\0(\0(\0(\0(\0(\0(\0(\0(\0(\0(\0(\0(\0(\0(\0(\0(\0(\0(\0(\0(\0(\0(\0(\0(\0(\0(\0(\0(\0(\0(\0(\0(\0(\0(\0(\0(\0(\0(\0(\0(\0(\0(\0(\0(\0(\0(\0(\0(\0(\0(\0(\0(\0(\0(\0(\0(\0(\0(\0(\0(\0(\0(\0(\0(\0(\0(\0(\0(\0(\0(\0(\0(\0(\0(\0(\0(\0(\0(\0(\0(\0(\0(\0(\0(\0(\0(\0(\0(\0(\0(\0(\0(\0(\0(\0(\0(\0(\0(\0(\0(\0(\0(\0(\0(\0(\0(\0(\0(\0(\0(\0(\0(\0(\0(\0(\0(\0(\0(\0(\0(\0(\0(\0(\0(\0(\0(\0(\0(\0(\0(\0(\0(\0(\0(\0(\0(\0(\0(\0(\0(\0(\0(\0(\0(\0(\0(\0(\0(\0(\0(\0(\0(\0(\0(\0(\0(\0(\0(\0(\0(\0(\0(\0(\0(\0(\0(\0(\0(\0(\0(\0(\0(\0(\0(\0(\0(\0(\0(\0(\0(\0(\0(\0(\0(\0(\0(\0(\0(\0(\0(\0(\0(\0(\0(\0(\0(\0(\0(\0(\0(\0(\0(\0(\0(\0(\0(\0(\0(\0(\0(\0(\0(\0(\0(\0(\0(\0(\0(\0(\0(\0(\0(\0(\0(\0(\0(\0(\0(\0(\0(\0(\0(\0(\0(\0(\0(\0(\0(\0(\0(\0(\0(\0(\0(\0(\0(\0(\0(\0(\0(\0(\0(\0(\0(\0(\0(\0(\0(\0(\0(\0(\0(\0(\0(\0(\0(\0(\0(\0(\0(\0(\0(\0(\0(\0(\0(\0(\0(\0(\0(\0(\0(\0(\0(\0(\0(\0(\0(\0(\0(\0(\0(\0(\0(\0(\0(\0(\0(\0(\0(\0(\0(\0(\0(\0(\0(\0(\0(\0(\0(\0(\0(\0(\0(\0(\0',1,'2015-09-28 09:24:17',1,'2015-09-28 09:24:17'),(25,9,'1','DELIVERY','\0JFIF\0\0`\0`\0\0RExif\0\0MM\0*\0\0\0\0Q\0\0\0\0\0\0\0\0\0Q\0\0\0\0\0\0\0Q\0\0\0\0\0\0\0JQ\0\0\0\0\0\0\0\0Q\0\0\0\0\0\0\0\0\0\0\0\0\0\0\0\03\0\0f\0\0\0\0\0\0\0+\0\0+3\0+f\0+\0+\0+\0U\0\0U3\0Uf\0U\0U\0U\0\0\03\0f\0\0\0\0\0\03\0f\0\0\0\0\0\03\0f\0ՙ\0\0\0\0\03\0f\0\0\03\0\03\033\0f3\03\03\03+\03+33+f3+3+3+3U\03U33Uf3U3U3U3\0333f3333\0333f3333\0333f3ՙ333\0333f333f\0\0f\03f\0ff\0f\0f\0f+\0f+3f+ff+f+f+fU\0fU3fUffUfUfUf\0f3ffffff\0f3ffffff\0f3fffՙfff\0f3fffff\0\0\03\0f\0\0̙\0+\0+3+f++̙+U\0U3UfUU̙U\03f̙\03f̙\03fՙ̙\03f̙\0\0\03\0f\0\0\0+\0+3+f+++U\0U3UfUUÙ\0̀3̀f̪̀̀̀\0̪3̪f̪̪̪\03fՙ\03f\0\0\03\0f\0\0\0+\0+3+f+++U\0U3UfUUU\03f\03f\03fՙ\03f\0\0\0\0\0\0\0\0\0\0\0\0\0C\0		\n\n\r\n\n	\r\0C\03\"\0\0\0\0\0\0\0\0\0\0\0\0	\n\0\0\0\0}\0!1AQa\"q2#BR$3br	\n\Z%&\'()*456789:CDEFGHIJSTUVWXYZcdefghijstuvwxyz\0\0\0\0\0\0\0\0	\n\0\0\0w\0!1AQaq\"2B	#3Rbr\n$4%\Z&\'()*56789:CDEFGHIJSTUVWXYZcdefghijstuvwxyz\0\0\0?\0(\0(\0(\0(\0(\0(\0(\0(\0(\0(\0(\0(\0(\0(\0(\0(\0(\0(\0(\0(\0(\0(\0(\0(\0(\0(\0(\0(\0(\0(\0(\0(\0(\0(\0(\0(\0(\0(\0(\0(\0(\0(\0(\0(\0(\0(\0(\0(\0(\0(\0(\0(\0(\0(\0(\0(\0(\0(\0(\0(\0(\0(\0(\0(\0(\0(\0(\0(\0(\0(\0(\0(\0(\0(\0(\0(\0(\0(\0?x\r\0T.<IPI\0dH(vo\0?૿>\0>/-WO%E2E-ġFG	7\0/\0	եw\nZ_Et#	e#n<v y՗[sXkv%:3_M\0Qu\',\0Ŵ]Z\\Oryp<р\0!WlZĞ0\rBl׭\"IwݢFڍCO\0PfEh:dѿ=8M!HGr_K0ʚVj[2\0k{wQ$\0x$W;5|Q5<GZQnV3[pHp?Nx#DKZ_Ȅ쇝\0|</?o>(xJ64=zɟ;CNIP> F17z².eD\"o~K_xK;H#\'G?Eab;h$\0ĿFg\03=-SNZM0UHߎ1po$/7|ėSHUrhAo8o\n?੿SY4?oI.-W227qo\0`uĎK>ڲ1k6qu$1k^\r~Q@2|q\0k9qo~Ն}v9;2ën[ˣ\Z:ͷ-ms1xƿ_(	\0d\\`\0;q\0/Y/??g\0+o3ig+4\r?>WJ?g/1l<w>:|>4\0-#`F:1s\00}c? vd\0??}\0q.=vddӿg\0C_P\Z?*\0\Z~?\r=e:!.NF>A݅\03|-_߰7On^`A%%7B	5E\ZW[Z/G\\S%\rs$d	@x+|\0+ğtl&4Z\"qVi2:p0	<u\0,\Z|Ejw$\r)df#ǟFCQ_tKK5,f,Xrs*OP?h?:LKd`\nB҉0>\0I߱U;L_\Z|CG6w֒^<dQBRJ.\n(\n(\n(\n(\n(\n(\n(\n(\n(\n(\n(\n(\n(\n(\n(\n(\n(\n(\n(\n(\n(\n(\n(\n(\n(\n(\n+?k_(SA3¾HB@1Y\\q6=E~T~?{o_x?~\n<{]OYcX.̞[\0?osw\02G\0zƙ\0]kWʗwSG?9뀣J(ڊ{\0V	5՞9QU 8 M\0H?\0:\0~ #ڛ@_\0tG7#\0\0(\0\0joF?\0uQ\0\0+\";\0\0GGDwS1\0h\0?_\0cW\0M\0H?\0:\0~[\0 >hE[X~;Bdo$+\0z/yE,}mvqleyac>`\0B pzn~_)\0z,m\0	FIٔhkڤ6d\r}9?3RAѧy.<?dϷXtRxhQ)E>7RL^vHFY}Q\0:||ZԴ/~e;|W遜yg/?_أUvw2)tCI\0prV@H$r2+鯄K#!\0S#t4U]s\\ƉyjW~7WW20[DYwbUTX\0?ྟ?m/\0í#EF\Z?#̾[*I>4j\Z`\0S?\rIEB?icUb0(\'2V]o&5\0L[I>={|%/,0iV4GBL,\0ƾ3_58~њeҮk4i>02C-Br?x/d[\'\0tWCCgc\0rǻǖwbYz(((((((((((+m\0!U@Z¿<_$m?-u$&,\nMzY?ཟX_C/O?<^nӯ.Ev[P\'yee\\E%|\0\0m	o.i?\rڦ\\]ЈC~T	.d\0b#@9f\n(\n(\n(\n(\n(\n(\n(\n(\n(\n(\n(\n(\n(\n(\n(\n(\n(\n(\n(\n(\n(\n(\n(\nk.\rBE\rH;UTI \0	?X%Jmώ.Owv}x!a;ż#!敂)vOϟگ7?য়u\0(NikF\0G/	BX̛I<\0l:\'\'O\'~ċ~e+3XO1nTdh=\rg\0\\߁.<Wu$i]SŚ_!ϙGN:߱o\'gq\05cMΗ\'ſ\Z[G6%c2J# \0>3UkcMZ)\Z|7o;IT[v&ẹQ\0i\0m[KE?#ɷ~x{(ilgk;\0\"\0ZCusoQI\r\"FuluI\0O?a\0e|#oy3\\yq=܅&aK\0s_d↸^\\]jvvCnӻd}dh\0\\a?!y\0(\0\0?:j\0k\'1iA>Yj[]i!>$dG~Q@ڗ3De?c\0?A\0RƟu\'2Il2I-%$Iݑ\'\0IA~8g[wtQA[M[	ɘW~?ݯc#|LgwG!0K4J3䐣xEPz\0\09xo\'_^}C2 ˇy nU8*y]u~[e%u<A_V-<V!g\'<	\'@<l`\0+&\n(\n(\n(\n(\n|뷒\\_hMĠ{8w\0\0	<>֢;ֿd/$Q_DnUgphlu?M/vN?xLw|6\Z3?S^E_\';%\0g?Cx~\r{1ϧ\0_o6|D׏~薻&k^\r\"ZZE~&YP\nvEV}\0j\0|3\0N%oe_|CoF<c0~!ܩ$L6\r1Sт,6b/#_*gnA,:<% rLQa$0N\"-\0UM;w߳N+EokWZpͺZ(e,fڱ\n_f%	/\n\0O-.tҟkX}\ZcPq4>ImmmcX$	H\n\0\0\08\0TV/)gU~(z8O^$+2iu\rx4o;{};g%XKapyhB\\|x/G{\ZNhF?QK[T\']O(\0dOۏ?|Y\Z/4ea.ld .@ sӚzB\'.7Tᱴ|?{1{dQU\0?^>Ҿum;Eį\rڤ~?83Rų,w/Ep?Mko>2|m˓^iw\"Q1ʟ~)tUp+((((((((++_J\\]GēWDMN?vn\rV\Z03  ;\0vz??[]xKӣKA`гBlEGR%\0\"?E\0V~ϳ6q>2m\0H<,:<lw0,623\0\0-AI?jok_oƇVy5xJZ~DL1Gȭ@ (\0(\0(\0(\0(\0(\0(\0(\0(\0(\0(\0(\0(\0(\0(\0(\0(?/-{Ǟ;-|7}SԮ;Xjf%T*İ\0qZ>!h|:E麅K{yP<r\nAkwǎ3$щX`) no.EaS\r-d\0$)mK7ӱ3v$8و\0$(((((#\n9\0	\'/Y~(x\Z>:w߸>U\0ff`\Z;\rtag_^BL#j$b8ᦚMbCMQS5h-~	#O,N[vLJy]d#$a\0>o\0⿌a}\\G-ᯆ$Mu]\"+x4<JD߲/i}k\Z?n?(\\?\0ޘ[t؞jVe/*kSD>\0!o\rkO8u27\rn$#|(!@)e]CƉgv~ֶ,0[D#DPUT\0\0\0\0\nEQE\0QE\0QE\0QE\0~6\0<_\0:~џn/Ci>#cBpe{[>~8\0Vǿ_i!όSz鍿{g!kķ\0\nC#\0Hc\0(\0(\0(\0(\0(\0+L|W;|\\<LOt忇|v#̶˃oƛw#Kod_؋L|Lf:>\\&\0om\\6|Q,?	\0B\0ԫߍ^\"F~7#.^Ipj_/bIVC6%ڇ?ѿV\0iMrhHR~((幋WAۀHߧQ@^EPEPX?xg_5/?<7EiwvIrZޢ?!\0h6\\>&]|Z+k|yju,1o$3\"2O$𓁄^Er/?b\0.ē8\ZG[sAс<\0bdj~9O5Po/\n^2𾪸5k4r>O*F\0@|\0	}ԗu^wm\'\0ބ#*px \Z+?+|Q/k_zi\Z-<.*Gx|n#G+\0._N!M};\0HN\\*<KHJ*ZeŽK< )`]Xd2ApA\0QE\0QE\0QE\0QE\0QE\0QEzǊ<MYh~^H#+*$jWjqR> w	2\r}\'ᾁGuK4$aOqʑ\0~О.\0~ܺ/7Twq_|Mh|[!x3.A	]NRW/9GG\r_\'e嶌Hr;]ݘM\ZQ@Q@Q@Q@Q@Q@Q@Q@Q@Q@Q@Q@Q@Q@Q@Q@Q@Q@~-^ \09>߶#[k^G{6$p2PWζ8TcK\0\0%|#\0p+>_/S-Kܕ2C 80(2\'i>4&~3音>|Y5嶥gdE4`\\E<s\"x,lu]*S;x-&YC$0e$AP(\n(\n(\njq}}qogggO<#gf8\nI<\0*xvV	mJ:3+/¿`pAȺP\0\0MM\0nyy೪C?5S^+\rjP%\'s9 ax@D\'?M_\'O[G\":\0Hc.t) \0R,Vq[S~\0\0\04zooK/cVSokwڥլ&g\Z\r5,>U*\n(\n(\n(\n(\n(\n(? oEh+ oEh+\n(\n(\n(\n(\n\0\0Y|_ź5-K|X[P@\r v#+\\9|o`\0at%=?v,_ZidE.У1LF|\0\0@j_\Z&ҿ7j>\"od[(o5Lf!e;K#{	1$k<Zk>ו/|cERj׸8ـamJƄ79r~`(\0\0?/Gڇe¾2jzvvHBϚ\0W?OȊ\0b!\'tQτT`$ٖRR@?Gm(\'wv7ůi~9\Zj&;ke̒J@إs(9\0迈5\0eoegu^\'!|ŵI\nORQu<wE[|H_i_WKq5燴ı]Ơ*$*>Q\0\0\ZJ}&[X!b$q\"*\0\0\0\0@ȏXM_VV@ha2zyqjL8#El\0}?fUۆ4<9Y(gbB_&@֠v,П]ԊBE#FW qk\0E#\0\nv$Uo(u7syO\\~_?M{g+=\0l	(3cloJ([_Sƛ{T|_J}+Z޽kb$2oЫ:|9\0do]ɴM-mq\'͵Ԯ	<?(J\0\0|]\'mkΠlM7E.a5GKwpp̑ReĐ?د=xfB5+#a=]A\Z=5/ǶE//>4i\rĖz#d1=kd,73\0\'/GB(nk#	J9~$\0?K84\r+ǞO2)|?.Ճe7r}\' tW4o?\"y+L;\'y^\',^DpȪ@rm%@ā^,o|{5٧⦗\'u\r7PJ`Y>ȏl\rn.P\Z\0Bz嗉{]GM4{{iVhn#atu$2 ժ\0(\0(\0+/o\'gE⤟ؾcUݻDF뗐0XiLȸ`W\0^୾\0IxČǋ@.5~sd\\|;7ɿF%\'o߶|\ZƏOI~`2̈b]pQ\0	},94\0\Z>#HϏ5\'LrKvi/%Hf2JIoE\0QE\0QE\0QE\0QE\0QE\0QE\0QE\0QE\0QE\0QE\0QE\0QE\0QE\0QE\0QE\0QE\0QE\0QE\0QE\0yy|<\0~\'xv~\0c$s(>])\'kʳ){iGW\Z~,~>*ԼİnTIN(C4ͅtk?\Zk^\r񞇦\"k=KLKowv`{0U \0\r?\0\rƞ4\0xWĖ{VRyD=A V\0I_~|l\0W:_xZO؏ź<CᦔK}ɥ*Ef|#Ub j?k_\0\'?x~x[J\0/) 4nQE\0QE\0Ma?\0_ĚƣFg{JXz3L@c߯?,Oy+mľ5IgɒX%vȦCahI*$\0\0?\r_$esOxR\r20BIj8Rp<\0X_\0iM4ڳ1	FZ/8KdFyݥ1cbq[wQE\0QE\0QE\0QE\0QE\0QE\0~@\0/\0\0UӿѬW~@\0/\0\0UӿѬW\0QE\0QE\0QE\0R(\'\0??+xfMgk:T\'Uޫ_sX]Z`dKK\0pG_\0\0^;><jGYk#L=w-FQl\Zn(x\0^(ZhQE\0dfo\Z>mSԯl6/RqNUAb5/hyk|suus*HGv!UUA%\0\0Iß><ApIׄ\0bzĚhkAa-q 240>|!a^\\|M|53neit.:O*\"VH!,y_kᝏ~KA_;IKhw`#VH,Zg\'\rl|;\rY٦m!A=Y$I\'(*YxgI5+]>ʱC\n+L\0cպozԕ:G!\ZA!yճۃ#\0P~,~x7VxFѕx|oneHU7@\0?d\0{X-Z o̒Mn&vLV\n4\0(.fՆo\Zi\0,@\0|#sS]F89Hk!\0)_c\'/1~?ns=pGi_3=Q.k3\rmOľY#A@=\0Gŏu8ӯGtu\rhӬu\\pHSww\na\0>;1K<#q=\0\0oɢ6&?ReEvrIbJ\rmaʡKGs2}\'\rF_<!kBUҕ|C_.+s-̱[()._&~7W}V v6\n\ZiaWA47|T-a0jRMS҄w=NDUѹX\ni\0\0\0zƱ#⯁]Z8c6ףpKH6HE?\'\0D7\0/?un\0z/_	|n&NOYkGUygGe(QqľbI\r~\0Ze{x_WY0IF\03\'\r~~<mo~&{[/?-\'%嶝q4r^oDVqȯ\0\n\0d\0K	=gυ?xĿ\0Z$ş|b/[A9$a\0R5KO&v\r%ݰ2p	@CjO0~krܟrC9\0~|`ۋ-t0:ם|Cv\0t-X}ġry\'\0L\0ToJo٦>5KjdǇa}Wr#A0if?,jGw7\0\0߲soԾ&j>?x\\ڃAi_zuIQ7DP]_m/)Oߋ6xcyx\rV]Ԓ~tPp53,m\nѳ\0}\0\0^xW-Pj?rY\0Y󵼅MӸd\0\0VCs_k|BU]|5kLE&*\0Or<~|+ᯎ?x;]Mz]ipqH8 :8 :MN(((((((((((((((((((((\n~ 4+UNKK;Vk{dR)*UI\0+\0<>-j_\04pk_[L ]ldܜF2:?8?p\0l/g/~w\r\rr(͜yb\nys\0\0FV\0e\0X\ZY[3ۖ0K!F9	Ow_IV\0W.-byJJ>\"U=+M.RuVeWGRUH \0۟\0aōp>ѦeX	on7M;䴀HG\Z+k^gDxλLx]NO&R>V[<r\\[?ggv?oӡ9U/ˬ3rw\r?¾?>J,]Y\ZJ;**)gړM\'ǅ M ner$\0,~W	O.M_>_\Zo-Vf֬܇xH$eE0[\0]φ?T+I</4|9բ}^M,%{G`ko],X;\0X((((((=[Qe*w5~=[Qe*w5~((( R<a\0\0\0u7=s◝pFD]CEqPG˶Y#F\r~.UeuK< r9\0~QE|m\0f?f\'w\0\'hv\"Milu-eڦJ\Z]V\r{\0\'CWǯMyg\Zm\n͸gL\rʃKeP|Gھ\0\0ugGS[8MT)ϛI4A\0\'>cV>Я	{b y }m	\0!Hld# ~?g\r/ud_6T*\\]HĴr̀2p\n?+Ggi~ߴ\0_\0|Ru?s~ڃ%\n+8~Y/3W߳`/O{;-?_h\0N\0L-J[_Fߴq/\"2ݰCof8:c$Vſ[f_)d.^w\0\0k|~U/\0/$\0|y[l_	?nߴ\'ƿ\\\rK7z]ЦLxʫ@C\0gÏg(kҥ\rݯQvyD,`Dʆ</V\r^jV@w>w[81q+HHA^r\0L4~Ϛǌ|7nx?-h>ki7R[vUzkdT g8$\0~zx5A>\0/<7KOִoP:,er#e^p\0\0r\0j$o)1bVE\Z\0{M\0q?joI\0~u^PG/\\hent)w˵wIH:Āxr\r\0M\0xM=\n	\rBmV\n囌9rX5\rO*+5?$\0oOrGR*ys	!?1$}W\'cCC_/(|7.\ZwLcקpE~Lr>{>u?ٿ\\֓ny_˹PJˀIIÔ\0~YCqo,s΂H$FC8 A\0u3o\"w/Ciwן_xO?ٱ)pne\'m18H+_4xgEx7U</=20:22e EM{\'=-|aU^XGwo*t%He$RN Gُ߶s*	\0f}M\rl\ryAs4OV*+\0hu>\0xIwֵ+-*S,QՄֶЂx/,E/VyFI_\r|[.9d$\nTmRelH \Z5:\n+?ZaFo<Qo39ˇΘugh\0wú]6ivemco(@UEU\n\0jW_\'?|LI+ie	S{&;Kdb`dQb	\Zow\'|JIރvuVђ<a\\՘+2JĿ7o8\0jocIA{\r~\ZO5X,+\0&iRN0d\0,?lOGX.~|4;^bGjceSx.7Ӭⷷ8-AQFR5@\0\0\n8\0_\0<Q|%ּ	:O#\rC(Id\nnc~m\rou|b:~jn]h1ɗ`,Ud(G#8F̢>j\0i\0WT>|7u+d,`ѱlZ6~,KY>!_Kռg-Ji#KpBڸ¬ 277\'\n5*/쟡Pa,<?FrI|j*0>(\0(\0(\0(\0(\0(\0(\0(\0(\0(\0(\0(\0(\0(\0(\0(\0(\0(\0(\0(\0(\0\0`Po+/\n]%nLKk.v08`;l~)Ex uI+OwMȌHVF8HaA|^\0\00{f ѼRg\02\"uCNDXnUWKin	x\ZAV&mk!W;|܄ǒ;q\0hP(;lx/<\nbAWK5Mˌ8?uʲ~\0m_XOٯl:t=.\0.cYGș	]vCy.?\0F\0IG*-cXRf_$̹n捁\rѹF1VZ_W ?ZmMКOsxHn5	\0T/\"\0HD2k	?a/g\0c/\0,z/Y#YcD-FwYF?\Z~oXAuk47VQTaeaAk\0n__c׀+^_d̖WJ|CF)LвG\0C~ݟIWlv<l#VX\'ȄN/\0[698~_?K?~77_~~.NҮH0JE*aRC??O^(eo\rC.n	UtOH@wQE\0QE\0QE\0QE\0~@\0/\0\0UӿѬW~@\0/\0\0UӿѬW\0QE\0QE\0V߉/\r[^.4\roBkCSnV!՝؀ {\0\0?\Z/?&]2Q^0٦pL>tn+w2E-YL$oCM^kzVQgd~c$tD1\0=_\'K\0177]ᯃg揣iWvT=V7cW/$\0\0z\'\Z\0<}V|X㉘4ZZRKokXe0Hy+;+\'{~Ǉ|?\nmm%c\0or	9ݸ_\0Wg|l˿o9v~V40\n^a\06U$[Rd\rk:ŵL7*&N?xH}\0EaCMCkkk\Z1 HEUU\0\0\0\0\0\0`~ǾOk?^x,n]gnZN~a[l\r4Gм!|X4!Hblræ+\n(,w>k*|6<i9,\':gr~ArCa Op\'_/|Qe[-f؅빤kr#̙B\0Uof\03\0/\0c}jW㏍8Ox7;W5A-fl<I\0G\0j\02xW	eRԯ#\Zuk]ǵy?xBXbIyc\nEP0(\0(\0(ς࠿\"NB1\'R\\[˹LR+u{\0|t\0u~xTʼY<}\ZGTUQP@G_P-O\0d7!Bh)5ٲX)<n~\09W~ܺǟύ,	\'<^<AVŮx󭭴/j2|y_\0\0q~\0/t>\0	g+e|cծ$)gmE|夬+	-\0׿Ax&Ko\ZG+LAy[YڰS,;l,`4MO7{g15/cw/<RiXym  vlIf	C\0_\04/|U`muَGo#G#9\0[]3>ӉmmO<K3PH*\0,?\0c$YBm\ṙs¤Q/Y%ʢ 坔N\0\05xX<79/-FQpFُ`ԞI~\"xS¾3\0m8O+M{\0M45n|kz\\ĮOa,)=Cf߈_swKi@|tԼ/(P/\0xFh_ĥ,buc\n{v^,6Ot%hBh\0\0PSz_5czf\\	meacn֑(h\0P\0GlQE\0QE\0{oGq{R|?ٯ:w\nZ~t9员K?.6BG+(D\n|?\0/<>W~,ӧҵ+IT	z6Ar(?+H%|u}j^=隍e#0AV]U~<\0\0٣\0b_-ω>	Ve$t&Xn\Z(	($u3\r@Q@Q@Q@Q@Q@Q@Q@Q@Q@Q@Q@Q@Q@Q@Q@Q@Q@Q@Q@Q@Q@~7\0l\0b[GM<\'y8\"qami\")`Ld\0~^^CYqq,p[IejKx\0I5\0X]~P_mլ<YBWS-^[êZå&<(\0~[wo$RƒE\"tuܮ~R~_n/П?HhUd,H\ǹ`疿Wكwo_<Ab7~<.$Q$FxNy[\0\rf6oG;B.,u=..n=$BU-M\0l߇3xO◂|?}L턏lǂ1$2qeoz\0c\0~Qr|4\0\\i%VV@j\"0Or\'>#1xோG\'OCD+HfJ]\08LF{k⿇>.\0<;yz1d[iʰ  B\'?.+~tf;r,uv9\ZԿ[KF`PdQ`~@y6\0RO(:AiK|~iVo/[uIx!\0*1kr0enb~ſqOki?fOѧi\"h13;RY[󑵳`d\r˟?=(>._!i\Z,%7\0\0`(a\0ߊ|;%7*0G?c±\nOb@<E_>2\07d5{át[}^\0I,n\0k~\r`Ak\0{~9CUc\0_%m|;/\'\0_5Yrj,C_\0\0	vuiQ\0zo.U|Eo+T!g.h\0\rW\0]*+?i%>i\0b\0C>nrr*[)WKAi.5اwqbFR觞2\rЋAv?\0\nʺ;R5c#jHr|F$*d༿YP|U\0{[?\Zèq$X[vAfaJy6q/aL?,s\r\rtg\nFF \0+_:WGk~\0]=Uoq|`NCQ\0^t37?f?(\ZU-b@݌^69\0Is\"K\0\0f\0(~5o^ÿGv,rjڑ9\n L+8o\0[O/O_ƺ2A{+gBVRYdWj!^b>f\0^\0Pc?W,;h?o+Vк6\ZD/66IW\0-ĪB!}	N>5~%~\Zs}῅<mu9I1nVe_<87O\0/?-;º4~],s9F#/#wbY,5og\0zG\0,\0տeh2ߴ>(y8>T\05og\0zG\0,Ꮑ\0q_^ߌ_5\0)\\|>Kit\Zmk1>b\nJOΟ&K2_?\Z\0B\0=#\0tj߲?Y\0~? #?gGF,\0Ѓ@H\0\0\\o-OCdyV_g#2;u*f~\0\0>{2~\'\0ƟammEu\Zh^x\0ľl2톈m>>\"o~+]xȺ\nxKGdb7k}A1);c.ɻz{\n_B?giQM|Wddx^`@lrĘH<DA\'\0X|,Ե;mxS5܎cZ<[q\'yd#HZ\"\0~6|xҾ6T>!^N!4ˋ=\"яV\'%2?\Z*#\0\0~AcVeeX-[G7r6B 9 E~;/O3l0Cgjxb\0#=p=N\0%{՛2s@@,g\0pN}}؊+?:c\'MKֹcyRN>Ҿ\\		qF8ߴe\'oKZr#B>RJ$]*0NYiv?a(ǻ?([oßz]҃wifbc&\0~_5ᾚtKXԇ9#>2\nB?b+T//$xn\Z-4\ZN[Αp0r{2\rwgֲ> !E$Q.l~s*\0?c+jvk&U$?a89C뿴\ZoZO+dc:D1n+J\r|r\0+g9~ǋIf5[bXPfeY~ʑJt\n\0B\0g\rN~ir$֗j6&6H4ls}QGz?O?6y58Qi&4\0m1.+wmm\08wf\rȖ\r\0\0N?쪧I_\0SUS\0N$ό~|$O}Eޯq/o\'0ҿ.?п/%!xO o$XQm`BUVH.\\msg\0_K\0/ߴ<#Y[Yx\052\\NAf#gW͢	#/tv\0*X6\\;5~kY.ZF[BH>+ER+\Z.Ԣ&X-*۰|STC¿_\0:=+[661 {331,Ğk5<cGM#z!w6ֺg yW2\0<#,Ph\0(\0(\0(\0(ocq\0\0\0Α=z<ˉ]<ld`U235Agygżo:	\"6)9W?X_f/(Wsj>wZFKQW\0_L߶_:>{| 3YE	7n$e<Q9/%?D(\0(\0(\0(\0(\0(\0(\0(\0(\0(\0(\0(\0(\0(\0(\0(4\0l_? ۈUHeld	\ZaI?s\0j_xe\\cn\'aѬ\0f\n[`6ׯNvwj4WѨwv!U@I\0W\n.xMnF\rK3hGt\'C5\07\0kp5vu\0.d[X\nlY@&8.͸fxbdB^ZMߖ9U\\p\0;{r]/e\0E`)lf$a\n~_dxgoge!b@?5\\gla kTmgJ-ز})	$;>\0(*iH_ODha>&md4>ZطHFkxT*BVK5S+\0/Fkofռl6_dydo\nz%~5#{nxR\"9rsß7nEF2\0qGz7_y?	|$d2}2ލ fI7/\0u7xcn<fs#BH%qyz\0}Rʊ\0 r\0;\";\0\0G_P[-5؋^~\0+2nu$ə4uy?I*ǯ\'_\r\0urojpI.k(FJ2<jH\0Hfk/<+?#ƞ,g3tRqzlOF\0g7\0eWi]Eqc}އ\0\0\0joF?\0uQ\0\0(\";\0\0GZZOaGMl}\0X-9/s9?\Zl?1n~(~ў%oP_;Vomٹ]$Ұ+a<R\0OMRd\0}j恪xHr,(sw;YZ2\05TsF\0<qP<;MEZL:T7ʰ{)3\0w\0HS\0U}\0\0P|\0|7hmִBrs>I1H&<~|M)g\'@F#ƻ#7%q\0ЌP@dqoU6iqR99U\0\0h-MolgOԹ\\\09F<Ag~_̢\'k2#*b NdS|)_^ȅI[\02KLTsDJ\0~n&::g\Zvqs\00!\'\ro8Q	Mƪ2tG\n8\0go2qE\nt\0<:!_Ŀ\'渗O21]̵W;v`N_\'ᷘĬDFؼ%ф##	$.9|\0d]rxތ2FJ&Cpv\0b}yĚ/X9\0g/&s\rWn+xoAp/tmwcbu\n|O|ItѝC#1󷩣?\0q3EDյ$mS.ʎN8 h]_g~\':Fxj\0cO\0i?؟K\0>[Ko\rNnn@*(d/c߲[~oߌ_\\㵺4T«Mx\";N\n$\0?O>T\'^V8`ndhH9iGǺ&Gv>5sb~cḧpB;n$\\\0t?	~|4gHtQtmeIG=̿+#lD;J}?hcJm*фi⛆\nxǛ\'c~\0gg>+znE.5{QFZiHl\nQћ|q6nȶ״2r3X?NO5?L		x}>|-9[G\n2ZkWg|_@Go%\0|Yy>?2_\"pM.#d(%,ı&M|M/ufq	\r:.n=9Pu>H\r:o{f\0Ce<XWo\0ſiW-\r߆zӧ0Q@W?[⧇~|5|cZAφleu=Bio\Zw88$\0I?,\0q?iMKOGOז:c횕խۈSq\n\0\0nA\04:\0~|~uH	|v$,-Nوܛnhd?+ύY?xW+Y\0,kev.bk#,ςQ|xyI/٣Ήt7o\r]\rcN--X@b\\\01(4;z(\n(\n(\n(\n(\n(\n}\0s.#\0O%D()ڨV)$z\'\02?k(W=?iow^95}n+PwQFG\n\ZC(zv#>4|^\0\0r5qN5q_-=k>+r-һ(,\Z*eW\0\0nx	q0i\r\\:wS@\\p#*䜳p?F$_?t5_>\"+SԮ82y[hw2Ƽg,v\0(\0(\0(\0(\0(\0ӟWn\rDӉ1oAt^<2\ZVR~W?\0_^.iEF3u\08s?_\0(\0(\0(\0(\0(\0(\0(\0(\0(\0(\0(\0(\0(\0\0T߈_\Z\07ktڧa-Y6ʗ-AO8iNc\0\0\0~?Nm]kŖ.b135uݸ\0\"+?_PO,Ig.\"iL0RF˵ W_N7i\0zM!~!YP``Up\nA\0~N?jeB>\"xpianP73\0dn\"¯_\r\'>\0i6<%UsWEE\0QE\0QE\0QE\0QE\0QE\0~A\0cwk]KW\'~?\0\0?\n\0<{muı.>00Gk0ڿ`( (\0(\0(\0(7xA}>T;{{`uk\0[fZ{Γ?Lּ&mt4L([y;+r?4ٿ\njW7ټ+fizu7*eA*)Ռ<IxA4BT{[9{{d::t k?k[POů\n>*/3NJ3NvK\0qԿzu؏մ{GuIk~\'{_[.Dw[UALIjMl?x(?&-䱓D}񮓥%(,|?8dEU0EWIS G+V\0|5G)<Á]P]A{u\0O)\0w¯\0	Ƽ׎. tG>uI*Ŵ\0YpW$e+_\0dꯆd;|DS=$?r4	VEBNՎO\n\0P|w\0iĺSǫ_Vj:|A?0hmSb%H\0ܹnSv<3g)\0\0~<)k\nZzn-ͤwl!{$??$]|!?>\nӛh}	 \0\n_G-6}\0?fo?kk,]Q/ܾ\\؍(sC\0F\\\0 Wo\'\0E\0,\ro\'\0E\0,\r\0}\0E|?ƭpYWq3xS]q@gt\0?bC$%\ZH\"͏Mg:g۫mΉ;3iXZmݎH%+=`2#N	\'\0oOO\'/\Z5\\˿~*A\0vVV*6!:xk\'Z{]CD/HԐV}]m$\n5W?WV/S:(ʉy (\rw>O\03xPc⯂>&S{߄uL) `0#\0?C|}ivB!Kے)uh+0`Nd3׆]S}AOԼSZ]|ZRÐO5A\\~~%\0x\0wOH!\'&揭X[6QQ4O2#,3C_J`cj|%\0ҟL?Yc]g\rK\"Co\0k2ϐ98y	vfSW\0O\02\0j_\"h^(ėzWmum<qr\'hoؠw./V\0o\0?	ItT5{QGaoɒ#@e(+OfVC?R	cx5ط5:O4?\ZN	=,9σ\0MoHuo8/o50Px-eG3^i\nd>Jc~7_#|/cx-m`7|F6O\'߲/\0/ū>.EϨ6۪i7*ǒBVh.Rw yXz\0f/\n7ۣE/6!X,w;Lʭ\"d.IŐ\\?](7\0j?߳~*x:.<?m2=B\0$ֲr[y̲DõzE\0QE\0QE\0QE\0QE\0Q_?U:3675hr拦޻\" mEawpwJ\0X#>=֟|tu.ٶO-+s-ɉDeo?4\0l\\<q[Cky-dmkėYpY˴K#9h3\0y/>kgė>(Zx[QrxQI!MF3%ƶ	hj\0\0K\0eoq^ռI**܂7H<?K(QE\0QE\0QE\0QE\0QE\0\0Y\0;\0wFlpC}\'Q؁ﴓ=|z}ȏ<~O\r_wiI/╄|@Gd38@l~Pj][k,m7+Cަ((((((((((((ɿ,?~8A<ER=<Ii77FD,qf[cUkO֟H$?s@ۮx;q-f*,b\0?^\0Q|΃_Vߌ<[*nv5. 7W\0(\0(\0(\0(\0(\0(\0(\0\0xf>!8|/Nl~>I\0xeϤ\0G7@Q@Q@Q@W\0T\0/W&$\r뛉>!|ZMot)DfV*]ȡaaF|@оx/S\'/þmPԵ+FZI%rw$_gKG	q;Wz$M,$imܮ(3%S\0.\rDOu\\;.<ˬy\0T2?~Xx#ោ_WM+\r6\Z;ye`I;`bh_E\0hߍ\"Ve7Z桥Ga;o0]Ms\"X[9	J\0۫_.ӀlQzR:u?\0gr=/ykz-ƽ3^] tqp&V;RE;wgg؏	7<#[\nxh{If3E<|\n|\'?T,߆|\0i?BNlQLe&9RcJ6KGx\0!\"a/zeRǉiOn%>\nprϗ0-\nⓨu*~[	֩kΝ+eld]͙8fT@w:wY\0i\0i_@Q@?	b/\0\0cC?\r\Z/lWFK}0ZLJwWSӿO\0\0H\0z]\0oC?ZPμl\Z2z:Y\0m_\0:wY\0i\0iG:wY\0i\0i_@Q@:H_OZ8>m91¤O#88s\Z=k}Jc\\sy}cE\0|W\0^~3\0r\"<e)39K\rkƞ_v#Cv\00zp9䜒M}Eamn~tXp/|I=1\0\0\0~Ͽ7{]C>&c9 ZKWbd_\r~@\0Ɵo\0N_7,,~#7)M8_<d|9{W_fqo\"&YU6\'vfFFF2A<_/2o&_\0Q5k;Qi!mIӎ1_r	|6svtV|iZ<J탘wD\n]9*QZ?\0fߋah|HN0lA1G$\0dބ:|Q4oG>%Iol	V+Xl${J	g	xCGmεmmgTT]7|3JDHA_;\0E?ۏĚV\'\0A#\nZg\rdb|˔~EU	\0bqp#vj`xIBD;V$m%\0O/\0\\V?>-{^[UIa@h۝xe[\n\0$X~6x_\Z.M.wד%\Z`C3rfU`Wo\no\'[7:º\rz\n[>j\Z[v N7?oO3+BO{]OY:xWckEݖsQhGU_5[\Z/.y.\0w[f/@nAa#\0(s+T]jvoNqisqo*U\"%	1O۷\rY[aѣ&]:E|CE<yj%~n\rj꿳}T?h>><_<Ei=E!%{qs:W\0\n|tM<MŞP}I+08FE|Q>3CL𿋵[xZy8Akoe-	_=~>x_kZidDftVf7!%W\0?zՏnoTŒF/5\"BU䐒Ą\n<!\0?ࡺ(M#B%G\\igZsZL`7(q`5Vď9}K.״ooGξ5k!wI,\"2Hx\063\0h$=&IgӴ[b\ZƲÍ֠q#m	A~ҟq?k\0`_ŏ\Zn/<o}hZ\Z6d؁rI8\0M|/\0?4пl6cΖofkhw(g5\r3FMN~-RA/:BΒԂFPGm#1Máe\0q?ޛ_Gv\Z>16_\Z5bt&4?ۿQ^j5[{\0ǋ4\\~؟_>\0	|l@0\\G8B3WbGa[^;&W,E\0Nj\0low]uߋeݵ1΍!ݔO$Lp#WS4Yƿ?ßv7kC?hx!XYIIn\0ߌ>>BOZhZ1ml) \Zȑ0ȵ̷&\\\0(\0(\0(\0(\0(\0(\0;Ëu8:?{y&Wc$~WsĿCgxyzՃ98ZN?w4>\Zk{wH~s_o\0.g+iwbnu-Վ+\Z\0(\0(\0(\0(\0(\0(\0(\0(\0(\0(\0(\0(\0(\0(\0(\0(\0(\0(\0(\0(\0}?<-t$ǖ\ZѿǼ@Tc*},?\'\0.m\0wd6usx~a9*\0(\0(\0+h\nO|FV\nu;y\"4zI[$Q\n@,\0\0O~./Zҥd&I5mza\0,,>QF!*w\0\0|b>~1^	M|+Kof;|uD!Zv=A>V@.|J\0ӟ\\/\ra\\_!`pXAt\"8KF[	c\0?\0⻨k7:<A;ɑrfYgۤ`B0~xcz,?gD$4TI8IݣP(\0+q\0\0_u%>&Xk42K[D@0Dn%W\n\0./V־ }]\rhz׈pƹ2\0|\'jo	?)-n~VxT扨B|C2(Xn]>X\"H@_%W\0ؿ7m墰׮/|\r{0Ϟc8`]EE\0W\0[(u+	_ʋ\0MHXB-)de,+\nS\0\0\0o\0?y|z#﹊8v䃇	>\0n\0w_KMkq/<S--u	tp\r	g5EQE\0QE\0QE\01\0	h_Z~ʅo,7npOmCӦOW?wΚKhk.nǪ@ӣGP*i>+AfXt=KG\\Y,n铄9j\0m~\0C\0i_QvxcvrG?\r$qZ+\nAyײ|+E\Zk&Sw|J9\0LHl>5-\'<.p=\r;\0\nkn!o|Go}2y!n?@@Ҋ(A_QO6/\'ߋη)\"dW޳\\Y+$r8r_͉iiHP+>\0Sq~iɪi{6R7.~\"7Z?\0[:\r^8ۿ_V#w2|~k\n\0\0o?<kq~\r\Zw%5-[2$5dm\0I\0ݟ?~9𬷿3N~2y[ul+lmۂ!i!|\0ҟa~DV[X\"\07]A<99v\0QۣqRx	\0hO,!/FmPH\0qwL\0I`*)7[PO;Z-_hw?ƚ3f|8Pbh\0C(\0T?躆Z|E\0$ֳ|),d7<\0[g6o|:R{nsk8:t3nXW-\0_6\0_\r.o<Qk}b&Oít1K{o\0M(KS\ZgĿ/HOZqGQ!\rN8GPVXHmFݗ\"8Im\"+/=[\\ڳ	}HO?Oj	MK[P7+T-r_5O̜?^ovi?nډo?O._D٠aE`L\0~\0\0B?\n|;1\r:\r?T\0\"Zޡ:b9z-a%府׮\0\0c[/[zL,k+k2\0.Xc\\BvZcmO{\0ybC6U׋]~wXXF	QZ\"^Vli o\"\Z!	-4d&/OGů#/?sA#}7M3jZ>Mi3P\'c΍ Q=ʿßk*<[Hanm\\--0C*f9Xd`NPz=~!۾ \0\0\Z?{\0gE)~cxѰ9M!V\0\Z+Yx3\\sp|5;}e9oUdH4ѐ#!M\0Tú/\")xPh^5BIL()\"G\04H\Z]hz4K=7M>a$P\Z\"\0\0\0\0U+?mO^|2\0:E	.\"I*Jڝ-KhT2\0\0ѧ~\07\0憏l,\Zw\0\0{ohh\0\0ѧ~\07\0憏l,\Zw\0\0{ohh\0\0ѧ~\07\0憏l,\Zw\0\0{ohh\0\0ѧ~\07\0憣O+1Vb%B_˨z(\n|O;\ng~4~\0lcq\\0$w3`p|+\0\0b|@fc<1}\'/mȾf~\'[gOyuvHĖW	!md)</AE:W=$X2Hd0#@W\0^/5n^q_\\W\0Vt\0ߴujģ??W$\0o|I\0h..\0凷%|	\0{\0,Hʚ`ʺ?\0~EPEPEPEPEPEPEPEPEPEPEPEPEPEPEPEPEPEPEPEP\0~>wy9v5_?IX\0*\0o\nW\0QE\0?%߆3Z^*GifF	b<P0y+wO:\0iY7V\0f٫|Dky0n.m)J*<ުD1&&hwa[[u9\r~ԇ4rp@Hh\\HM\"7?iߍ\0gy\'(j/<=W<%nFaYroL-䈍fv\\\n(7_gᆡO+m,j:lk^F4(^\0IͥI5/jVG\'\0Ơso\n<pBt\0t\0\0\n?c|[?-`6yeY2Z\'7ė%]XG	?DV\0Ǌ.5\0x!\0	\'5wUfiː\\$Q2*F\0\0tT\0\0j۟ڋ5Mc~xb넒ORi1}ȴ09M閑??Ol [[X(aG(ª\0\0\0\0΃Z?/>v\Zne*F8\0\0mQQE\0|o\0\0\0\0{Z})=Xm=VI\Z)X?o~O\'gCĖSW^5qq9eGR[!}[oe\0gUulN]2wmr`4]@Q@Q@Q@Q@p\0u6|B+r/<3hL}VA]s?]on:Q_p=x8`%98\'>\0orCy\'D<䬖qD8;p2I8iSK1u;-R-{}\0d6\\ƱarQ\Zt\n(\n(\n+ioڻq<i\'Ö;-C)\0jpp\r~P|J\0ПToj\r\0`ozJXSgZEj(\r,)!m(O\0#\0as|b񖍢wlEl]j;{5̒HR컢\0\0_\'\rMtu\r^o0\ZL	a*a,_ҟk\r!ߵWiڀYdALw^*U~Т- Bm?Ol [[X(aG(ª\0\0\0\0\0K\0o??u_\ZjZ]@#h$bɆ;VEQ&)NV8ɤc<?p~ba;WrR@:\0m_mō:\0ٗT6><\ZCDg^^љv#Xnrd?>(~Ҟ m7>$E᧑ڑK%B0:\0Ư<3_\0\0k]xĝfkɯp,Va{v`	U3btd\r~4\0?nh,|Bu	!n	7Hܴ,@+b4o3J\Z>i\"OmllaK{kkxPĀ*\"\"U@\0\0\0\0\n~8z/t\nԟ߇mG6پa}(Thotlk݊\'GUEu	o u[|\"~}ۡ$pK*5[I:ȿkiQ?E:=c)2H`_\0^?\0oo(_W_mB=w/4\rEx~F&8`B\0hp͖v022\r\0jb\0)	P2ӸE2Zp4\nH#3]<PBB;F߲\0O_,v\ZjpKso9%,łnƯڗLd>*|Z\"xoQAu{W(A=RHF p_7՟o)\0&o\'7W>?xJ&8XH>\n\n~+{7\0O&oԬ׈$^.|PK8ѻkmG\0>&mF\r?\ZeGVfur><gRPF+/co,\0\0ogS\06\0\0(\0zco,\0\0og\06\0\0(\0z\'/,QK--a7=?@?`(%_R\0v7hwGM-G󏗮o\0J6\0I?b_J\0ėS31#8z~_c<&ŭJa\'],M2|T1\'epwW8.>o==}PżwvE,i$R)GG]x W|W\0v52)W\'2\\䜓5Y\r\0\0?hMkv\Z7gc\0[?2Οr1\0/ҀOاŔ\0\n|3y0h:4<9R\0No3_~ߵƯm4r0W4rK62R&u/8	CokBg*4V | p \0\0joF?\0uQɸi\0z.~գCq:[z2]-ε~ߊ|A_w\0\"&4v٦7QIbv쑑&WI\Z?{\n\\Kg߂\0ϊxǉw%yh9;M1k,m/_}LwvkX[tˆhq#$ 8`EPG4Zk#\0AG\0A\Z\0((\0q\0H5:\n(\n(\n(\n(\n(\n(\n(\n(\n(\n(\n(\n(3\'?^u\";\'X<츂TVgִ+3\roc	|)5o/޷|t2DpORomޠEPEPEPEPEPEPEPo\0+~?J_?IX\0*\0o\nW\0\nu%?s|CR%:otYdu}EԔV\0c\0+a\0eEW}_$]A\0QG\ry$v=T__׀8\n~<~\'Kg^/#q XAO9\"<ϣ/&\'\0g\0޷ZW5(>vrv*\r\0`;K7\0x	ۿm6=gQ>$	CjMWSCkkkK4ҸHEff<\0\0$4mo:oyh?	Կh/ړy\ZnXk&[0np-w$`\ZN\0nۿ\\۸uګw_\0>\nJÉpł?Cu`pzz\0ο\rκG|hԤ6zua{+r<Y{UZ\n)\0\0o\nRJcjI^#BTKv2:4,ֿHa_&_&\0?~xKBj:5}`;n2H7aDhY\"+qt`ٖ/G?зh!;P#\'|v˾I0?M}h_7fg|OL<EY%RF\"Pa#o8TUgo?k	bl,mQ՝ؖF9fgbI$k?a\09e\r)chfKT}Z|n}d`=#P\Z(j:@(\0\0Q\0p;<Mh[D>j\\Gp\0}$+,(\0~5K]Lyj3P$\0$q7OPM/7~R!5t2}.B-N\Z<]ϸNv~լ~Q\r\"m?3hV(S1\ZZ(\0(\0(\0(\0(\0(\0>*\0]߀><]Ȗ!Cn7FTg<*ORoŏ̧Ie%I6t>[IH	\r0ʰ\';OЬ*ޟzō-Z5kr)#ۓc=D\n\0a-Z\r\0럳/.o-\0g.oüN!!12>r@go\r<\'k$4ZL&QԮ㴴uy%E~S~ֿsկ\'M-w~7ĺ6\0aXiFn#B>M&e_<|>_OxCzjԵ{-܀XFY\0_\0~/>	u~$W654\"t+#2Ӈ-7TS\nO\0\0asa@|3MF{y$,p\0#Vmǚ_9xVkg\0|3cZ~d3U2љ%`G,FY捞ٝ_īo?=s㗏$$~-M-䴀#:[bUl9}7>tooGɱ(%`\"p\0\0QE_X-<=]j\Zս/qssq xwwb$@\0_\0~$ýKT\0qQKx\0`K,;f!oc<tUO?Zo\0aهV[/XLgǑ$om2YCۣ|s6ȃK+K~>g//oŏ2mwN.dUQ$mpBPok7C\01o}r>࿹#EʁX@k\'>\0BY|AWK7 ]ޕrYna?4S(eʞ!mCOլ\'[)*0+)	5\0\0ax^\0ci~\r𞖱Ϋxhw DV6sg\0$\0\0F<=\0|U?Xk+f&y6kU1E &ӑR\0\0\0;A\'nB\\mCTC?ޯy]#APcyH\0~6_Y\0\0৞|q3?\0\0g].Y|6Υq,ʦx91mq\0?<#S߲:k\"_\'GjK)b[omˍ~?\0Ȳ\0R*ʬR@Akn8\'1[A: ֮O䴊ե)HIÖEtv\0C[r/x	\0\nw2j\0\r}f\'VѵyGu8gD,\0\0|@\0e~P~ßᵼv<qrrɛ˵DlnYAj*(\n(\n(\n(\n(\n(\n*\04?h ܇ᗉ)ʹ\n`Pk+਷i\0fX/>%rǢ\\\0[zPkg\0 \rq\0|\0\0\Z}\0@Q@Q@Q@Q@Q@Q@Q@Q@Q@Q@Q@Q@X/\"G|Gz?ګK+&Hme߻[\0V@\\\0.o+\0Im5=<~(uϘ|X*p6dsu~ke\0?-?hoT_\'Q-d[{`.JD@Q|SE~h\0,?~Ѻ\0hk_	\rZ<G0muKZH\Z})\rnXR~GwoHE\"GC]O Z;(\0(\0(\0(\0(\0(O/$][;E!2LeyO#2Da\0֍44DD^e~N8U,_^|iZ\r~\rg/KmV	1ꓣ;t\0F?\0??\08CFKW^ˤIck$3[eHnvlymϮ~̟㯀c$~ƺo/>ӓOҵL40=ɴYdrV#\0??ς	M|MZ#k0ΈP0x~Ѡi{c\0\0Y>;~ܷϦx+hcIO8l\0ك\Zj?־)|Xfq5Z-d\'7}_PʿL\0_ھ\'o/(u;k.ќ\rܥ*s/^ECjMWSCkkkK4ҸHEff<\0\0$>\0S7࿇>)h-x2/>kqypҤp`4Xk\0\0\"%4u?7-5,i7b.cFBpQ${\0\0|YZo|/E*ȫ:9RIpWT*ߺ\"i(\0(\0NŏLM͙{k!0mb[{8ɵsnr6\0!~0x\'\"|[*20>\Z̩#쵷r*?b\0=\0e&\\?)𽠎kǌ$|r?BFHPB*mK\Z|\\AYeiI\"W$ƳD(X J?X@(\0(\0(\0(\0Oګ\n=#\"o6ptAd&Ls/qly=\0axWG.//	Bx!KkcbI6s\\Dŝ9#G\n?*\0K\0^	ܓYthH87VÒA\0\0=No,>	\0?nD|XuX--D:zl!Ha _8#\n;\0X~h\0~h>=OahfV	rdAs:Fآْ9]\0~xs|mWR^2\\yW3m\nnOw*?\0g;쟆[EI#4loC+\"rĞI&w}\0\'F\0%뚧CEx\0}Ps4A\'mk&Fe2yrL,\n?bυ?T_>4v>$r\\H+\0/#ʿ;5/k	D]r2#]Q&mς\\Yd	&՞	g\r|My&_Zi0kwlLF\'0Inm4=\Z((\'\0T|Bcʲ>/kV2}\"O1{K!eq+!OR\0buS/{e*>y\"H3oX\"36R6G?F&\0|Y0wGp\0iֱv˴BCI<nj\0\0[\'	C-X+\rC˽GZ@aOEHEbygvo(o\0MQCZ]7I>Ed5	K[XdzEʊ\0:ڟ[7\\#~2Os1~vC\n}fr6j1+?~4%>Ԍ}9ciJfVieqUwj?b\0rW-6iëy/7%7(U.H8au\r\r}6YY[\Z(PTUP\0\0\0\0cٟW%\0l/AOK_x7MDQ,M8O϶t]PN6y?F\0Qo\0Oegnm̲]~Tmf3G##7`{~?\0fOڻNu~Ξ?⇂@69PHuK+43IN.5~>v:O~>\0ޭg\ne+-F7$6o\'u}s¾*K`9ErVRȮW\n	\"Y#im-;\"kK\"1/=(Ӽ\rm+WWZ,aԴȳ[\Z22V%\'_5ǂ|V?|I~,(^׬DRXX#>`\0T?l\rW-|6\0g]f_^0Ug*<wh^yGzE*>|s*GxOėxPy5Yg\\K_w	oIǟ	u:[?[3C}eesrH%~-~T[??agwㅕg_xcMD})\00w\0wTQE\0QE\0QE\0QE\0QE\0-\0\0h\rMYPxu4|/#.1=ٕc\0Kofm\0ƚNF۶-2圜1Ԃ\0>\0:\0]\0x4Ьju\0׾~?S־\'ju\0\nsoN\0 g.}Aڀ\n(\n(\n(\n(\n(\n(\n(\n(\n(\n(\n(\n(\n(>_?OPTKԼM-!M;VUPnS.\0Q0uQ$W7n%\0Կbڿ.bgOؔK9%r#$~Q@\0#쟶\'죫]~rx$\nggq\rŹ\07ɕ`>\0֖~\"Su\r\0V|E;\r$\0uѲ:+2Gl7P>>w:\0I|drI gs<RMa}E~>\'\Z#\0\0\\rM/\"$?1ڧ\r	)/)aooo\rq\nQ\0m|	\0Nk巄mM\n9A;NCy}@^A ?(\0|\0f\'\0>\"dmk\0 R3k6-D?_\0l?,UT	xF϶Yv4M`pDx9|U_)ǅ\rh7&Wu&h2u(L\0r}}+ཟ߅[\0rH,$i&g`ʙBn<+eNA-K\'Chk{	I %#GNGݸȵ\'xy~ƟYrbv627-rHDy-O3=hV!t	#f$t1 cll~Q_?\Z\0B\0=#\0tj߲?YroNk_H`Pqhǐ^+\0_nC|/KNѾ\0|Qu{(n/->DHe\05og\0zG\0,\0տeh#VA?G΀?_[x߱\0\0\'4=>[YYƣd\"7tʿ5og\0zG\0,_/w\0\\O|ZC$i\0\r;3YʪBv^$J溘ynH w \0ÿ:|\\x_NV5)IUcO$Xac\0տeh#VA?G΀?_[Y\0\0\0:\0[S]a~\r7q\nh-acekZ/ٯeMD`.u@TO+_o%\rS!ԣul\\6?\"OߞL\"#Οٻ	GgG}߃6,n{Sq	oBC]0@//?O?*_۠W\0cw\rM%6DƑCFp/\'F,\0Ѓ@H\0\0~iz][İA5UF\0\0\0\n_\0ʖG:CIo!XaO$$sLdoߋ\ZTBCH0]AN!Q\0`Ѹn~_i\0#?ROh$dcV&\r[͊epUwRI]\0a!ڴzo?6-֥nUr2E~?Y?\0}ߚq{Y\0w\\F:u$y\0_T^cxN\"Ӽ$/G@W-Xx?\0g]n,F54\\n6:\r\n\0h>=\"ԟi#7QƲ6|B\0zn~[w*PxXc6?iGHѰ m=+go_h\0Syg_xʯ#&5ROޒ\0\0\r\0cO_er|m %$t\"	Z Vx\\}ähҭt[{8-\n(UU\0*\0`P#??R\0(\0?h|𮠄}n3GYO_Mrw\0~ɿƢ? ė3M\r.fbe# J(2O_\0|3\064N\0bUQE\0~?\0\0g\0͹-&%[D_?n\'7\nq\0eU?J~\n>(ƛ:.ag\ZWWpH$D`U 	_\0Q\02.~Ŀu@P%+di!X`%j\rs$_J𿉭˸Hh |F][d`RTw4WJN;;Ik{dP$n)IGr\\߰}z\n`i	Գ,s1!Ws.KŗG\n7|d\0{;]iqW-fG$nb\nY]E~	\0V^_Zבt[MMO*i|yFB^@o\'{\ne|\\$+n|=v4dCpZ\\o2Kl% Ӽު\\e!GojtK~?\'/~?9â/#P1\ZηA󴖶\ZC׌\0i_]ϯ^M2=I<9F>RO#\0aşbgo֭ohC*Fe\"K@#\rf? 7ſ~6~ߟϊ:mY4]5\Z\ZB*oկ3k~t/\nO]fa$1*`n-㴷(HB\"\"TQ\0vҟE\0V_||LVizƃJ1%Ѵr\"Ԣ?\n<?\rOu{[Y2x&ܿ4HcU|ۨu4-\Z,lu]*S;x-&YC$0e$AWJ?f~\0/I-uO^fJJkp~exTpW1$ӏ?	OZVB}A;Un@8P\0_\0:w,1x`\ZN+!w(nIv\\t.\r~~\0/͟>xLg+[.4k{OII\08eaec\Ze}MԬu\r7PnbYԫ+) H5b\0\r~,95_~Obofo1m;Y1㵎SH8b71ˌ\Z^oCh쑸λSP\rG\0W?}$k?\ra.q6PO,_,_|5-h\0k9vXn̸\r*^Q4[$\0r|EH6EeOU\"\'ex,xx{GP~E\0QE\0QE\0QE\0QE\0Wf3ǿo<\'8F9K;Ag\'9C_Si??1x\\ռ움|#.p@?\n5\Z?d袊\0(\0(\0(\0(\0(\0(\0(\0(\0(\0(\0(\0(\0(\0(\0(\0(\0(\0(\0(\0(\0(\0\0l	7~lqrཿK)Ok?n>1|+Ğmhn\rʪi\"Fs;d,0@\rO\0W?>,OYCޏ,?g\\Ks<c1RqQEm~ſJ\rK_|P?hm\n\r⹺u\nC+8BH}\09?~\ZnkY.Y{Z	.KV?j\'\ng\"\0K_yo<\Z&Vc	)Riэ0\Z	8\0oOC+GZmm{\"Rݟ~?*zQǭVoc|=𶡮kEj\Z[ZB,B(b\0&5i;SN3^GcJezEͥ $OsuaT	x\\YS~\0r~֟pt\0^ >o4o)x/(hxܑ[}ʼ d\0:o+\n=Jy\0~h56$sjomXieoKÏʛ-FE	\0;s\0ν$G^9н!$6$ɒf9?eW?\n+6x\"#͞V-,\02J,kѨ5QE\0QE\0QE\0QE\0QE\0QE\0QE\0QE\0SUS\0N$mO\0n?d|\"ojK~gy|iE-FԺQOco,\0\0ogNXශ#H$\0k\0?s17GeƕIcmIS)g\Z+SCrBC=䷙@U#$mLPW%e@};7̚+5\rP(G4V\"WH\'Eh4hGÿ©>\'|\\#5VF+BTy@Q$!sfl\0VK9VT/b:0䵺6yJs߁\nc\0C\0@S0mt]CDG!R;ny|dH39\0g/P>5xwj\'M*]SR\'_3aao!Mĭ\n.od\n!9\0\ZA\0-Z׼]v	p==K\"Y\"8USl_o2	R|b~8MsQ]L(o(eg_(0XC)Z>:lt\0hukb\0%Zƪ`\n_EPEPEPEP_?h[w¹>[\0|Uco`Ö=?_mm\07\0k\"ۤG*U\n;(\n(\0_AS(8o&gBXgмm;KoުdU!B̘\"fD1?\ZA\0c.c[\"LeIwrwu=G\0RC#!S+\0x?\0_Co\r:=N]v/\\HH7d ?\n+/<\0_\0\Z?gI{/&\0`-#9U(<-ÿ>?x\Zs*5oa*w̸889:\n(\n(\n(\n(\0_X	orKmcgWdfo-n\"BQp8؝\0eb}7I+Z_c\rIO?(F>N!#4\'G\0<\01iL\Zix2~\"n.f7rҿv8{dcyF;V5N#W\0o?e˽SkFP]Ihf5m&ԕmWɈaTzQE\0QE\0QE\0QE\0QE\0QE\0QE\0QE\0QE\0QE\0QE\0QE\0QE\0QE\0QE\0QE\0QE\0QE\0QE\0QE\0QE\0QE\0WgyO\0ozU߇+>/r̈́V4hn[U0n8e9icC{ZivZ|Ce.i	-mBDx*H#ހho	~/zׄabvidl2:Qє]~~6\n!\03jrj\rUv7C;4rTo+3@\0?|I)|\\wicXմ/DnͥM=\" V\nUV8Vٓ߳\Zk#|Suſ_Ζ\ZȦRIf$/}L\'|$Ox2uxveA#,+(\n(\n(\n(\n(\n(\n(\n(\n(\n(\n(\n(\n)7\0\'/_㏋^ kiö,UWԤ-mWT׺W/$8|7i_,\"|	is:<-\0Y\0xO\0xg9<yU^?&`d䳼.%yeܥJC|54O?%֧3K<X$	Xd@T,B#=8o\r?Ol [[X(aG(ª\0\0\0\0zڇ._Q?@m&9 2 h\r\r/^|O[O׼;ZG}j63װHHxe [5{o\0gO캇\0	<w+6H4B1.웈}Y+	\0b/\0ImĈŜ\"M_:}kE$7%lNnAtGҔQE\0QE\0Q^Co~\r_5/<Aov$Eo5py[kHK4;WEf\0\'\0\0\00&u~>\ZdksoK,hqW/\05}ǋ-Gŏ|g-MȤg!otK9س}\0\r~~9h\0ο᷂.Q댮88^i( ʟE?h;Ky%D(Ի9$z\'S\0(]G\0M\Z=\0~ֿۣ\0ߊgu	smp^9-LPʹ`6V̤f7jmxƟ~\ZjK[s;a3L<j(!h~K$?8A[m/^Iin$>KJz\ZdOi3X|#qeҧ\nLc~\0$\0ݯj(+L(-an{4vFFB	G\"o;}\'Gǭ\Z8Iqnڄ&\Z=R+T |Â_(u?b\0¾)\"oBHWO(bܬTd/\0߲F*-ƗI\r߇X#]OW=H~vn?_\0`*\0<\0_?-?ӥvE=i,|WN~U(@%\0~\r[Yu0Iu)lϖTI;&C?\'~֟K]s\rhyecB;GcwHbw4_G7|uFkK:m2: {!ɅG7J_rIe~,]i,ǒI?$ϟo\'\0E\0,\ro\'\0E\0,\r{\0:wY\0i\0iG:wY\0i\0i@\0F\\\0 \0F\\\0 ׿\0çe6\0\0\r\0çe6\0\0\r\0?xG=izM\ZlVV	B[DY؅P73*Z>+AWW>	h:\'MZ\rsNNo,l/!ex96:+XByh\0(\0(\0(\0(\0(\0(\0(\0(\0(\0(\0(\0(\0(\0(\0(\0(\0(\0(\0(\0(\0(\0?O\0Me={oa|>դj$5VB	2neeȄ?P~%T\\G->xyZM\0{h $ͻ5!~WĿ[$&\0Gޅx>O!R$s:]	6Jr}E~`\0?zo{+o\0\0N&;{gI6쟕ݙynV+AQE\0QE\0QE\0QE\0QE\0QE\0QE\0QE\0QE\0QE\0QE\0QE\0\0\0\0;~-ͩjaK!r1?v.y+~WO)~$\0OlZh<A;<ŏUq8~QE\0W[\rѾ$N\0-\0gߏz\\ͨE6kq>C9;ƍ(W\0KS_\0\0n\n?ϊ61v0L>ő`l8Y!l⸷9A$RE#!G ۓ	\n3noY𭯈Z[cF@%\rGe\0^jR\0c2\\.WWdGi2pށ[gM?r(\0K>M+9X̙<$SC_4~w_;\rOď4~-s&ӷ>`aVۑG\0_\ng\0I[\07!&v\Zö)\"8co2K2#~p?Lo[Km+Y<n\0iwmBܥlIvP4`/WټGVuH|#&!=#F62Ldz[!}&[X!b$q\"*\0\0\0\0SQE\0QE\0|\0<am}\06*IޠV_K`\r?lf	<_xv=-Z}8&\0><\0d_ַ_>$NUlϟO`[MuTo9?nZ?~ϥ60qg>T0ƱƹU5(\0(\0(%__M{;ٟ n~+|fQ|WGC6LR<{ӻ-,S-+e#?ಿ\\|[c\0C+&1yL\nKt8\ne{k_F/!^{f?i\Zx}w=:#7L/ڒDdO<exr4{k9%O$Yg[?(\0(\0(\0(\0(\0(\0(\0(\0(\0(\0(\0(\0(\0(\0(\0(\0(\0(\0(\0(\0(\0(\0(\0(\0(\0(\0(?*\'7[i{sMV |+cP\0,cF;?_\0v\Z^Cr\ZWM0	v}߼\0Ax1 d~U?x~Ś\rz^o%+52)WD`Uє*	\0_y|%\n|aAvXkg+>1E\"(VRQ<z~C\0n?fow?`%mn|%֗QF\"n#i*\0^gu\0ῌ|XmM4ne>|!J#.e O*+_^㴰Ǡ_ms&H34E/\rĚl0/c߱\r(\n(\n(\n(\n(\n(\n(\n(\n(\n(\n<Eos|27qgn.qb:s/*ܟ_؇\nawL:k㷯J\0}\'\0tK~?5t\ZT)enJ䌌wak\n߳O>.j+[kr[Ob%\05|h\0mf?%.-}WAo[u}YieF7\Zs\Zr>a!\0J@ॾ]CJ/o^\0n<2<Ə*Mf1䇖[8 }WOe՗[_xЫmxƳ38:Hr]C\0\Zm2? xʃ*FKfKs/#q?O_)V=WRǟ6F2E̠e ;0Ad-㴷(HB\"\"TQ\0vҟ@1?xA?ֿgNErR$	?d_(\'Wl:fg]ᘰ[p$Z(7\0?gz[:d6zg#fF^?(nvu ҏ\nKׇu}R&<k\\rH2	^?d7>\ZφtjRjK\"y*2\r~k\rxş!O<3x;Ӭ}ŉbQ-B~Q_:gq\0tme~r[լK85PO_st!R/{EGm?hW%Rpb-q6vbqG_K\0\0~ο\0g_ٯI\0OO{+(fD$K8ƹU\0w\Z#K9X¬\0\0P\07\0wEVnW+Fdb_>`-Ϝʂ\rG\0\0K{j~xƞ*<]i9<zKL`\ZG ϲ=F?!^|\\7\0WAj5+̧΂Y2Ke@D%[2 ?_i߳\0\r#%\0F?\0\0\Z\0~ ?_i߳\0\r_\0[2\nmo~Qwg Ӄb#	\0~WF<\'ѓu֡&;cE\00ƬxU\'\0/)&.	=m$ߌ4wn<|5o@\nA>8.:߄Dؾç>i`m?Yzy(`>=K9Լ>_okpZ\0oh\'%oX&~/Α\'\'C_~kw.5r@0$\n#L\\G߇_i~𾍦x{úYnlPh\nأ((((((((((((((((((((((((((((O\':TqUaZ(~3?9_~Ҧ\\,3>Ql|ʖRDR#$~!\0ܚ̚>6[\rݵprvaq(gvͥ&3}x^KbY/e<n҃⡇GGi)~	xI,ƞۺ2ISew\nU\0ԵŎHAۻLLbv!s9I<y\071pA|2*<ӌm\0ټe煮\Z_-	v[̻!U?MkcIۨxbG#{qoݼK\ZIQr#>xS]B mq䶡KO5Z&sg7[|vUVD֠lz=81V?%؃Α\0[\0k?ӿO\0\0H\0z?ӿO\0\0H\0z\0c \0V\0Z?%؃Α\0[\0k?ӿO\0\0H\0z?ӿO\0\0H\0zzC\0%؃Α\0[\0j\06~zM/kVmCjv\'Y:g\0y=g\0y=!\0F\\\0 \0F\\\0 ׿\0çe6\0\0\r\0çe6\0\0\r\0o\'\0E\0,\ro\'\0E\0,\r{\0:wY\0i\0iG:wY\0i\0i@9\0u75Z@p-|2\"\0_\0~m|;^.%l+8cr9v83ӜWޚgbo㺳~]BsID=2AW?ŭt\rH훬Z}vџ;hR?9GdU|tW-\0k%*6(Ps\0)\n$<ض	|W|br)\0y\r0A\0ಟ\0UR=-/[qӀ\0w)||SSIqiZK#%CfɆ60A<~@tlM	|zoxOgmđ7݃<{|%L_<=AfGll/ԍ<@G\'\0\n(#%\0F?\0\0\Z??_i߳\0\r(#%\0F?\0\0\Z??_i߳\0\r(#%\0F?\0\0\Z??_i߳\0\r(T\0k{\0ZXZ7r\0I*Ft\0d_|ҋM\0`2	Aז`(7\0kO3̳MkBeQUq\0e5GZ\rww>6IMu;7ar.<Fs,3)=/~\Zt=3Ot}.K{kHac4QT\0\0\nТ\0(\0(\0(\0(\0(\0(\0(\0(\0(\0(\0(\0(\0(\0(\0(\0(\0(\0(\0(\0(\0(\0(\0(\0(\0(\0(\0(\0(\0(\0(\0(\0(\0(\0(\0(\0(\0(\0(\0(\0(\0(\0(\0(\0(\0(\0(\0(\0(\0(\0(\0(\0(\0(\0(\0(\0(\0(\0(\0(\0(\0(\0(\0(\0(\0(\0(\0(\0(\0(\0(\0(\0(\0(\0(\0(\0(\0(\0(\0(\0(\0(\0(\0(\0(\0(\0(\0(\0(\0(\0(\0(\0(\0(\0(\0(\0(\0(\0(\0(\0(\0(\0(\0(\0(\0(\0(\0(\0(\0(\0(\0(\0(\0(\0(\0(\0(\0(\0(\0(\0(\0(\0(\0(\0(\0(\0(\0(\0(\0(\0(\0(\0(\0(\0(\0(\0(\0(\0(\0(\0(\0(\0(\0(\0(\0(\0(\0(\0(\0(\0(\0(\0(\0(\0(\0(\0(\0(\0(\0(\0(\0(\0(\0(\0(\0(\0(\0(\0(\0(\0(\0(\0(\0(\0(\0(\0(\0(\0(\0(\0(\0(\0(\0(\0(\0(\0(\0(\0(\0(\0(\0(\0(\0(\0(\0(\0(\0(\0(\0(\0(\0(\0(\0(\0(\0(\0(\0(\0(\0(\0(\0(\0(\0(\0(\0(\0(\0(\0(\0(\0(\0(\0(\0(\0(\0(\0(\0(\0(\0(\0(\0(\0(\0(\0(\0(\0(\0(\0(\0(\0(\0(\0(\0(\0(\0(\0(\0(\0(\0(\0(\0(\0(\0(\0(\0(\0(\0(\0(\0(\0(\0(\0(\0(\0(\0(\0(\0(\0(\0(\0(\0(\0(\0(\0(\0(\0(\0(\0(\0(\0(\0(\0(\0(\0(\0(\0(\0(\0(\0(\0(\0(\0(\0(\0(\0(\0(\0(\0(\0(\0(\0(\0(\0(\0(\0(\0(\0(\0(\0(\0(\0(\0(\0(\0(\0(\0(\0(\0(\0(\0(\0(\0(\0(\0(\0(\0(\0(\0(\0(\0(\0(\0(\0',1,'2015-09-28 09:24:02',1,'2015-09-28 09:24:02'),(23,6,'2','DELIVERY','\0JFIF\0\0`\0`\0\0RExif\0\0MM\0*\0\0\0\0Q\0\0\0\0\0\0\0\0\0Q\0\0\0\0\0\0\0Q\0\0\0\0\0\0\0JQ\0\0\0\0\0\0\0\0Q\0\0\0\0\0\0\0\0\0\0\0\0\0\0\0\03\0\0f\0\0\0\0\0\0\0+\0\0+3\0+f\0+\0+\0+\0U\0\0U3\0Uf\0U\0U\0U\0\0\03\0f\0\0\0\0\0\03\0f\0\0\0\0\0\03\0f\0ՙ\0\0\0\0\03\0f\0\0\03\0\03\033\0f3\03\03\03+\03+33+f3+3+3+3U\03U33Uf3U3U3U3\0333f3333\0333f3333\0333f3ՙ333\0333f333f\0\0f\03f\0ff\0f\0f\0f+\0f+3f+ff+f+f+fU\0fU3fUffUfUfUf\0f3ffffff\0f3ffffff\0f3fffՙfff\0f3fffff\0\0\03\0f\0\0̙\0+\0+3+f++̙+U\0U3UfUU̙U\03f̙\03f̙\03fՙ̙\03f̙\0\0\03\0f\0\0\0+\0+3+f+++U\0U3UfUUÙ\0̀3̀f̪̀̀̀\0̪3̪f̪̪̪\03fՙ\03f\0\0\03\0f\0\0\0+\0+3+f+++U\0U3UfUUU\03f\03f\03fՙ\03f\0\0\0\0\0\0\0\0\0\0\0\0\0C\0		\n\n\r\n\n	\r\0C\03\"\0\0\0\0\0\0\0\0\0\0\0\0	\n\0\0\0\0}\0!1AQa\"q2#BR$3br	\n\Z%&\'()*456789:CDEFGHIJSTUVWXYZcdefghijstuvwxyz\0\0\0\0\0\0\0\0	\n\0\0\0w\0!1AQaq\"2B	#3Rbr\n$4%\Z&\'()*56789:CDEFGHIJSTUVWXYZcdefghijstuvwxyz\0\0\0?\0(\0(\0(\0(\0(\0(\0(\0(\0(\0(\0(\0(\0(\0(\0(\0(\0(\0(\0(\0(\0(\0(\0(\0(\0(\0(\0(\0(\0(\0(\0(\0(\0(\0(\0(\0(\0(\0(\0(\0(\0(\0(\0(\0(\0(\0(\0(\0(\0(\0(\0(\0(\0(\0(\0(\0(\0(\0(\0(\0(\0(\0(\0(\0(\0(\0(\0(\0(\0(\0(\0(\0(\0(\0(\0(\0(\0(\0(\0?x\r\0T.<IPI\0dH(vo\0?૿>\0>/-WO%E2E-ġFG	7\0/\0	եw\nZ_Et#	e#n<v y՗[sXkv%:3_M\0Qu\',\0Ŵ]Z\\Oryp<р\0!WlZĞ0\rBl׭\"IwݢFڍCO\0PfEh:dѿ=8M!HGr_K0ʚVj[2\0k{wQ$\0x$W;5|Q5<GZQnV3[pHp?Nx#DKZ_Ȅ쇝\0|</?o>(xJ64=zɟ;CNIP> F17z².eD\"o~K_xK;H#\'G?Eab;h$\0ĿFg\03=-SNZM0UHߎ1po$/7|ėSHUrhAo8o\n?੿SY4?oI.-W227qo\0`uĎK>ڲ1k6qu$1k^\r~Q@2|q\0k9qo~Ն}v9;2ën[ˣ\Z:ͷ-ms1xƿ_(	\0d\\`\0;q\0/Y/??g\0+o3ig+4\r?>WJ?g/1l<w>:|>4\0-#`F:1s\00}c? vd\0??}\0q.=vddӿg\0C_P\Z?*\0\Z~?\r=e:!.NF>A݅\03|-_߰7On^`A%%7B	5E\ZW[Z/G\\S%\rs$d	@x+|\0+ğtl&4Z\"qVi2:p0	<u\0,\Z|Ejw$\r)df#ǟFCQ_tKK5,f,Xrs*OP?h?:LKd`\nB҉0>\0I߱U;L_\Z|CG6w֒^<dQBRJ.\n(\n(\n(\n(\n(\n(\n(\n(\n(\n(\n(\n(\n(\n(\n(\n(\n(\n(\n(\n(\n(\n(\n(\n(\n(\n(\n+?k_(SA3¾HB@1Y\\q6=E~T~?{o_x?~\n<{]OYcX.̞[\0?osw\02G\0zƙ\0]kWʗwSG?9뀣J(ڊ{\0V	5՞9QU 8 M\0H?\0:\0~ #ڛ@_\0tG7#\0\0(\0\0joF?\0uQ\0\0+\";\0\0GGDwS1\0h\0?_\0cW\0M\0H?\0:\0~[\0 >hE[X~;Bdo$+\0z/yE,}mvqleyac>`\0B pzn~_)\0z,m\0	FIٔhkڤ6d\r}9?3RAѧy.<?dϷXtRxhQ)E>7RL^vHFY}Q\0:||ZԴ/~e;|W遜yg/?_أUvw2)tCI\0prV@H$r2+鯄K#!\0S#t4U]s\\ƉyjW~7WW20[DYwbUTX\0?ྟ?m/\0í#EF\Z?#̾[*I>4j\Z`\0S?\rIEB?icUb0(\'2V]o&5\0L[I>={|%/,0iV4GBL,\0ƾ3_58~њeҮk4i>02C-Br?x/d[\'\0tWCCgc\0rǻǖwbYz(((((((((((+m\0!U@Z¿<_$m?-u$&,\nMzY?ཟX_C/O?<^nӯ.Ev[P\'yee\\E%|\0\0m	o.i?\rڦ\\]ЈC~T	.d\0b#@9f\n(\n(\n(\n(\n(\n(\n(\n(\n(\n(\n(\n(\n(\n(\n(\n(\n(\n(\n(\n(\n(\n(\n(\nk.\rBE\rH;UTI \0	?X%Jmώ.Owv}x!a;ż#!敂)vOϟگ7?য়u\0(NikF\0G/	BX̛I<\0l:\'\'O\'~ċ~e+3XO1nTdh=\rg\0\\߁.<Wu$i]SŚ_!ϙGN:߱o\'gq\05cMΗ\'ſ\Z[G6%c2J# \0>3UkcMZ)\Z|7o;IT[v&ẹQ\0i\0m[KE?#ɷ~x{(ilgk;\0\"\0ZCusoQI\r\"FuluI\0O?a\0e|#oy3\\yq=܅&aK\0s_d↸^\\]jvvCnӻd}dh\0\\a?!y\0(\0\0?:j\0k\'1iA>Yj[]i!>$dG~Q@ڗ3De?c\0?A\0RƟu\'2Il2I-%$Iݑ\'\0IA~8g[wtQA[M[	ɘW~?ݯc#|LgwG!0K4J3䐣xEPz\0\09xo\'_^}C2 ˇy nU8*y]u~[e%u<A_V-<V!g\'<	\'@<l`\0+&\n(\n(\n(\n(\n|뷒\\_hMĠ{8w\0\0	<>֢;ֿd/$Q_DnUgphlu?M/vN?xLw|6\Z3?S^E_\';%\0g?Cx~\r{1ϧ\0_o6|D׏~薻&k^\r\"ZZE~&YP\nvEV}\0j\0|3\0N%oe_|CoF<c0~!ܩ$L6\r1Sт,6b/#_*gnA,:<% rLQa$0N\"-\0UM;w߳N+EokWZpͺZ(e,fڱ\n_f%	/\n\0O-.tҟkX}\ZcPq4>ImmmcX$	H\n\0\0\08\0TV/)gU~(z8O^$+2iu\rx4o;{};g%XKapyhB\\|x/G{\ZNhF?QK[T\']O(\0dOۏ?|Y\Z/4ea.ld .@ sӚzB\'.7Tᱴ|?{1{dQU\0?^>Ҿum;Eį\rڤ~?83Rų,w/Ep?Mko>2|m˓^iw\"Q1ʟ~)tUp+((((((((++_J\\]GēWDMN?vn\rV\Z03  ;\0vz??[]xKӣKA`гBlEGR%\0\"?E\0V~ϳ6q>2m\0H<,:<lw0,623\0\0-AI?jok_oƇVy5xJZ~DL1Gȭ@ (\0(\0(\0(\0(\0(\0(\0(\0(\0(\0(\0(\0(\0(\0(\0(\0(?/-{Ǟ;-|7}SԮ;Xjf%T*İ\0qZ>!h|:E麅K{yP<r\nAkwǎ3$щX`) no.EaS\r-d\0$)mK7ӱ3v$8و\0$(((((#\n9\0	\'/Y~(x\Z>:w߸>U\0ff`\Z;\rtag_^BL#j$b8ᦚMbCMQS5h-~	#O,N[vLJy]d#$a\0>o\0⿌a}\\G-ᯆ$Mu]\"+x4<JD߲/i}k\Z?n?(\\?\0ޘ[t؞jVe/*kSD>\0!o\rkO8u27\rn$#|(!@)e]CƉgv~ֶ,0[D#DPUT\0\0\0\0\nEQE\0QE\0QE\0QE\0~6\0<_\0:~џn/Ci>#cBpe{[>~8\0Vǿ_i!όSz鍿{g!kķ\0\nC#\0Hc\0(\0(\0(\0(\0(\0+L|W;|\\<LOt忇|v#̶˃oƛw#Kod_؋L|Lf:>\\&\0om\\6|Q,?	\0B\0ԫߍ^\"F~7#.^Ipj_/bIVC6%ڇ?ѿV\0iMrhHR~((幋WAۀHߧQ@^EPEPX?xg_5/?<7EiwvIrZޢ?!\0h6\\>&]|Z+k|yju,1o$3\"2O$𓁄^Er/?b\0.ē8\ZG[sAс<\0bdj~9O5Po/\n^2𾪸5k4r>O*F\0@|\0	}ԗu^wm\'\0ބ#*px \Z+?+|Q/k_zi\Z-<.*Gx|n#G+\0._N!M};\0HN\\*<KHJ*ZeŽK< )`]Xd2ApA\0QE\0QE\0QE\0QE\0QE\0QEzǊ<MYh~^H#+*$jWjqR> w	2\r}\'ᾁGuK4$aOqʑ\0~О.\0~ܺ/7Twq_|Mh|[!x3.A	]NRW/9GG\r_\'e嶌Hr;]ݘM\ZQ@Q@Q@Q@Q@Q@Q@Q@Q@Q@Q@Q@Q@Q@Q@Q@Q@Q@~-^ \09>߶#[k^G{6$p2PWζ8TcK\0\0%|#\0p+>_/S-Kܕ2C 80(2\'i>4&~3音>|Y5嶥gdE4`\\E<s\"x,lu]*S;x-&YC$0e$AP(\n(\n(\njq}}qogggO<#gf8\nI<\0*xvV	mJ:3+/¿`pAȺP\0\0MM\0nyy೪C?5S^+\rjP%\'s9 ax@D\'?M_\'O[G\":\0Hc.t) \0R,Vq[S~\0\0\04zooK/cVSokwڥլ&g\Z\r5,>U*\n(\n(\n(\n(\n(\n(? oEh+ oEh+\n(\n(\n(\n(\n\0\0Y|_ź5-K|X[P@\r v#+\\9|o`\0at%=?v,_ZidE.У1LF|\0\0@j_\Z&ҿ7j>\"od[(o5Lf!e;K#{	1$k<Zk>ו/|cERj׸8ـamJƄ79r~`(\0\0?/Gڇe¾2jzvvHBϚ\0W?OȊ\0b!\'tQτT`$ٖRR@?Gm(\'wv7ůi~9\Zj&;ke̒J@إs(9\0迈5\0eoegu^\'!|ŵI\nORQu<wE[|H_i_WKq5燴ı]Ơ*$*>Q\0\0\ZJ}&[X!b$q\"*\0\0\0\0@ȏXM_VV@ha2zyqjL8#El\0}?fUۆ4<9Y(gbB_&@֠v,П]ԊBE#FW qk\0E#\0\nv$Uo(u7syO\\~_?M{g+=\0l	(3cloJ([_Sƛ{T|_J}+Z޽kb$2oЫ:|9\0do]ɴM-mq\'͵Ԯ	<?(J\0\0|]\'mkΠlM7E.a5GKwpp̑ReĐ?د=xfB5+#a=]A\Z=5/ǶE//>4i\rĖz#d1=kd,73\0\'/GB(nk#	J9~$\0?K84\r+ǞO2)|?.Ճe7r}\' tW4o?\"y+L;\'y^\',^DpȪ@rm%@ā^,o|{5٧⦗\'u\r7PJ`Y>ȏl\rn.P\Z\0Bz嗉{]GM4{{iVhn#atu$2 ժ\0(\0(\0+/o\'gE⤟ؾcUݻDF뗐0XiLȸ`W\0^୾\0IxČǋ@.5~sd\\|;7ɿF%\'o߶|\ZƏOI~`2̈b]pQ\0	},94\0\Z>#HϏ5\'LrKvi/%Hf2JIoE\0QE\0QE\0QE\0QE\0QE\0QE\0QE\0QE\0QE\0QE\0QE\0QE\0QE\0QE\0QE\0QE\0QE\0QE\0QE\0yy|<\0~\'xv~\0c$s(>])\'kʳ){iGW\Z~,~>*ԼİnTIN(C4ͅtk?\Zk^\r񞇦\"k=KLKowv`{0U \0\r?\0\rƞ4\0xWĖ{VRyD=A V\0I_~|l\0W:_xZO؏ź<CᦔK}ɥ*Ef|#Ub j?k_\0\'?x~x[J\0/) 4nQE\0QE\0Ma?\0_ĚƣFg{JXz3L@c߯?,Oy+mľ5IgɒX%vȦCahI*$\0\0?\r_$esOxR\r20BIj8Rp<\0X_\0iM4ڳ1	FZ/8KdFyݥ1cbq[wQE\0QE\0QE\0QE\0QE\0QE\0~@\0/\0\0UӿѬW~@\0/\0\0UӿѬW\0QE\0QE\0QE\0R(\'\0??+xfMgk:T\'Uޫ_sX]Z`dKK\0pG_\0\0^;><jGYk#L=w-FQl\Zn(x\0^(ZhQE\0dfo\Z>mSԯl6/RqNUAb5/hyk|suus*HGv!UUA%\0\0Iß><ApIׄ\0bzĚhkAa-q 240>|!a^\\|M|53neit.:O*\"VH!,y_kᝏ~KA_;IKhw`#VH,Zg\'\rl|;\rY٦m!A=Y$I\'(*YxgI5+]>ʱC\n+L\0cպozԕ:G!\ZA!yճۃ#\0P~,~x7VxFѕx|oneHU7@\0?d\0{X-Z o̒Mn&vLV\n4\0(.fՆo\Zi\0,@\0|#sS]F89Hk!\0)_c\'/1~?ns=pGi_3=Q.k3\rmOľY#A@=\0Gŏu8ӯGtu\rhӬu\\pHSww\na\0>;1K<#q=\0\0oɢ6&?ReEvrIbJ\rmaʡKGs2}\'\rF_<!kBUҕ|C_.+s-̱[()._&~7W}V v6\n\ZiaWA47|T-a0jRMS҄w=NDUѹX\ni\0\0\0zƱ#⯁]Z8c6ףpKH6HE?\'\0D7\0/?un\0z/_	|n&NOYkGUygGe(QqľbI\r~\0Ze{x_WY0IF\03\'\r~~<mo~&{[/?-\'%嶝q4r^oDVqȯ\0\n\0d\0K	=gυ?xĿ\0Z$ş|b/[A9$a\0R5KO&v\r%ݰ2p	@CjO0~krܟrC9\0~|`ۋ-t0:ם|Cv\0t-X}ġry\'\0L\0ToJo٦>5KjdǇa}Wr#A0if?,jGw7\0\0߲soԾ&j>?x\\ڃAi_zuIQ7DP]_m/)Oߋ6xcyx\rV]Ԓ~tPp53,m\nѳ\0}\0\0^xW-Pj?rY\0Y󵼅MӸd\0\0VCs_k|BU]|5kLE&*\0Or<~|+ᯎ?x;]Mz]ipqH8 :8 :MN(((((((((((((((((((((\n~ 4+UNKK;Vk{dR)*UI\0+\0<>-j_\04pk_[L ]ldܜF2:?8?p\0l/g/~w\r\rr(͜yb\nys\0\0FV\0e\0X\ZY[3ۖ0K!F9	Ow_IV\0W.-byJJ>\"U=+M.RuVeWGRUH \0۟\0aōp>ѦeX	on7M;䴀HG\Z+k^gDxλLx]NO&R>V[<r\\[?ggv?oӡ9U/ˬ3rw\r?¾?>J,]Y\ZJ;**)gړM\'ǅ M ner$\0,~W	O.M_>_\Zo-Vf֬܇xH$eE0[\0]φ?T+I</4|9բ}^M,%{G`ko],X;\0X((((((=[Qe*w5~=[Qe*w5~((( R<a\0\0\0u7=s◝pFD]CEqPG˶Y#F\r~.UeuK< r9\0~QE|m\0f?f\'w\0\'hv\"Milu-eڦJ\Z]V\r{\0\'CWǯMyg\Zm\n͸gL\rʃKeP|Gھ\0\0ugGS[8MT)ϛI4A\0\'>cV>Я	{b y }m	\0!Hld# ~?g\r/ud_6T*\\]HĴr̀2p\n?+Ggi~ߴ\0_\0|Ru?s~ڃ%\n+8~Y/3W߳`/O{;-?_h\0N\0L-J[_Fߴq/\"2ݰCof8:c$Vſ[f_)d.^w\0\0k|~U/\0/$\0|y[l_	?nߴ\'ƿ\\\rK7z]ЦLxʫ@C\0gÏg(kҥ\rݯQvyD,`Dʆ</V\r^jV@w>w[81q+HHA^r\0L4~Ϛǌ|7nx?-h>ki7R[vUzkdT g8$\0~zx5A>\0/<7KOִoP:,er#e^p\0\0r\0j$o)1bVE\Z\0{M\0q?joI\0~u^PG/\\hent)w˵wIH:Āxr\r\0M\0xM=\n	\rBmV\n囌9rX5\rO*+5?$\0oOrGR*ys	!?1$}W\'cCC_/(|7.\ZwLcקpE~Lr>{>u?ٿ\\֓ny_˹PJˀIIÔ\0~YCqo,s΂H$FC8 A\0u3o\"w/Ciwן_xO?ٱ)pne\'m18H+_4xgEx7U</=20:22e EM{\'=-|aU^XGwo*t%He$RN Gُ߶s*	\0f}M\rl\ryAs4OV*+\0hu>\0xIwֵ+-*S,QՄֶЂx/,E/VyFI_\r|[.9d$\nTmRelH \Z5:\n+?ZaFo<Qo39ˇΘugh\0wú]6ivemco(@UEU\n\0jW_\'?|LI+ie	S{&;Kdb`dQb	\Zow\'|JIރvuVђ<a\\՘+2JĿ7o8\0jocIA{\r~\ZO5X,+\0&iRN0d\0,?lOGX.~|4;^bGjceSx.7Ӭⷷ8-AQFR5@\0\0\n8\0_\0<Q|%ּ	:O#\rC(Id\nnc~m\rou|b:~jn]h1ɗ`,Ud(G#8F̢>j\0i\0WT>|7u+d,`ѱlZ6~,KY>!_Kռg-Ji#KpBڸ¬ 277\'\n5*/쟡Pa,<?FrI|j*0>(\0(\0(\0(\0(\0(\0(\0(\0(\0(\0(\0(\0(\0(\0(\0(\0(\0(\0(\0(\0(\0\0`Po+/\n]%nLKk.v08`;l~)Ex uI+OwMȌHVF8HaA|^\0\00{f ѼRg\02\"uCNDXnUWKin	x\ZAV&mk!W;|܄ǒ;q\0hP(;lx/<\nbAWK5Mˌ8?uʲ~\0m_XOٯl:t=.\0.cYGș	]vCy.?\0F\0IG*-cXRf_$̹n捁\rѹF1VZ_W ?ZmMКOsxHn5	\0T/\"\0HD2k	?a/g\0c/\0,z/Y#YcD-FwYF?\Z~oXAuk47VQTaeaAk\0n__c׀+^_d̖WJ|CF)LвG\0C~ݟIWlv<l#VX\'ȄN/\0[698~_?K?~77_~~.NҮH0JE*aRC??O^(eo\rC.n	UtOH@wQE\0QE\0QE\0QE\0~@\0/\0\0UӿѬW~@\0/\0\0UӿѬW\0QE\0QE\0V߉/\r[^.4\roBkCSnV!՝؀ {\0\0?\Z/?&]2Q^0٦pL>tn+w2E-YL$oCM^kzVQgd~c$tD1\0=_\'K\0177]ᯃg揣iWvT=V7cW/$\0\0z\'\Z\0<}V|X㉘4ZZRKokXe0Hy+;+\'{~Ǉ|?\nmm%c\0or	9ݸ_\0Wg|l˿o9v~V40\n^a\06U$[Rd\rk:ŵL7*&N?xH}\0EaCMCkkk\Z1 HEUU\0\0\0\0\0\0`~ǾOk?^x,n]gnZN~a[l\r4Gм!|X4!Hblræ+\n(,w>k*|6<i9,\':gr~ArCa Op\'_/|Qe[-f؅빤kr#̙B\0Uof\03\0/\0c}jW㏍8Ox7;W5A-fl<I\0G\0j\02xW	eRԯ#\Zuk]ǵy?xBXbIyc\nEP0(\0(\0(ς࠿\"NB1\'R\\[˹LR+u{\0|t\0u~xTʼY<}\ZGTUQP@G_P-O\0d7!Bh)5ٲX)<n~\09W~ܺǟύ,	\'<^<AVŮx󭭴/j2|y_\0\0q~\0/t>\0	g+e|cծ$)gmE|夬+	-\0׿Ax&Ko\ZG+LAy[YڰS,;l,`4MO7{g15/cw/<RiXym  vlIf	C\0_\04/|U`muَGo#G#9\0[]3>ӉmmO<K3PH*\0,?\0c$YBm\ṙs¤Q/Y%ʢ 坔N\0\05xX<79/-FQpFُ`ԞI~\"xS¾3\0m8O+M{\0M45n|kz\\ĮOa,)=Cf߈_swKi@|tԼ/(P/\0xFh_ĥ,buc\n{v^,6Ot%hBh\0\0PSz_5czf\\	meacn֑(h\0P\0GlQE\0QE\0{oGq{R|?ٯ:w\nZ~t9员K?.6BG+(D\n|?\0/<>W~,ӧҵ+IT	z6Ar(?+H%|u}j^=隍e#0AV]U~<\0\0٣\0b_-ω>	Ve$t&Xn\Z(	($u3\r@Q@Q@Q@Q@Q@Q@Q@Q@Q@Q@Q@Q@Q@Q@Q@Q@Q@Q@Q@Q@Q@~7\0l\0b[GM<\'y8\"qami\")`Ld\0~^^CYqq,p[IejKx\0I5\0X]~P_mլ<YBWS-^[êZå&<(\0~[wo$RƒE\"tuܮ~R~_n/П?HhUd,H\ǹ`疿Wكwo_<Ab7~<.$Q$FxNy[\0\rf6oG;B.,u=..n=$BU-M\0l߇3xO◂|?}L턏lǂ1$2qeoz\0c\0~Qr|4\0\\i%VV@j\"0Or\'>#1xோG\'OCD+HfJ]\08LF{k⿇>.\0<;yz1d[iʰ  B\'?.+~tf;r,uv9\ZԿ[KF`PdQ`~@y6\0RO(:AiK|~iVo/[uIx!\0*1kr0enb~ſqOki?fOѧi\"h13;RY[󑵳`d\r˟?=(>._!i\Z,%7\0\0`(a\0ߊ|;%7*0G?c±\nOb@<E_>2\07d5{át[}^\0I,n\0k~\r`Ak\0{~9CUc\0_%m|;/\'\0_5Yrj,C_\0\0	vuiQ\0zo.U|Eo+T!g.h\0\rW\0]*+?i%>i\0b\0C>nrr*[)WKAi.5اwqbFR觞2\rЋAv?\0\nʺ;R5c#jHr|F$*d༿YP|U\0{[?\Zèq$X[vAfaJy6q/aL?,s\r\rtg\nFF \0+_:WGk~\0]=Uoq|`NCQ\0^t37?f?(\ZU-b@݌^69\0Is\"K\0\0f\0(~5o^ÿGv,rjڑ9\n L+8o\0[O/O_ƺ2A{+gBVRYdWj!^b>f\0^\0Pc?W,;h?o+Vк6\ZD/66IW\0-ĪB!}	N>5~%~\Zs}῅<mu9I1nVe_<87O\0/?-;º4~],s9F#/#wbY,5og\0zG\0,\0տeh2ߴ>(y8>T\05og\0zG\0,Ꮑ\0q_^ߌ_5\0)\\|>Kit\Zmk1>b\nJOΟ&K2_?\Z\0B\0=#\0tj߲?Y\0~? #?gGF,\0Ѓ@H\0\0\\o-OCdyV_g#2;u*f~\0\0>{2~\'\0ƟammEu\Zh^x\0ľl2톈m>>\"o~+]xȺ\nxKGdb7k}A1);c.ɻz{\n_B?giQM|Wddx^`@lrĘH<DA\'\0X|,Ե;mxS5܎cZ<[q\'yd#HZ\"\0~6|xҾ6T>!^N!4ˋ=\"яV\'%2?\Z*#\0\0~AcVeeX-[G7r6B 9 E~;/O3l0Cgjxb\0#=p=N\0%{՛2s@@,g\0pN}}؊+?:c\'MKֹcyRN>Ҿ\\		qF8ߴe\'oKZr#B>RJ$]*0NYiv?a(ǻ?([oßz]҃wifbc&\0~_5ᾚtKXԇ9#>2\nB?b+T//$xn\Z-4\ZN[Αp0r{2\rwgֲ> !E$Q.l~s*\0?c+jvk&U$?a89C뿴\ZoZO+dc:D1n+J\r|r\0+g9~ǋIf5[bXPfeY~ʑJt\n\0B\0g\rN~ir$֗j6&6H4ls}QGz?O?6y58Qi&4\0m1.+wmm\08wf\rȖ\r\0\0N?쪧I_\0SUS\0N$ό~|$O}Eޯq/o\'0ҿ.?п/%!xO o$XQm`BUVH.\\msg\0_K\0/ߴ<#Y[Yx\052\\NAf#gW͢	#/tv\0*X6\\;5~kY.ZF[BH>+ER+\Z.Ԣ&X-*۰|STC¿_\0:=+[661 {331,Ğk5<cGM#z!w6ֺg yW2\0<#,Ph\0(\0(\0(\0(ocq\0\0\0Α=z<ˉ]<ld`U235Agygżo:	\"6)9W?X_f/(Wsj>wZFKQW\0_L߶_:>{| 3YE	7n$e<Q9/%?D(\0(\0(\0(\0(\0(\0(\0(\0(\0(\0(\0(\0(\0(\0(\0(4\0l_? ۈUHeld	\ZaI?s\0j_xe\\cn\'aѬ\0f\n[`6ׯNvwj4WѨwv!U@I\0W\n.xMnF\rK3hGt\'C5\07\0kp5vu\0.d[X\nlY@&8.͸fxbdB^ZMߖ9U\\p\0;{r]/e\0E`)lf$a\n~_dxgoge!b@?5\\gla kTmgJ-ز})	$;>\0(*iH_ODha>&md4>ZطHFkxT*BVK5S+\0/Fkofռl6_dydo\nz%~5#{nxR\"9rsß7nEF2\0qGz7_y?	|$d2}2ލ fI7/\0u7xcn<fs#BH%qyz\0}Rʊ\0 r\0;\";\0\0G_P[-5؋^~\0+2nu$ə4uy?I*ǯ\'_\r\0urojpI.k(FJ2<jH\0Hfk/<+?#ƞ,g3tRqzlOF\0g7\0eWi]Eqc}އ\0\0\0joF?\0uQ\0\0(\";\0\0GZZOaGMl}\0X-9/s9?\Zl?1n~(~ў%oP_;Vomٹ]$Ұ+a<R\0OMRd\0}j恪xHr,(sw;YZ2\05TsF\0<qP<;MEZL:T7ʰ{)3\0w\0HS\0U}\0\0P|\0|7hmִBrs>I1H&<~|M)g\'@F#ƻ#7%q\0ЌP@dqoU6iqR99U\0\0h-MolgOԹ\\\09F<Ag~_̢\'k2#*b NdS|)_^ȅI[\02KLTsDJ\0~n&::g\Zvqs\00!\'\ro8Q	Mƪ2tG\n8\0go2qE\nt\0<:!_Ŀ\'渗O21]̵W;v`N_\'ᷘĬDFؼ%ф##	$.9|\0d]rxތ2FJ&Cpv\0b}yĚ/X9\0g/&s\rWn+xoAp/tmwcbu\n|O|ItѝC#1󷩣?\0q3EDյ$mS.ʎN8 h]_g~\':Fxj\0cO\0i?؟K\0>[Ko\rNnn@*(d/c߲[~oߌ_\\㵺4T«Mx\";N\n$\0?O>T\'^V8`ndhH9iGǺ&Gv>5sb~cḧpB;n$\\\0t?	~|4gHtQtmeIG=̿+#lD;J}?hcJm*фi⛆\nxǛ\'c~\0gg>+znE.5{QFZiHl\nQћ|q6nȶ״2r3X?NO5?L		x}>|-9[G\n2ZkWg|_@Go%\0|Yy>?2_\"pM.#d(%,ı&M|M/ufq	\r:.n=9Pu>H\r:o{f\0Ce<XWo\0ſiW-\r߆zӧ0Q@W?[⧇~|5|cZAφleu=Bio\Zw88$\0I?,\0q?iMKOGOז:c횕խۈSq\n\0\0nA\04:\0~|~uH	|v$,-Nوܛnhd?+ύY?xW+Y\0,kev.bk#,ςQ|xyI/٣Ήt7o\r]\rcN--X@b\\\01(4;z(\n(\n(\n(\n(\n(\n}\0s.#\0O%D()ڨV)$z\'\02?k(W=?iow^95}n+PwQFG\n\ZC(zv#>4|^\0\0r5qN5q_-=k>+r-һ(,\Z*eW\0\0nx	q0i\r\\:wS@\\p#*䜳p?F$_?t5_>\"+SԮ82y[hw2Ƽg,v\0(\0(\0(\0(\0(\0ӟWn\rDӉ1oAt^<2\ZVR~W?\0_^.iEF3u\08s?_\0(\0(\0(\0(\0(\0(\0(\0(\0(\0(\0(\0(\0(\0\0T߈_\Z\07ktڧa-Y6ʗ-AO8iNc\0\0\0~?Nm]kŖ.b135uݸ\0\"+?_PO,Ig.\"iL0RF˵ W_N7i\0zM!~!YP``Up\nA\0~N?jeB>\"xpianP73\0dn\"¯_\r\'>\0i6<%UsWEE\0QE\0QE\0QE\0QE\0QE\0~A\0cwk]KW\'~?\0\0?\n\0<{muı.>00Gk0ڿ`( (\0(\0(\0(7xA}>T;{{`uk\0[fZ{Γ?Lּ&mt4L([y;+r?4ٿ\njW7ټ+fizu7*eA*)Ռ<IxA4BT{[9{{d::t k?k[POů\n>*/3NJ3NvK\0qԿzu؏մ{GuIk~\'{_[.Dw[UALIjMl?x(?&-䱓D}񮓥%(,|?8dEU0EWIS G+V\0|5G)<Á]P]A{u\0O)\0w¯\0	Ƽ׎. tG>uI*Ŵ\0YpW$e+_\0dꯆd;|DS=$?r4	VEBNՎO\n\0P|w\0iĺSǫ_Vj:|A?0hmSb%H\0ܹnSv<3g)\0\0~<)k\nZzn-ͤwl!{$??$]|!?>\nӛh}	 \0\n_G-6}\0?fo?kk,]Q/ܾ\\؍(sC\0F\\\0 Wo\'\0E\0,\ro\'\0E\0,\r\0}\0E|?ƭpYWq3xS]q@gt\0?bC$%\ZH\"͏Mg:g۫mΉ;3iXZmݎH%+=`2#N	\'\0oOO\'/\Z5\\˿~*A\0vVV*6!:xk\'Z{]CD/HԐV}]m$\n5W?WV/S:(ʉy (\rw>O\03xPc⯂>&S{߄uL) `0#\0?C|}ivB!Kے)uh+0`Nd3׆]S}AOԼSZ]|ZRÐO5A\\~~%\0x\0wOH!\'&揭X[6QQ4O2#,3C_J`cj|%\0ҟL?Yc]g\rK\"Co\0k2ϐ98y	vfSW\0O\02\0j_\"h^(ėzWmum<qr\'hoؠw./V\0o\0?	ItT5{QGaoɒ#@e(+OfVC?R	cx5ط5:O4?\ZN	=,9σ\0MoHuo8/o50Px-eG3^i\nd>Jc~7_#|/cx-m`7|F6O\'߲/\0/ū>.EϨ6۪i7*ǒBVh.Rw yXz\0f/\n7ۣE/6!X,w;Lʭ\"d.IŐ\\?](7\0j?߳~*x:.<?m2=B\0$ֲr[y̲DõzE\0QE\0QE\0QE\0QE\0Q_?U:3675hr拦޻\" mEawpwJ\0X#>=֟|tu.ٶO-+s-ɉDeo?4\0l\\<q[Cky-dmkėYpY˴K#9h3\0y/>kgė>(Zx[QrxQI!MF3%ƶ	hj\0\0K\0eoq^ռI**܂7H<?K(QE\0QE\0QE\0QE\0QE\0\0Y\0;\0wFlpC}\'Q؁ﴓ=|z}ȏ<~O\r_wiI/╄|@Gd38@l~Pj][k,m7+Cަ((((((((((((ɿ,?~8A<ER=<Ii77FD,qf[cUkO֟H$?s@ۮx;q-f*,b\0?^\0Q|΃_Vߌ<[*nv5. 7W\0(\0(\0(\0(\0(\0(\0(\0\0xf>!8|/Nl~>I\0xeϤ\0G7@Q@Q@Q@W\0T\0/W&$\r뛉>!|ZMot)DfV*]ȡaaF|@оx/S\'/þmPԵ+FZI%rw$_gKG	q;Wz$M,$imܮ(3%S\0.\rDOu\\;.<ˬy\0T2?~Xx#ោ_WM+\r6\Z;ye`I;`bh_E\0hߍ\"Ve7Z桥Ga;o0]Ms\"X[9	J\0۫_.ӀlQzR:u?\0gr=/ykz-ƽ3^] tqp&V;RE;wgg؏	7<#[\nxh{If3E<|\n|\'?T,߆|\0i?BNlQLe&9RcJ6KGx\0!\"a/zeRǉiOn%>\nprϗ0-\nⓨu*~[	֩kΝ+eld]͙8fT@w:wY\0i\0i_@Q@?	b/\0\0cC?\r\Z/lWFK}0ZLJwWSӿO\0\0H\0z]\0oC?ZPμl\Z2z:Y\0m_\0:wY\0i\0iG:wY\0i\0i_@Q@:H_OZ8>m91¤O#88s\Z=k}Jc\\sy}cE\0|W\0^~3\0r\"<e)39K\rkƞ_v#Cv\00zp9䜒M}Eamn~tXp/|I=1\0\0\0~Ͽ7{]C>&c9 ZKWbd_\r~@\0Ɵo\0N_7,,~#7)M8_<d|9{W_fqo\"&YU6\'vfFFF2A<_/2o&_\0Q5k;Qi!mIӎ1_r	|6svtV|iZ<J탘wD\n]9*QZ?\0fߋah|HN0lA1G$\0dބ:|Q4oG>%Iol	V+Xl${J	g	xCGmεmmgTT]7|3JDHA_;\0E?ۏĚV\'\0A#\nZg\rdb|˔~EU	\0bqp#vj`xIBD;V$m%\0O/\0\\V?>-{^[UIa@h۝xe[\n\0$X~6x_\Z.M.wד%\Z`C3rfU`Wo\no\'[7:º\rz\n[>j\Z[v N7?oO3+BO{]OY:xWckEݖsQhGU_5[\Z/.y.\0w[f/@nAa#\0(s+T]jvoNqisqo*U\"%	1O۷\rY[aѣ&]:E|CE<yj%~n\rj꿳}T?h>><_<Ei=E!%{qs:W\0\n|tM<MŞP}I+08FE|Q>3CL𿋵[xZy8Akoe-	_=~>x_kZidDftVf7!%W\0?zՏnoTŒF/5\"BU䐒Ą\n<!\0?ࡺ(M#B%G\\igZsZL`7(q`5Vď9}K.״ooGξ5k!wI,\"2Hx\063\0h$=&IgӴ[b\ZƲÍ֠q#m	A~ҟq?k\0`_ŏ\Zn/<o}hZ\Z6d؁rI8\0M|/\0?4пl6cΖofkhw(g5\r3FMN~-RA/:BΒԂFPGm#1Máe\0q?ޛ_Gv\Z>16_\Z5bt&4?ۿQ^j5[{\0ǋ4\\~؟_>\0	|l@0\\G8B3WbGa[^;&W,E\0Nj\0low]uߋeݵ1΍!ݔO$Lp#WS4Yƿ?ßv7kC?hx!XYIIn\0ߌ>>BOZhZ1ml) \Zȑ0ȵ̷&\\\0(\0(\0(\0(\0(\0(\0;Ëu8:?{y&Wc$~WsĿCgxyzՃ98ZN?w4>\Zk{wH~s_o\0.g+iwbnu-Վ+\Z\0(\0(\0(\0(\0(\0(\0(\0(\0(\0(\0(\0(\0(\0(\0(\0(\0(\0(\0(\0(\0}?<-t$ǖ\ZѿǼ@Tc*},?\'\0.m\0wd6usx~a9*\0(\0(\0+h\nO|FV\nu;y\"4zI[$Q\n@,\0\0O~./Zҥd&I5mza\0,,>QF!*w\0\0|b>~1^	M|+Kof;|uD!Zv=A>V@.|J\0ӟ\\/\ra\\_!`pXAt\"8KF[	c\0?\0⻨k7:<A;ɑrfYgۤ`B0~xcz,?gD$4TI8IݣP(\0+q\0\0_u%>&Xk42K[D@0Dn%W\n\0./V־ }]\rhz׈pƹ2\0|\'jo	?)-n~VxT扨B|C2(Xn]>X\"H@_%W\0ؿ7m墰׮/|\r{0Ϟc8`]EE\0W\0[(u+	_ʋ\0MHXB-)de,+\nS\0\0\0o\0?y|z#﹊8v䃇	>\0n\0w_KMkq/<S--u	tp\r	g5EQE\0QE\0QE\01\0	h_Z~ʅo,7npOmCӦOW?wΚKhk.nǪ@ӣGP*i>+AfXt=KG\\Y,n铄9j\0m~\0C\0i_QvxcvrG?\r$qZ+\nAyײ|+E\Zk&Sw|J9\0LHl>5-\'<.p=\r;\0\nkn!o|Go}2y!n?@@Ҋ(A_QO6/\'ߋη)\"dW޳\\Y+$r8r_͉iiHP+>\0Sq~iɪi{6R7.~\"7Z?\0[:\r^8ۿ_V#w2|~k\n\0\0o?<kq~\r\Zw%5-[2$5dm\0I\0ݟ?~9𬷿3N~2y[ul+lmۂ!i!|\0ҟa~DV[X\"\07]A<99v\0QۣqRx	\0hO,!/FmPH\0qwL\0I`*)7[PO;Z-_hw?ƚ3f|8Pbh\0C(\0T?躆Z|E\0$ֳ|),d7<\0[g6o|:R{nsk8:t3nXW-\0_6\0_\r.o<Qk}b&Oít1K{o\0M(KS\ZgĿ/HOZqGQ!\rN8GPVXHmFݗ\"8Im\"+/=[\\ڳ	}HO?Oj	MK[P7+T-r_5O̜?^ovi?nډo?O._D٠aE`L\0~\0\0B?\n|;1\r:\r?T\0\"Zޡ:b9z-a%府׮\0\0c[/[zL,k+k2\0.Xc\\BvZcmO{\0ybC6U׋]~wXXF	QZ\"^Vli o\"\Z!	-4d&/OGů#/?sA#}7M3jZ>Mi3P\'c΍ Q=ʿßk*<[Hanm\\--0C*f9Xd`NPz=~!۾ \0\0\Z?{\0gE)~cxѰ9M!V\0\Z+Yx3\\sp|5;}e9oUdH4ѐ#!M\0Tú/\")xPh^5BIL()\"G\04H\Z]hz4K=7M>a$P\Z\"\0\0\0\0U+?mO^|2\0:E	.\"I*Jڝ-KhT2\0\0ѧ~\07\0憏l,\Zw\0\0{ohh\0\0ѧ~\07\0憏l,\Zw\0\0{ohh\0\0ѧ~\07\0憏l,\Zw\0\0{ohh\0\0ѧ~\07\0憣O+1Vb%B_˨z(\n|O;\ng~4~\0lcq\\0$w3`p|+\0\0b|@fc<1}\'/mȾf~\'[gOyuvHĖW	!md)</AE:W=$X2Hd0#@W\0^/5n^q_\\W\0Vt\0ߴujģ??W$\0o|I\0h..\0凷%|	\0{\0,Hʚ`ʺ?\0~EPEPEPEPEPEPEPEPEPEPEPEPEPEPEPEPEPEPEPEP\0~>wy9v5_?IX\0*\0o\nW\0QE\0?%߆3Z^*GifF	b<P0y+wO:\0iY7V\0f٫|Dky0n.m)J*<ުD1&&hwa[[u9\r~ԇ4rp@Hh\\HM\"7?iߍ\0gy\'(j/<=W<%nFaYroL-䈍fv\\\n(7_gᆡO+m,j:lk^F4(^\0IͥI5/jVG\'\0Ơso\n<pBt\0t\0\0\n?c|[?-`6yeY2Z\'7ė%]XG	?DV\0Ǌ.5\0x!\0	\'5wUfiː\\$Q2*F\0\0tT\0\0j۟ڋ5Mc~xb넒ORi1}ȴ09M閑??Ol [[X(aG(ª\0\0\0\0΃Z?/>v\Zne*F8\0\0mQQE\0|o\0\0\0\0{Z})=Xm=VI\Z)X?o~O\'gCĖSW^5qq9eGR[!}[oe\0gUulN]2wmr`4]@Q@Q@Q@Q@p\0u6|B+r/<3hL}VA]s?]on:Q_p=x8`%98\'>\0orCy\'D<䬖qD8;p2I8iSK1u;-R-{}\0d6\\ƱarQ\Zt\n(\n(\n+ioڻq<i\'Ö;-C)\0jpp\r~P|J\0ПToj\r\0`ozJXSgZEj(\r,)!m(O\0#\0as|b񖍢wlEl]j;{5̒HR컢\0\0_\'\rMtu\r^o0\ZL	a*a,_ҟk\r!ߵWiڀYdALw^*U~Т- Bm?Ol [[X(aG(ª\0\0\0\0\0K\0o??u_\ZjZ]@#h$bɆ;VEQ&)NV8ɤc<?p~ba;WrR@:\0m_mō:\0ٗT6><\ZCDg^^љv#Xnrd?>(~Ҟ m7>$E᧑ڑK%B0:\0Ư<3_\0\0k]xĝfkɯp,Va{v`	U3btd\r~4\0?nh,|Bu	!n	7Hܴ,@+b4o3J\Z>i\"OmllaK{kkxPĀ*\"\"U@\0\0\0\0\n~8z/t\nԟ߇mG6پa}(Thotlk݊\'GUEu	o u[|\"~}ۡ$pK*5[I:ȿkiQ?E:=c)2H`_\0^?\0oo(_W_mB=w/4\rEx~F&8`B\0hp͖v022\r\0jb\0)	P2ӸE2Zp4\nH#3]<PBB;F߲\0O_,v\ZjpKso9%,łnƯڗLd>*|Z\"xoQAu{W(A=RHF p_7՟o)\0&o\'7W>?xJ&8XH>\n\n~+{7\0O&oԬ׈$^.|PK8ѻkmG\0>&mF\r?\ZeGVfur><gRPF+/co,\0\0ogS\06\0\0(\0zco,\0\0og\06\0\0(\0z\'/,QK--a7=?@?`(%_R\0v7hwGM-G󏗮o\0J6\0I?b_J\0ėS31#8z~_c<&ŭJa\'],M2|T1\'epwW8.>o==}PżwvE,i$R)GG]x W|W\0v52)W\'2\\䜓5Y\r\0\0?hMkv\Z7gc\0[?2Οr1\0/ҀOاŔ\0\n|3y0h:4<9R\0No3_~ߵƯm4r0W4rK62R&u/8	CokBg*4V | p \0\0joF?\0uQɸi\0z.~գCq:[z2]-ε~ߊ|A_w\0\"&4v٦7QIbv쑑&WI\Z?{\n\\Kg߂\0ϊxǉw%yh9;M1k,m/_}LwvkX[tˆhq#$ 8`EPG4Zk#\0AG\0A\Z\0((\0q\0H5:\n(\n(\n(\n(\n(\n(\n(\n(\n(\n(\n(\n(3\'?^u\";\'X<츂TVgִ+3\roc	|)5o/޷|t2DpORomޠEPEPEPEPEPEPEPo\0+~?J_?IX\0*\0o\nW\0\nu%?s|CR%:otYdu}EԔV\0c\0+a\0eEW}_$]A\0QG\ry$v=T__׀8\n~<~\'Kg^/#q XAO9\"<ϣ/&\'\0g\0޷ZW5(>vrv*\r\0`;K7\0x	ۿm6=gQ>$	CjMWSCkkkK4ҸHEff<\0\0$4mo:oyh?	Կh/ړy\ZnXk&[0np-w$`\ZN\0nۿ\\۸uګw_\0>\nJÉpł?Cu`pzz\0ο\rκG|hԤ6zua{+r<Y{UZ\n)\0\0o\nRJcjI^#BTKv2:4,ֿHa_&_&\0?~xKBj:5}`;n2H7aDhY\"+qt`ٖ/G?зh!;P#\'|v˾I0?M}h_7fg|OL<EY%RF\"Pa#o8TUgo?k	bl,mQ՝ؖF9fgbI$k?a\09e\r)chfKT}Z|n}d`=#P\Z(j:@(\0\0Q\0p;<Mh[D>j\\Gp\0}$+,(\0~5K]Lyj3P$\0$q7OPM/7~R!5t2}.B-N\Z<]ϸNv~լ~Q\r\"m?3hV(S1\ZZ(\0(\0(\0(\0(\0(\0>*\0]߀><]Ȗ!Cn7FTg<*ORoŏ̧Ie%I6t>[IH	\r0ʰ\';OЬ*ޟzō-Z5kr)#ۓc=D\n\0a-Z\r\0럳/.o-\0g.oüN!!12>r@go\r<\'k$4ZL&QԮ㴴uy%E~S~ֿsկ\'M-w~7ĺ6\0aXiFn#B>M&e_<|>_OxCzjԵ{-܀XFY\0_\0~/>	u~$W654\"t+#2Ӈ-7TS\nO\0\0asa@|3MF{y$,p\0#Vmǚ_9xVkg\0|3cZ~d3U2љ%`G,FY捞ٝ_īo?=s㗏$$~-M-䴀#:[bUl9}7>tooGɱ(%`\"p\0\0QE_X-<=]j\Zս/qssq xwwb$@\0_\0~$ýKT\0qQKx\0`K,;f!oc<tUO?Zo\0aهV[/XLgǑ$om2YCۣ|s6ȃK+K~>g//oŏ2mwN.dUQ$mpBPok7C\01o}r>࿹#EʁX@k\'>\0BY|AWK7 ]ޕrYna?4S(eʞ!mCOլ\'[)*0+)	5\0\0ax^\0ci~\r𞖱Ϋxhw DV6sg\0$\0\0F<=\0|U?Xk+f&y6kU1E &ӑR\0\0\0;A\'nB\\mCTC?ޯy]#APcyH\0~6_Y\0\0৞|q3?\0\0g].Y|6Υq,ʦx91mq\0?<#S߲:k\"_\'GjK)b[omˍ~?\0Ȳ\0R*ʬR@Akn8\'1[A: ֮O䴊ե)HIÖEtv\0C[r/x	\0\nw2j\0\r}f\'VѵyGu8gD,\0\0|@\0e~P~ßᵼv<qrrɛ˵DlnYAj*(\n(\n(\n(\n(\n(\n*\04?h ܇ᗉ)ʹ\n`Pk+਷i\0fX/>%rǢ\\\0[zPkg\0 \rq\0|\0\0\Z}\0@Q@Q@Q@Q@Q@Q@Q@Q@Q@Q@Q@Q@X/\"G|Gz?ګK+&Hme߻[\0V@\\\0.o+\0Im5=<~(uϘ|X*p6dsu~ke\0?-?hoT_\'Q-d[{`.JD@Q|SE~h\0,?~Ѻ\0hk_	\rZ<G0muKZH\Z})\rnXR~GwoHE\"GC]O Z;(\0(\0(\0(\0(\0(O/$][;E!2LeyO#2Da\0֍44DD^e~N8U,_^|iZ\r~\rg/KmV	1ꓣ;t\0F?\0??\08CFKW^ˤIck$3[eHnvlymϮ~̟㯀c$~ƺo/>ӓOҵL40=ɴYdrV#\0??ς	M|MZ#k0ΈP0x~Ѡi{c\0\0Y>;~ܷϦx+hcIO8l\0ك\Zj?־)|Xfq5Z-d\'7}_PʿL\0_ھ\'o/(u;k.ќ\rܥ*s/^ECjMWSCkkkK4ҸHEff<\0\0$>\0S7࿇>)h-x2/>kqypҤp`4Xk\0\0\"%4u?7-5,i7b.cFBpQ${\0\0|YZo|/E*ȫ:9RIpWT*ߺ\"i(\0(\0NŏLM͙{k!0mb[{8ɵsnr6\0!~0x\'\"|[*20>\Z̩#쵷r*?b\0=\0e&\\?)𽠎kǌ$|r?BFHPB*mK\Z|\\AYeiI\"W$ƳD(X J?X@(\0(\0(\0(\0Oګ\n=#\"o6ptAd&Ls/qly=\0axWG.//	Bx!KkcbI6s\\Dŝ9#G\n?*\0K\0^	ܓYthH87VÒA\0\0=No,>	\0?nD|XuX--D:zl!Ha _8#\n;\0X~h\0~h>=OahfV	rdAs:Fآْ9]\0~xs|mWR^2\\yW3m\nnOw*?\0g;쟆[EI#4loC+\"rĞI&w}\0\'F\0%뚧CEx\0}Ps4A\'mk&Fe2yrL,\n?bυ?T_>4v>$r\\H+\0/#ʿ;5/k	D]r2#]Q&mς\\Yd	&՞	g\r|My&_Zi0kwlLF\'0Inm4=\Z((\'\0T|Bcʲ>/kV2}\"O1{K!eq+!OR\0buS/{e*>y\"H3oX\"36R6G?F&\0|Y0wGp\0iֱv˴BCI<nj\0\0[\'	C-X+\rC˽GZ@aOEHEbygvo(o\0MQCZ]7I>Ed5	K[XdzEʊ\0:ڟ[7\\#~2Os1~vC\n}fr6j1+?~4%>Ԍ}9ciJfVieqUwj?b\0rW-6iëy/7%7(U.H8au\r\r}6YY[\Z(PTUP\0\0\0\0cٟW%\0l/AOK_x7MDQ,M8O϶t]PN6y?F\0Qo\0Oegnm̲]~Tmf3G##7`{~?\0fOڻNu~Ξ?⇂@69PHuK+43IN.5~>v:O~>\0ޭg\ne+-F7$6o\'u}s¾*K`9ErVRȮW\n	\"Y#im-;\"kK\"1/=(Ӽ\rm+WWZ,aԴȳ[\Z22V%\'_5ǂ|V?|I~,(^׬DRXX#>`\0T?l\rW-|6\0g]f_^0Ug*<wh^yGzE*>|s*GxOėxPy5Yg\\K_w	oIǟ	u:[?[3C}eesrH%~-~T[??agwㅕg_xcMD})\00w\0wTQE\0QE\0QE\0QE\0QE\0-\0\0h\rMYPxu4|/#.1=ٕc\0Kofm\0ƚNF۶-2圜1Ԃ\0>\0:\0]\0x4Ьju\0׾~?S־\'ju\0\nsoN\0 g.}Aڀ\n(\n(\n(\n(\n(\n(\n(\n(\n(\n(\n(\n(\n(>_?OPTKԼM-!M;VUPnS.\0Q0uQ$W7n%\0Կbڿ.bgOؔK9%r#$~Q@\0#쟶\'죫]~rx$\nggq\rŹ\07ɕ`>\0֖~\"Su\r\0V|E;\r$\0uѲ:+2Gl7P>>w:\0I|drI gs<RMa}E~>\'\Z#\0\0\\rM/\"$?1ڧ\r	)/)aooo\rq\nQ\0m|	\0Nk巄mM\n9A;NCy}@^A ?(\0|\0f\'\0>\"dmk\0 R3k6-D?_\0l?,UT	xF϶Yv4M`pDx9|U_)ǅ\rh7&Wu&h2u(L\0r}}+ཟ߅[\0rH,$i&g`ʙBn<+eNA-K\'Chk{	I %#GNGݸȵ\'xy~ƟYrbv627-rHDy-O3=hV!t	#f$t1 cll~Q_?\Z\0B\0=#\0tj߲?YroNk_H`Pqhǐ^+\0_nC|/KNѾ\0|Qu{(n/->DHe\05og\0zG\0,\0տeh#VA?G΀?_[x߱\0\0\'4=>[YYƣd\"7tʿ5og\0zG\0,_/w\0\\O|ZC$i\0\r;3YʪBv^$J溘ynH w \0ÿ:|\\x_NV5)IUcO$Xac\0տeh#VA?G΀?_[Y\0\0\0:\0[S]a~\r7q\nh-acekZ/ٯeMD`.u@TO+_o%\rS!ԣul\\6?\"OߞL\"#Οٻ	GgG}߃6,n{Sq	oBC]0@//?O?*_۠W\0cw\rM%6DƑCFp/\'F,\0Ѓ@H\0\0~iz][İA5UF\0\0\0\n_\0ʖG:CIo!XaO$$sLdoߋ\ZTBCH0]AN!Q\0`Ѹn~_i\0#?ROh$dcV&\r[͊epUwRI]\0a!ڴzo?6-֥nUr2E~?Y?\0}ߚq{Y\0w\\F:u$y\0_T^cxN\"Ӽ$/G@W-Xx?\0g]n,F54\\n6:\r\n\0h>=\"ԟi#7QƲ6|B\0zn~[w*PxXc6?iGHѰ m=+go_h\0Syg_xʯ#&5ROޒ\0\0\r\0cO_er|m %$t\"	Z Vx\\}ähҭt[{8-\n(UU\0*\0`P#??R\0(\0?h|𮠄}n3GYO_Mrw\0~ɿƢ? ė3M\r.fbe# J(2O_\0|3\064N\0bUQE\0~?\0\0g\0͹-&%[D_?n\'7\nq\0eU?J~\n>(ƛ:.ag\ZWWpH$D`U 	_\0Q\02.~Ŀu@P%+di!X`%j\rs$_J𿉭˸Hh |F][d`RTw4WJN;;Ik{dP$n)IGr\\߰}z\n`i	Գ,s1!Ws.KŗG\n7|d\0{;]iqW-fG$nb\nY]E~	\0V^_Zבt[MMO*i|yFB^@o\'{\ne|\\$+n|=v4dCpZ\\o2Kl% Ӽު\\e!GojtK~?\'/~?9â/#P1\ZηA󴖶\ZC׌\0i_]ϯ^M2=I<9F>RO#\0aşbgo֭ohC*Fe\"K@#\rf? 7ſ~6~ߟϊ:mY4]5\Z\ZB*oկ3k~t/\nO]fa$1*`n-㴷(HB\"\"TQ\0vҟE\0V_||LVizƃJ1%Ѵr\"Ԣ?\n<?\rOu{[Y2x&ܿ4HcU|ۨu4-\Z,lu]*S;x-&YC$0e$AWJ?f~\0/I-uO^fJJkp~exTpW1$ӏ?	OZVB}A;Un@8P\0_\0:w,1x`\ZN+!w(nIv\\t.\r~~\0/͟>xLg+[.4k{OII\08eaec\Ze}MԬu\r7PnbYԫ+) H5b\0\r~,95_~Obofo1m;Y1㵎SH8b71ˌ\Z^oCh쑸λSP\rG\0W?}$k?\ra.q6PO,_,_|5-h\0k9vXn̸\r*^Q4[$\0r|EH6EeOU\"\'ex,xx{GP~E\0QE\0QE\0QE\0QE\0Wf3ǿo<\'8F9K;Ag\'9C_Si??1x\\ռ움|#.p@?\n5\Z?d袊\0(\0(\0(\0(\0(\0(\0(\0(\0(\0(\0(\0(\0(\0(\0(\0(\0(\0(\0(\0(\0(\0\0l	7~lqrཿK)Ok?n>1|+Ğmhn\rʪi\"Fs;d,0@\rO\0W?>,OYCޏ,?g\\Ks<c1RqQEm~ſJ\rK_|P?hm\n\r⹺u\nC+8BH}\09?~\ZnkY.Y{Z	.KV?j\'\ng\"\0K_yo<\Z&Vc	)Riэ0\Z	8\0oOC+GZmm{\"Rݟ~?*zQǭVoc|=𶡮kEj\Z[ZB,B(b\0&5i;SN3^GcJezEͥ $OsuaT	x\\YS~\0r~֟pt\0^ >o4o)x/(hxܑ[}ʼ d\0:o+\n=Jy\0~h56$sjomXieoKÏʛ-FE	\0;s\0ν$G^9н!$6$ɒf9?eW?\n+6x\"#͞V-,\02J,kѨ5QE\0QE\0QE\0QE\0QE\0QE\0QE\0QE\0SUS\0N$mO\0n?d|\"ojK~gy|iE-FԺQOco,\0\0ogNXශ#H$\0k\0?s17GeƕIcmIS)g\Z+SCrBC=䷙@U#$mLPW%e@};7̚+5\rP(G4V\"WH\'Eh4hGÿ©>\'|\\#5VF+BTy@Q$!sfl\0VK9VT/b:0䵺6yJs߁\nc\0C\0@S0mt]CDG!R;ny|dH39\0g/P>5xwj\'M*]SR\'_3aao!Mĭ\n.od\n!9\0\ZA\0-Z׼]v	p==K\"Y\"8USl_o2	R|b~8MsQ]L(o(eg_(0XC)Z>:lt\0hukb\0%Zƪ`\n_EPEPEPEP_?h[w¹>[\0|Uco`Ö=?_mm\07\0k\"ۤG*U\n;(\n(\0_AS(8o&gBXgмm;KoުdU!B̘\"fD1?\ZA\0c.c[\"LeIwrwu=G\0RC#!S+\0x?\0_Co\r:=N]v/\\HH7d ?\n+/<\0_\0\Z?gI{/&\0`-#9U(<-ÿ>?x\Zs*5oa*w̸889:\n(\n(\n(\n(\0_X	orKmcgWdfo-n\"BQp8؝\0eb}7I+Z_c\rIO?(F>N!#4\'G\0<\01iL\Zix2~\"n.f7rҿv8{dcyF;V5N#W\0o?e˽SkFP]Ihf5m&ԕmWɈaTzQE\0QE\0QE\0QE\0QE\0QE\0QE\0QE\0QE\0QE\0QE\0QE\0QE\0QE\0QE\0QE\0QE\0QE\0QE\0QE\0QE\0QE\0WgyO\0ozU߇+>/r̈́V4hn[U0n8e9icC{ZivZ|Ce.i	-mBDx*H#ހho	~/zׄabvidl2:Qє]~~6\n!\03jrj\rUv7C;4rTo+3@\0?|I)|\\wicXմ/DnͥM=\" V\nUV8Vٓ߳\Zk#|Suſ_Ζ\ZȦRIf$/}L\'|$Ox2uxveA#,+(\n(\n(\n(\n(\n(\n(\n(\n(\n(\n(\n(\n)7\0\'/_㏋^ kiö,UWԤ-mWT׺W/$8|7i_,\"|	is:<-\0Y\0xO\0xg9<yU^?&`d䳼.%yeܥJC|54O?%֧3K<X$	Xd@T,B#=8o\r?Ol [[X(aG(ª\0\0\0\0zڇ._Q?@m&9 2 h\r\r/^|O[O׼;ZG}j63װHHxe [5{o\0gO캇\0	<w+6H4B1.웈}Y+	\0b/\0ImĈŜ\"M_:}kE$7%lNnAtGҔQE\0QE\0Q^Co~\r_5/<Aov$Eo5py[kHK4;WEf\0\'\0\0\00&u~>\ZdksoK,hqW/\05}ǋ-Gŏ|g-MȤg!otK9س}\0\r~~9h\0ο᷂.Q댮88^i( ʟE?h;Ky%D(Ի9$z\'S\0(]G\0M\Z=\0~ֿۣ\0ߊgu	smp^9-LPʹ`6V̤f7jmxƟ~\ZjK[s;a3L<j(!h~K$?8A[m/^Iin$>KJz\ZdOi3X|#qeҧ\nLc~\0$\0ݯj(+L(-an{4vFFB	G\"o;}\'Gǭ\Z8Iqnڄ&\Z=R+T |Â_(u?b\0¾)\"oBHWO(bܬTd/\0߲F*-ƗI\r߇X#]OW=H~vn?_\0`*\0<\0_?-?ӥvE=i,|WN~U(@%\0~\r[Yu0Iu)lϖTI;&C?\'~֟K]s\rhyecB;GcwHbw4_G7|uFkK:m2: {!ɅG7J_rIe~,]i,ǒI?$ϟo\'\0E\0,\ro\'\0E\0,\r{\0:wY\0i\0iG:wY\0i\0i@\0F\\\0 \0F\\\0 ׿\0çe6\0\0\r\0çe6\0\0\r\0?xG=izM\ZlVV	B[DY؅P73*Z>+AWW>	h:\'MZ\rsNNo,l/!ex96:+XByh\0(\0(\0(\0(\0(\0(\0(\0(\0(\0(\0(\0(\0(\0(\0(\0(\0(\0(\0(\0(\0(\0?O\0Me={oa|>դj$5VB	2neeȄ?P~%T\\G->xyZM\0{h $ͻ5!~WĿ[$&\0Gޅx>O!R$s:]	6Jr}E~`\0?zo{+o\0\0N&;{gI6쟕ݙynV+AQE\0QE\0QE\0QE\0QE\0QE\0QE\0QE\0QE\0QE\0QE\0QE\0\0\0\0;~-ͩjaK!r1?v.y+~WO)~$\0OlZh<A;<ŏUq8~QE\0W[\rѾ$N\0-\0gߏz\\ͨE6kq>C9;ƍ(W\0KS_\0\0n\n?ϊ61v0L>ő`l8Y!l⸷9A$RE#!G ۓ	\n3noY𭯈Z[cF@%\rGe\0^jR\0c2\\.WWdGi2pށ[gM?r(\0K>M+9X̙<$SC_4~w_;\rOď4~-s&ӷ>`aVۑG\0_\ng\0I[\07!&v\Zö)\"8co2K2#~p?Lo[Km+Y<n\0iwmBܥlIvP4`/WټGVuH|#&!=#F62Ldz[!}&[X!b$q\"*\0\0\0\0SQE\0QE\0|\0<am}\06*IޠV_K`\r?lf	<_xv=-Z}8&\0><\0d_ַ_>$NUlϟO`[MuTo9?nZ?~ϥ60qg>T0ƱƹU5(\0(\0(%__M{;ٟ n~+|fQ|WGC6LR<{ӻ-,S-+e#?ಿ\\|[c\0C+&1yL\nKt8\ne{k_F/!^{f?i\Zx}w=:#7L/ڒDdO<exr4{k9%O$Yg[?(\0(\0(\0(\0(\0(\0(\0(\0(\0(\0(\0(\0(\0(\0(\0(\0(\0(\0(\0(\0(\0(\0(\0(\0(\0(\0(?*\'7[i{sMV |+cP\0,cF;?_\0v\Z^Cr\ZWM0	v}߼\0Ax1 d~U?x~Ś\rz^o%+52)WD`Uє*	\0_y|%\n|aAvXkg+>1E\"(VRQ<z~C\0n?fow?`%mn|%֗QF\"n#i*\0^gu\0ῌ|XmM4ne>|!J#.e O*+_^㴰Ǡ_ms&H34E/\rĚl0/c߱\r(\n(\n(\n(\n(\n(\n(\n(\n(\n(\n<Eos|27qgn.qb:s/*ܟ_؇\nawL:k㷯J\0}\'\0tK~?5t\ZT)enJ䌌wak\n߳O>.j+[kr[Ob%\05|h\0mf?%.-}WAo[u}YieF7\Zs\Zr>a!\0J@ॾ]CJ/o^\0n<2<Ə*Mf1䇖[8 }WOe՗[_xЫmxƳ38:Hr]C\0\Zm2? xʃ*FKfKs/#q?O_)V=WRǟ6F2E̠e ;0Ad-㴷(HB\"\"TQ\0vҟ@1?xA?ֿgNErR$	?d_(\'Wl:fg]ᘰ[p$Z(7\0?gz[:d6zg#fF^?(nvu ҏ\nKׇu}R&<k\\rH2	^?d7>\ZφtjRjK\"y*2\r~k\rxş!O<3x;Ӭ}ŉbQ-B~Q_:gq\0tme~r[լK85PO_st!R/{EGm?hW%Rpb-q6vbqG_K\0\0~ο\0g_ٯI\0OO{+(fD$K8ƹU\0w\Z#K9X¬\0\0P\07\0wEVnW+Fdb_>`-Ϝʂ\rG\0\0K{j~xƞ*<]i9<zKL`\ZG ϲ=F?!^|\\7\0WAj5+̧΂Y2Ke@D%[2 ?_i߳\0\r#%\0F?\0\0\Z\0~ ?_i߳\0\r_\0[2\nmo~Qwg Ӄb#	\0~WF<\'ѓu֡&;cE\00ƬxU\'\0/)&.	=m$ߌ4wn<|5o@\nA>8.:߄Dؾç>i`m?Yzy(`>=K9Լ>_okpZ\0oh\'%oX&~/Α\'\'C_~kw.5r@0$\n#L\\G߇_i~𾍦x{úYnlPh\nأ((((((((((((((((((((((((((((O\':TqUaZ(~3?9_~Ҧ\\,3>Ql|ʖRDR#$~!\0ܚ̚>6[\rݵprvaq(gvͥ&3}x^KbY/e<n҃⡇GGi)~	xI,ƞۺ2ISew\nU\0ԵŎHAۻLLbv!s9I<y\071pA|2*<ӌm\0ټe煮\Z_-	v[̻!U?MkcIۨxbG#{qoݼK\ZIQr#>xS]B mq䶡KO5Z&sg7[|vUVD֠lz=81V?%؃Α\0[\0k?ӿO\0\0H\0z?ӿO\0\0H\0z\0c \0V\0Z?%؃Α\0[\0k?ӿO\0\0H\0z?ӿO\0\0H\0zzC\0%؃Α\0[\0j\06~zM/kVmCjv\'Y:g\0y=g\0y=!\0F\\\0 \0F\\\0 ׿\0çe6\0\0\r\0çe6\0\0\r\0o\'\0E\0,\ro\'\0E\0,\r{\0:wY\0i\0iG:wY\0i\0i@9\0u75Z@p-|2\"\0_\0~m|;^.%l+8cr9v83ӜWޚgbo㺳~]BsID=2AW?ŭt\rH훬Z}vџ;hR?9GdU|tW-\0k%*6(Ps\0)\n$<ض	|W|br)\0y\r0A\0ಟ\0UR=-/[qӀ\0w)||SSIqiZK#%CfɆ60A<~@tlM	|zoxOgmđ7݃<{|%L_<=AfGll/ԍ<@G\'\0\n(#%\0F?\0\0\Z??_i߳\0\r(#%\0F?\0\0\Z??_i߳\0\r(#%\0F?\0\0\Z??_i߳\0\r(T\0k{\0ZXZ7r\0I*Ft\0d_|ҋM\0`2	Aז`(7\0kO3̳MkBeQUq\0e5GZ\rww>6IMu;7ar.<Fs,3)=/~\Zt=3Ot}.K{kHac4QT\0\0\nТ\0(\0(\0(\0(\0(\0(\0(\0(\0(\0(\0(\0(\0(\0(\0(\0(\0(\0(\0(\0(\0(\0(\0(\0(\0(\0(\0(\0(\0(\0(\0(\0(\0(\0(\0(\0(\0(\0(\0(\0(\0(\0(\0(\0(\0(\0(\0(\0(\0(\0(\0(\0(\0(\0(\0(\0(\0(\0(\0(\0(\0(\0(\0(\0(\0(\0(\0(\0(\0(\0(\0(\0(\0(\0(\0(\0(\0(\0(\0(\0(\0(\0(\0(\0(\0(\0(\0(\0(\0(\0(\0(\0(\0(\0(\0(\0(\0(\0(\0(\0(\0(\0(\0(\0(\0(\0(\0(\0(\0(\0(\0(\0(\0(\0(\0(\0(\0(\0(\0(\0(\0(\0(\0(\0(\0(\0(\0(\0(\0(\0(\0(\0(\0(\0(\0(\0(\0(\0(\0(\0(\0(\0(\0(\0(\0(\0(\0(\0(\0(\0(\0(\0(\0(\0(\0(\0(\0(\0(\0(\0(\0(\0(\0(\0(\0(\0(\0(\0(\0(\0(\0(\0(\0(\0(\0(\0(\0(\0(\0(\0(\0(\0(\0(\0(\0(\0(\0(\0(\0(\0(\0(\0(\0(\0(\0(\0(\0(\0(\0(\0(\0(\0(\0(\0(\0(\0(\0(\0(\0(\0(\0(\0(\0(\0(\0(\0(\0(\0(\0(\0(\0(\0(\0(\0(\0(\0(\0(\0(\0(\0(\0(\0(\0(\0(\0(\0(\0(\0(\0(\0(\0(\0(\0(\0(\0(\0(\0(\0(\0(\0(\0(\0(\0(\0(\0(\0(\0(\0(\0(\0(\0(\0(\0(\0(\0(\0(\0(\0(\0(\0(\0(\0(\0(\0(\0(\0(\0(\0(\0(\0(\0(\0(\0(\0(\0(\0(\0(\0(\0(\0(\0(\0(\0(\0(\0(\0(\0(\0(\0(\0(\0(\0(\0(\0(\0(\0(\0(\0(\0(\0(\0(\0(\0(\0(\0(\0(\0(\0(\0(\0(\0(\0(\0(\0(\0(\0(\0(\0(\0(\0(\0(\0(\0',1,'2015-09-28 09:23:21',1,'2015-09-28 09:23:21'),(33,13,'1','DELIVERY','\0JFIF\0\0`\0`\0\0Exif\0\0MM\0*\0\0\0\02\0\0\0\0\0\0\0VGF\0\0\0\0\0\0\0GI\0\0\0\0\02\0\0\0\0\0\0\0\0\0\0\0\0\0\0\0\0\0i\0\0\0\0\0\0\0j\0\0\02009:03:12 13:47:43\0\0\0\0\0\0\0\0\0\0\0\0\0\0\0\0\0\0\0\054\0\0\0\0\0\054\0\0\0\0\0\0\0\0\0\0\0\0\02008:03:14 13:59:26\02008:03:14 13:59:26\0\0\0\0\0\0\0\0\0\Z\0\0\0\0\0\0\0\0\0\0\0\0\0\0\0\0\0\0&\0\0\0\0\0\0\r\0\0\0\0\0\0\0H\0\0\0\0\0\0H\0\0\0\0JFIF\0\0\0\0\0\0\0C\0\n\r(\Z1#%(:3=<9387@H\\N@DWE78PmQW_bghg>Mqypdx\\egc\0C/\Z\Z/cB8Bcccccccccccccccccccccccccccccccccccccccccccccccccc\0\0x\0\"\0\0\0\0\0\0\0\0\0\0\0\0	\n\0\0\0\0}\0!1AQa\"q2#BR$3br	\n\Z%&\'()*456789:CDEFGHIJSTUVWXYZcdefghijstuvwxyz\0\0\0\0\0\0\0\0	\n\0\0\0w\0!1AQaq\"2B	#3Rbr\n$4%\Z&\'()*56789:CDEFGHIJSTUVWXYZcdefghijstuvwxyz\0\0\0?\0tYS~s}=\rXStb\reX|.;.	<W6\Z.`[˦ߗGG0S[O9JU=JO.`XGCYSڋ<S\n}jEL*(D~Ԣ?jڔGXs\ZDt]ZJ#9J];˫]/G0Xuce.j\\b6Ul,VFʱs]]YI0Xc4lXHR`\\5h!Z|bRS)t%8%<Sӕm3*f`z\n\\bmm9Y]C+R2<N`c6ѲLyIQ3`8j-6T٣3#f>p` ߷jVWq94I>ior;\"pGU;B_ǭb<ngB\'?NP\0Ǯ8\'zlw\rk1~\\Z22\rrˍ[ܫa۳(be)ZFU1MҢUR\02IP\0vs<*)i?o\0>t͎+M+QɩYGhgORpSf̔ Qs=<JrY>\rFFs=\0N>.IaNW-^ڝ\'HY2 sT={+.G \0=z(睫uwҵ )Ud 8`¬[#3ݕ<k\rb\\n{\0\0]AMH3H}sB	QI:t!P)#ݜV{LrNzbES?KqX[B;\"۶%@*`#bU\ZĚ|Qѕ*A\' 28925n2ee 1Ӱj2\Z+l%j$]@Y@Ǯ?¢20 czZXݦh>P~CsTedFY=rVfx\n8¸Uw7U}O\nqv[74A\nޜVq*0w}*I*\\$63u礣4nbLMԎ:&f+7oΑFAvSX$vtb	ۃ0&w9$o\0פnI\n?Jv)*\'c:\0`\0n,\"Hr}\r0&杌c9nvso=\08c\'1?iww`~k7cD?;O^!\r9=.$a|ZmT|qjD$?+j@[t\0փ@i\n9zvJ+2(@vS^sZ\'Ԏo:i`#5<#EԏJ_sN}sNN8lV̠ztyǸ\0s@o{\0*~Eب鑁HXS|#aJ	#$w@1\0y7`w?UFN8={F37(suu&v|sRJ!yteBXO^ɭOcI+HIm($@~?F?.yws):\08KC9=u`nCs\r*d0N?Z&څWv;s(-ny Ve΋[=8Tq .ۖ?B\0|ZB\'ӏRZwQH=.	+\\=*LcNP\0ո#&ue#ǿ֧\n31ҩ%W$NT`~irgfl$i,\"Q_\0תhэ#|T+[$esZMMM	\0\rA\n~8p	gq篥Q7{d,XcY@fٜ<g\0Q{U.PS¢~c8=GM+2@ǭE=(PsqAKR\nךBܕq\0iUsvI?֢\\U(;De\0&X1UPFf.\'N\nG%?Lp͗U/g&TN؜bvDr\0})\"1wJۅ.ӑ)\0fo0zWrZ!xqw)7&W c5X6=ǂ>Q{K1gtTbh|Hݠ\0U#h36dƔG\nVV<<\nVE;Hlpz<jΧsJ$I~_DimKsM\'~r;,Ձ$,yo$eG<)eS׌9ġY~7>ɌeFM>_\r{Կgbb`RcȈ-ǯzt/2B9\'\Z+rJtvUqCSܑ#(Q#}C^DaSFl9E\'bn[\r9;Zl??\n%3ʀ\0foڻsOԗm*.IrOSjEmՃ/8ԌL\022N=㒾(ܯxycpBG|Tl;n{ғ+Uv?ic$C\n;})2;E-vu(|Lcvs,dxw=ssN2PQYlۊ,~`T~<RMާ?:a\0w2E;v/BZnGCE+7G!9<R	WpTE#\0dMShJLI3O<؞Ҋ*FmX63;qNJ$EH%)Nr\rP4\0Adobe\0d\0\0\0=http://ns.adobe.com/xap/1.0/\0<?xpacket begin=\'﻿\' id=\'W5M0MpCehiHzreSzNTczkc9d\'?>\r\n<x:xmpmeta xmlns:x=\"adobe:ns:meta/\"><rdf:RDF xmlns:rdf=\"http://www.w3.org/1999/02/22-rdf-syntax-ns#\"><rdf:Description rdf:about=\"uuid:faf5bdd5-ba3d-11da-ad31-d33d75182f1b\" xmlns:dc=\"http://purl.org/dc/elements/1.1/\"><dc:creator><rdf:Seq xmlns:rdf=\"http://www.w3.org/1999/02/22-rdf-syntax-ns#\"><rdf:li>Corbis</rdf:li></rdf:Seq>\r\n			</dc:creator><dc:rights><rdf:Alt xmlns:rdf=\"http://www.w3.org/1999/02/22-rdf-syntax-ns#\"><rdf:li xml:lang=\"x-default\">© Corbis.  All Rights Reserved.</rdf:li></rdf:Alt>\r\n			</dc:rights></rdf:Description><rdf:Description rdf:about=\"uuid:faf5bdd5-ba3d-11da-ad31-d33d75182f1b\" xmlns:tiff=\"http://ns.adobe.com/tiff/1.0/\"><tiff:artist>Corbis</tiff:artist></rdf:Description><rdf:Description xmlns:xmp=\"http://ns.adobe.com/xap/1.0/\"><xmp:Rating>3</xmp:Rating><xmp:CreateDate>2008-03-14T13:59:26.540</xmp:CreateDate></rdf:Description><rdf:Description xmlns:MicrosoftPhoto=\"http://ns.microsoft.com/photo/1.0/\"><MicrosoftPhoto:Rating>50</MicrosoftPhoto:Rating></rdf:Description></rdf:RDF></x:xmpmeta>\r\n                                                                                                    \n                                                                                                    \n                                                                                                    \n                                                                                                    \n                                                                                                    \n                                                                                                    \n                                                                                                    \n                                                                                                    \n                                                                                                    \n                                                                                                    \n                                                                                                    \n                                                                                                    \n                                                                                                    \n                                                                                                    \n                                                                                                    \n                                                                                                    \n                                                                                                    \n                               <?xpacket end=\'w\'?>\0C\0\0C\0\0\0\0\0\0\0\0\0\0\0\0\0\0\0\0\0	\n\0O\0\0\0\0!1A\"Qaq2#BR$3	brC%Sc4s5&\'\n\0\0\0\0\0\0\0\0\0\0\0\0	\0S\0\0!1AQa\"q2B#Rb3r$CScs4%DT&ҳ56\0\0\0?\0u#+.*/\"{O_jj~`cC7Xx.J$L~ΛiP̜KN<I~*Vb|N	G85厕Wp>?n	~8q*6מ\nDu\Zn֔ø8YSXsG3S\nH8$돮s\0sM+QiZ16`]u_|vL]W\\є,UMXx!L\"/p0=o@IcS	TE<0h\0-0~Hâh)S $aJ\08R;zz˚\Z<N$@}$p+5uR_%s&R#XaU@*xx\0Iz\\N)v-s1a(2l;Ȋj*Xpø?wӣH)V\'\n0P2Oo^=z.zFhpBu6Gf7LX$t95qRfaHD~sir4GI)?fJ`ywώrTcg\rE)yJO-\00\01r}?uƃL$qc8ߠiJ\"y+V\ZT@ː0~9>F`rEh f0	\"Ol(ecQ_TA5%gǿc><Ye`(O߅\0\'ŀK&YF3%C&j+\\:SR5ĕy(YI\0ӷPYAx`GӤi-q\'P \0@uWA1go$:>8Ih|e?\ZLR@`ʈf /X 1#ـb$,i,Ⱦ 9\0g\'8zz$Kdyag\'BB5gbo9uQFq	 ө@\023]s6jҙpafH؈I|$뙨2x-uU<,ʃ =?\nЎ8Jqv{x|Q2F!\r\'N8*Ʌob}>ӮH\"}͐iqӺq#\Zʤ\Z8XD\Z#JAFGo rzaϬ%U*k!\n(ybAǳ}<9J%#iX8qT:fuR}1\';ԋCP-%i5pHR)0\';$w 祉A#IJDNudA6ĒKq0T>GUO$81*	\0Lvz~8?|MJO ,{uԴkĬv[꧱Ө6&$#ȃJ<| /_uC#KP*\0ZgK6X2\nvM2`xHF\"$.zv B\0ѶAxaaaga[?h9,{M֘\0}Dt,M2{;z}#?w\0 zb>91W6[zsBhd6\npBᷫ:4Q1!\0dx}/\'\n%ԢFTVyABx	#e#ゴQ^\\ \0I:zpԓ>,ӠcV=[My`th)̠vcX `fl3K;;<\08 Z\n⽛SG2\0 A;]AWǡ8Of0\ZiH@cS,5<ؐs\"nBHQ\0xBh)bJ yMs#\'t%q>6\ZKϛa<kFAv?QYs\"><|\0CyHbTw=cqRH\'!p\Z\0?LvG/ܒY>>JQbܾS١!d4r_AoLt!`Q\\dy{^x<#v0r;+S!hYO\0$ZbL2c-\0\0	N\0T\ZH eS(Ϳ`߇<ZB޾Mp>c\0\"VqVξx@1yxH=p~,6X%*8+e\0뎺Rڼ16I#~f\'<𔑩Bg~/a􋐡53jDp~ be{ǩ>\0Njr\\CDD\0,ff=q\0\0Ԁߖ8~$*jWlz7N8$j\r3)SnJ|6qzlFpգ3f=JG<pW#As9y=LM#^0fd?9}z!$s爮RB.\0\0&++:,#d;xHys021T\0\"7Tyȝ@>l{~%3\'\rƋ\r0r*FפrJ7}\'Lo&AP);#t4dksV9pOj_maWfF\09]vU<&ІHǗ@v,=OH@aFF\0oNEwǔ{op\\\0Yyy~8r#Cp0>%@P\"9B\\^5 \rYx<Ef8]߶tph8EO[J~@`OlzU@|GrU$θ3ɏڒDf>lH(\riJsÅ>Xq_.cSQP*\'zEW0pW,<l<@o\0d%lmrǨJ_8s}$_8IqYd\Z)ˏ/ׂ#Ȟd@#\0?`g4\"G\r!ٱK}1c\ZF#+#\nUGt9.A;cS1Ӭz1</%t+!9$dSЂNt8$@5\rL x\0Ste\rQG1!I>;`צ@39aV?I(P$H;g$GL,IDȆfgxU\\x9G@M몘x\Z5`H4x+ЌUx##}O~ȤºUd?剂<\0\r#Jҫ.9hE+F+5TcQ	)\\~ j	>ɅMWX_	\"rױ0:\ZSDYǞ4@=vA f  ^P|˱8X=\0wM+ BPTV/HhEJ{.m,ƠbX(C:/,!+yh1(bRjkf|qJd?OՂ* W\n3>:xFtpy>_nWsHp;Ее_2T\r wzXu(XW\"\'Ԝc#Uuq8f5M\\<Z՚O3뎟KM+\\Gdz;/xc-J}	RapJTGoMAcݏrH\'?JMMOŇ+`\rU#\\ۿB={gPКFHLj{R$?rxCt/*\ZnWMr:8:[Ǔ.}13A$\0)r\0,hxł+|qx\ni\\8R0<rss߷nSVD\0L8Tk؏y*ՈhwFyxk$ȢVg\n { ?Zt5xbd.IXpnT+F{`\'^ܑLKF&M8[q\ZW&pKM}3Lld@9bm4JRv&yS=\'\nCw\\8EA9ŞK/1xHAWL& ̷:W<+Nc\Zs?\rf,#8Q9\0K*s\n=Oo>xӡM}j\nxvy,>{ÇpW.M+=X0cws=&?t&?\"	>=f_߾AǯA#d\0ñ&<+),Hܿ~ \\,\r44iU=Y#*@\r02?î$yĊ\"/ӆ=4J;88;wzPb4$h,ϳ\nĪ\0FOv#8g:V GKՏ2<|3\01\'4Y0ŔHzV1jĪ˞r}\Z\Zs$ۃĮIerH\0v\0`jXi$09aX{ĜOA=!19:txJ\'U7~GrTҵarK\n9V^`CRÿף4Bx@qϠ>?ǿ@VIF\Z*×ۀ\0}pq=G`?q>$C@yaR*}e\0{ubkuK\Z,<HʻSݲ;s:\Z3u{8aqG>=4HH=upHpp{v=s2iipʞ?oV$yU\0>~х^d`\ri.f!=qH?Ҳ=meuD~];)#Ӹ8;\000#RPOvhȮAϧ5a指E<H ߿}>^lJj\"m+QG\',X!TD~^]g<|sߦr\0bdCLzy~22\0uĈ݆KOx4\\	%uoiA\0c\0ס2DNfc.rXo?OCJǐbE	32)$w8_Nb]kJaߤXHVDr	=?p4eex$h0I\\d\0=tꁦnC,RR2aW1*RX^ْ?,lAY-=f>_hLaf#Xb*bPRf  \n~`,G\0w=s8-ә?`^V9P\naʡxLaYS2sdӦʄ}#5ĺƝR2\n:!Hl\0\0v\\5#SI<UbGq=,\rF(J5&0U{3QӨҕ\"\"Ms}T!81}l&18aunb^߯1|2uiQx|2)ݒw\'1-4~3\nZ01t\0e}4]@=PFo/%.XL㌏ANҍp9\\yeU.9*Or;}:&\"4tԶXv	~ggzT\n8ۃ,HF@Onz\\X˝O/H$-,\019Q\n	GPI@80f2~U\r߿}sӨJhx{	CtB.4<at\0O?nsޟ,k5EG<;[a`\'ק$<Gj1ehP<C;z=:pX˕?Ou-\\zPܸ5L!2p?gAel\n܂IW$\0uHm_JJ85OsM)$j;=\\d@ɀ~qܓ\'9PR]|[3:A-gAQd0yP??hѣ##u&0}\"~F02%-\n5Ñʤy0}b¯,~\0`E\Z\0޼m-V<r<8 ݀~<4PbeBcg0Z=Q9Ue!<z\'?^itGKk}mjXr+X\\p=}qz$FF0ǲU#`N8bb<NTp\'v\0뾹N\'<8uÈ0x,Op\0c:m\04i|irFé13yyv@9\0N_ZV	\Z\r~3(ʅT㓖#<6@K|0H.׶YoNk#tpDaXky;e~ӏ;#7\naDjٿ:0Dad#	^Kzhׂd%lݩo?G\'鎜toBķʘEiEiR~!u)	hzI/_O#\'8I::pAF80\"b3#?ש\Z\Zi!t&M</m=	=f#dPI/21k_%ic_ۄ=0dp2CGG	:ph1HON8Z\ZO͕yUR\0;gC\0t/,9Q\\3M0OmF<՛z$PӈRU3RnIYA\ni#\'9=CI](Ex#=s1?	pJ\ZP\0vǫ7|@P2 $t5>80a!XY\Zx}ybr;8s:Mc$@ӝFH{S\\?izVzH\0,!,fTne\0o葙ڙ爗&4v{\0{b$eLdw\0oIʠ:жLGOۂ\0N|ǡLÐ8my\\}Q}11bOnG1ڭ\\م +nL1!~04x`Z?tDH3A݃zBIDA8z:@OqQ)f˿qUV(\0+P+^^&\"\0*r:e^EyAv\Zt3O_>џ7Ш} ¬]`d${xa:sl0=nwg\0uaQ!upTEϒ1\\rǯM-_t٢,)ƞ|0udlԷ6RsCtiHSL~\" #@q҄jziYZǠ%&2q!bU~\0\\v?БCZ0ޒM+B(é;\n \0^å-AʾX0>+Lϖx,F_?q$NAaanAPWB!Gʃ=v:ZS0&C#〱3Guat*ufM0MH\ru\'%~HDi£\rYA5\"A\Zy7l\'$cV<pHj>Es!Y}\0oG^\nU@	v$9_~\0LU5$bGDꭰfقND`F\0nJ\04dk?;p|~^O\\/bX/\n\'pqק .@>!\n`NF5ڸ\0ˣ֣0s3eOmOzQO<^8ƌ*hʸN-l1e\"K8F\0p_,BSZ=rDPIztѸ\0	q;uUlIi@_dzNhN,:hR\Z%q1=ӧq`\ZI#(i>w>INZgMN=hfgdF3ُԕf*+QK4W,HC\"\Z+W9v8\0zzk\\^\0P\n?FWS@>au.&jG+IkٟFvcٞ3$hR׀>ܸy>^=Ӂ8pb\rdइQ\0>o~WP\'\rXh |SY#99CG\'1Ԃ\0CsFGHXHpgv!WĎ\0Fa۹Nr5G֤gǷ!Y>.<oRXj\Z8)hd<kV$)ʂp<Ϡ~s<jE#Fx,`\0BoiL!LNTÄ\0#UnGqצڌjX\n^XVJO0$q )|߮(>xva\ni-s\Z22ALw\':\Zb=:JYI0u>6\0%pG2c_2lx\ry\"F|	Pxf;`cϠ9B\r\Z\n&@:g,<J`W\0L=0sg=6ȏ>C#AICaԌ:Y\nxk.ԧvx\09ǱbN8Ӧ\ZဒV@$S3_q%_O^säN\"*+^5N\0U,!#a;d,H93aqD2}[|bgzy1KsHğB?/H͖U/ô\\8c\0QsAil(˚ӖN?oۀ=|5կ\ZKD̺pjgodz4*ZP0s,T	^>\0F\\§02(\0hg=8Q9݅hK%YFVT@Fq}pCv0Җ5`8\"6S¹ag\"d r;0V-ej*p8C\0g\096\\##Cp.RId\0\0;=HnWH8(Fʃ!ĈWlC=?BN,	rÅUy%2A{{Lsj$Na\'==:c3Y<<TQ;I$bT\np\'eW]G/D~1,m Č	(LC*#jf)ǒw߹#J4󋕫ΈU\0(gl8MH?4S\"0rX͟,Ԁ	~G,B*t׏<0_/0\0|I9lOH\'Z`D/+0ٌ>^?\'ȜfZ9#1\\\ZD^%UjgL+v*p	99/BF?ˮgR0!Gp(\nqӰ#8{VFVZ/Fdݲzm8Vz9WF9\0g9nA]IO 0oܿq\0sl5p\0(~\\g3N|1&ER$g*x\0,aT>Eޞ??@ENIg#Ur\r(TUb/	@rCdg=%Mh~vXdHJA2Ĺ{rw)smLBz,p݅AP,\0c#9	+Pd]xya\0?Le~~88fF\0g@l\0)i0r|>\'}{ЧR	\nDK($:M4kI	:JW%pWČycRҚÈP4fg&N9>N	\nG9zO<\ZB~D9cdJf~%!bą$0?Җ`Lr0sTճe*dc	R>$,ffӪ󐪀;ec9\0^Ex8V2=x2|vrFq?H>\Zr#_.2O41d>,}\0JT֠IR2#w$.,OەP;n_Du?QY3.:QUUW =u i1H&!{q}q\\3B9G>hL׷#́]8ďR4bJ0YG*3^i8lDK\Z*,$\0ʄ1Xd7~2	R4õYԴ),8x`l\0SvON3C5燸!H*sOWȧ]@ϟJ&Pވgr\0^,q$i!\'\0v2^$ /4}Z4S@W2\'\0虽 )!\Z8ֹx`@}b\0פIcL$Mfhb_8edC\n`\0nrހ79aC0\rN0X!hђEϗa{ц?׮6W\":v2G}H{~Yj(CӖI˞VQSp{6:]U`T?-udlP rzԢ\n8u.\rk?n5ir*p3߱$wʹb[ͫI)[2\0=Aǎ:aNCN8Br/GbL H`rYԮ+Es-d_O\Z>W!3LÑr{wpuQ[01)\04~?vGg\n#-X\"W#Ts=A  dyj P~x@gHv>\\4QJD\Z7H!u>nȜ`c>\'鞕5@j0۴Mf,\'HD8s zGjc:d=urǫx\0S1I}+|^T@)fp!E_b	,-?@uA1Ac ˉ\Zb#O|`\098ߧT\0HeeOL0	FU*%!vЗBW gQN~\\H}/Io!$v\nk5?* ~-!`<3\0&9-cƹ!	2ˆX\nQUOČ2هqܕ9?^#Lt0dxG} )\0{\0&S݁-Z\0<}r\0Ly(n\'19\0zIlXt()ĊeP@YO&?OaZ}1bgAØ=Ag>lUĸd?,oCq8\'HH4Xd\Z\00bdu_\00={ִڐME	9x(ƾ!$\00:Ebx,cZI?,WTv3	#>9a\'\ZMw\n}r{qߡR\rT@eGlcω\ns&}Fq@ǧN+0\rpAǯ|])rE\n$N1@$>Lqb[/<F@?|=\rEiZ!.ѹxa>#/d<-\rTF+ߑ!@teFGi<×xL`UP}~ޚBK\n.m8fe\'އ>Cĳd}@HMG&3y_$%?\\dc\Z@v\"G$st.0 I}?Ϥ6#݇	U#/fK\"@䀁\\:r9l\rXx?o\n?ŕ 8lvpZHk5:\\|넦Hьc~u5\"ңRr>2`GF|=~9\'=?ǢWj`$Ƥ9^x\\=K)>x4)~J_%oC.BP4T?<Gγg\0w 3t\"739\rc]r[UL__^/N[wQ5WWUN>N1c3j<HT~ǎjK(\nY*9>#\0\0WS*DpVǅH#1%2R}zS;8C_Ju}9\rd^A#\'2;ca$#TZtkN0=ϳb[}>J0a.8ifT#g$?LЊwC\rQN0,[~ /ץkJa!qf>q#dq:9p(i.c@\'݊\nq K`==TF*:VGP\'n#R	=00;8 \\91>Uq2lB,;	(NX\'8lGoO(S58TW&LS߱\0]q\"f[oqG5A⧗,\0@>_.їZ?;t*p ,^kA;fe^ieB%NF|CR\ZadQn	94r!2 _<܆#AE>g3J\"pG7H$o2\\pi_8[؍uRs4 \Zg+_م>\"Gl\0â+O/oacR`Jz >Yc ŉ\rmL)?Cf$;zst+Q\":TOӿ:F~xS:\">*4]ԸpG$Yq躀Dzp\r, ~o3?Rda>c\0SYaRC/1`\00{L钨x3º}B~JBaH\'\'QrIn΢U^(8|!ps돯FYGSH\0SۅRwܰ\\%q ?áCL*ꕸ(ᴊbO;xp@Ԯbʦ!>YZY~Nx\0\ngRp Xz2v\02;~\\X|O1cщ͟8\0^H#\ZUƟ	,kP3Gr}\0~6@\'\'Nxe\0-վgF\\\rl\\XDN\0\\_f$!؂H~\0F }#83Fq{X廓;\nhs8}Ƶ)O~Ɗ838\rơ@ G:\Zf${?_,4(8	*%òx:-dzkj«\0sCݘpE\n\n\02h	g!~=0qz4\r3h%|08@I>l}`1lcm-S:3eBÈkE\Z7=K2|\\\0+9>\0ip\"*>X\0?N*,z`sdL>9{O@d\ZASҸ@+3y[r=z3<qǙ+bFU\\\0*xĎ@ߏ{py2J/`~\ZU224cǤ(9?o<g$I:0H8Edߜ㷧cjfQdb*Ò\\3x`_?Ϧ\0NK\n+&l}4$ar;w#u(!Y9/`]j8QH9M=G	}.hYJ2;z\0}qۡ9pUoV핽@nCT\"9=)U%~uڇ)A<pݗ%F\"> Q8aLsHa1ӥ$,?Wj=tf\np<p0=N>Vap[T\"o\"%dn2#~8I9p)a\ZA\'?841p2@\0^JW*\0p|CR?C:0PXPH0TG$x}2E\\l%3\"O/(6;yO3c+\0F/HOqÿq:xS!u(}QkI	è*r 10:le1CY*Up#3!o0)G\0FHF%C^rWH&FP1I=NOoI3đS\0+L , \\w`q0;tLrM<GF(F#.?pT`\0]Z3H\ZL8Z5\nIq}=|1a\n)omF!\0_@2>HOf\0rǤIKĬ01<\rTftAAeyb\nđp<p;jX+%%pˆC`ѫI-Ӳ)^ORd^Y!Sɗ*H>\0t^y/\'aXRY`FiwBq#@@\r4H\0׆Ve8L2I>NrəPH\\D+n-_`xv@\0SSۂTqX0,~ b䷺➠}HIH\rM#FG=^\\01C!gOu\rc<6\")s2p뼤#.d0_:$jGr̽Gy\rFF/v$GOt]TOgCv<3N:wWD2\0p$IOK$N&(C\0c(QP\0950NObH5ʙ%*PhȈ#w>I*Gg.\03ëǨ)}PUs\r	UnŵFHQ&>3\0O2NzXB-^Orf@T҉ƃ	\"}1Px$O|zcpH)-\r?J`\0̬̊rzc\0\0ӊ>-d-\'_/*){L2@2?Ǧ]UrR\Z)l؎>8/1W\n|q=;hzO\Zhz#4IN4|I<Xq\"}R{{jճqΧ@~.?^\0@~p׍p{cs/,%_rHB>@N ka=D#I-\'F)Go9Ke\ns>FJaspgEg=+xQ<#5ik;*7s<=x/M\n~߇br`_| ;vo~:C\0I#GIduê)|9),=BԺ_=b\"v<H?ӌŖk0}@F~,70\n#(d1T\0NszeVs#l.L(kp՗9`^\ZgMV,\0{r2G<3z1Y`{vsB<8\ZCU<\'\Zo>\0~ygUC\'^9H!Ac>1ׇ\"`UoFf8@:z&b[kZ?l{z~T炎I-22>\'6=_ppN?LB(耩qo%b	\Z;{~ވ\Z\nGjP\0Úyj9$~t̉F\r22Z/f%LX}T+~),H11J0JSWYeVHӱ=4evZxª@`0\rYC1on~gE\'H#Ѹg\n\'pl~:4%x%\ZXu_>G\0ee$+LvrToDf#t+`{ϑ>ө˨x5\ZE!bn??˩%xWHyF8h\0̃ӶzgrkXjkP~jm8H8?uRr\0\ZHXȬ+J1	^RN}>!f\"H?(ن0[0OaSGǆr\'#?4FR)8>MÆF9uY$W!݈TaaE3fSBWɛɏv8pr\0z!hոb6Yo\0\0TF=sR?ZPdV~Z^_FF6^8A^C\n%7,\'v~8HXqa\"HyFF<>צֹbCG2*P]{y9Sۧ9=\'JфPJX\"0Fl۫	t(H8\0ʔPɁ9$u|>XYa~gaH<>s\n݁\'\0.sC\024UQ\0I,9\ZTe|aϏl^á9j0z$1p\n?3I*㙌M|!B3\Z`6C/>(9jlH?*ߑÅ٥qp_g\0~wS:J\\FǾ /ψtyQ\ZS)IeOߌcc:4TaHը~ÅG(=~_Ayy%f>8ϡ\\{cӹK-pʣ/H±+*YND~\\)\0L:9KJŅcp䪬A8{\0O~rˤQ?vR0;\0D9	3xS+$Q\n@<> ~6iV&HѧN\0RLg\0v\0}~몢:0V11xq$S23;v#@	9W0*!d\rKX~Kaa_?8xwMu\"GS5\0$?OSz\0zMKt2MXacџ\"p#x30Ltbg,\\y7`Kt I8b(?ě\'}[N;}\"Ń2/8dr}T\0tAAe?M#>c*Oc~\\B84*XW1e%E`B<H=ϖWMhpUxxyHkdϊv ;\0tq30upJpXo,9\0`\08\0>ZrH|^*eU\\ц0n:`|pڣT\ZG\ne\0=ѓHC\ZB$a8y\0oo\"HqøQԊD.>S|q#\\`vk@qE!\nħ\088\0>QZM\ZTy*Gy#-ϧccӷ@D鮥5cȄ(,X=2:=Aڱ)__щe.{z~N\0p*đ`7~=0sC僙È f/61(PTpG\0-A\rj@+R<#?MHQ^\rV!x?T.d¯`;Lq<X <p\"{H=՘\'v	ʈ7?X_\\\0|9H.`F=VG,{g\'MUpy3ئI`}qS8ӿ8C\0	ဉT`8~#=#\\ցL	\\`#F2IawkC3)\0	x&$X@jF)U=HӶ{?@)mJXTxF[c?O>Z<p:f`UI.E;gGA*t9ёL\'!@9}p{`!rspQe;g\0(eCw}G uS5sd`ꄂOJ#tW*\"a_U~ۢ.Uh:_l,`}D`鎹9W,NZgp\n;\0A$Y\Z~,i2\r#\'zI4Seҙxa*aB#=}z4*Ga.Ʈ)-w`ꠞc\'׷nQV9a\0cǸ{׷AO\n\nb%jxNoF\r\0뺱tdSX\n.{g!\0=9eW82UwOǗ}>8#=pRpn\'\ZGGمG>öM[U	R\"NG?^/?fw\0BΘ[/@ÿEOFV$)^I\0%pi$OLStK<A^\"c	LxIHz̍VN\ZxtMo!gYVl}B{ӿF3\nxqDgRXu9A˸?Q$zǪJ[⍀-O%Q]{y`\'\'\'8W,0E@/syUFWd b1;s8T0fxdb\\99P=:AFX)\"kc?s|˓P;}Gc+\ri ߆IUa?CFeb2F,#	$FFPbvo,	#\0i5#c\"fzU\Z$2x|\08\'sNhM1\0zms	Gy?\0Nq{a#Ip+1A}pr΅N2ŊqxjL\r(p1T3ı3&x/R-I\'v\nPF0 ؆1 dOӈI#ݮkb$)o\'1ʯqA\0li\\9nc\nI\\T5U|[~;P#_ \\Ŭq\0WW:4~)͕p\0bieYIZdK\Z\Zx`F<{ϯ~@8Vu@ƧvP=b\0>ǥićP<0fQ|A8\\vOԟR-`fx|TXs*e{-پz޶5\'P\Z\nFa]<Oz^l=PW*V2|i	h4kF>pO=zv\Z`鮨WZR6bp?f<Nӥ,b1+`s¿%)Y{~/=PEX땅N_52oq`NY .#R$DUt*H8\'>MJXGKSهo=	<:m9v	0ew`A=p+4tUr:1W) ~\0Qѡ|\nce%HȏԹ,$v9$yOOā\r.AOTGyLdwԐ5xb4#9x  N\08\06XHA\'#&$v#2.U$e1ֵ/\n{p4r/yl~E%	%EF%,siWލR T~}Lu:0q\Z4nGxlxXMC߉BS $Pi&@d(\',io@b\\z֘y&\n\nJ3=q\0;~^IfQ2dAa $<x*Aq$b	j]!SzIdi[2ep`~8:;jO!30?oloH([I) 	D!{ԎǧQ}<08:e5#I\\A2+ 9,H\0\0lgӄ<5M`ǌy^}p݃9U%G,E&d\r]qԀzqCF~aI#NF`}?N0~8T}k=RL= {Nf+C-jZƫ\'d1؁!3j{$P_Wa+\'$$\0?N*I\\,$EUn6(#AVr\\drwJW3ra&a+2YqI\\A#\ZJ?2F\03Qޒ\0ĜZ[<GQ*kO(V!>%|\n	>E<0[K&oƸF:4X7=ݳ?\\tU\ZJqM\"(\0PVS|tE4 SIԹIC{8*|sCjG;ΨeIqa a،v҂<,DZ9yb9>͔}N@ԀryA\\q0ӰU#	pzVv.Rfq!x`O:dē2i9S{}.Lc?*k4\"0W_xbُa2@~ɰH>X^*\ZId@W˹\0A*Fi3Zd,,̽\n<tN0p;ʴF_AVP`><xfVE3#è$9ad#YG4ą!8#W,uVaF|pT2(]F1\0\'ӿH^-KG9.jE\ZL?f>\'\0c~zMlpB	\np8}U!@N}}|I!\n`\"9B/#`U_99Q?0B޲n#=@*ɌN2F\0{x&J+$F@8cЎ=ͪZŰ{#p3H$~s|֚p`Ǒ<=vAǷT(1*HĕhdQҕ0\'ВkBp$Q1cq=*£2IGS_<X~Ԍ .gKjcrY?6ПFHHqM14\Z9Hg.زvPAX\Z:B3å#^de{cz.)LVW\rlw;W.䌸49\r.Pi=3F0~t9.PΠ7k9aVAGݓ~z!>+5HCk( |{tN@#Ȇ0\0(>_}\0HHR.	`;}G0J,cXRC6QCTT\"4uBM9?ON3zI\\1\"m2\n\n`?lᔟ׿nV[ad=C\0NըLthuS\nHFs\'@ Q(	{EG_R$dvXCkVRFYI>dK2+-iGREFHC-\nzc.&g\Z4^@cƼXî2XCEE\ZV\'e?n^S	#mG<a24dF$`s1txC)Q\'ǅk\neǌOy`ZOME5.i\0My.ge1t\"FS(|0r\n^BA\r#`=z4bI1\02:s[s9#鮸	Ï*1論E/PC3m:sYdpw\\;zw鶕l>I+1HGl~=H$=U.p[HS \nfUSwYڕ8pP(3 2s=+0$|\"dpFd9>,zcROalX7ׇ683),1q9\'_x2+Jpj{`\0.\nH	 ?ZO;tK<)Ѕ%Y2HϗF@:j86Ir@U?;}\0,tFR\0D`Vi$#?\'>PECWaAT\0H=F>6-Ct^j\n`޹#uχD4ɦrǆO%FUՏ>{HΘ}M<\"I$>=|};t1c5$O$cğ^2>4̭3.D\\\0$~2U:\0Up`TS;eLL0UY(\0-qyd~\0BfR M>t\n*#\0HLuœ:`\0<pa^,(ϯo>X\0<6\n$~p1脋ˆQ<\0VbQ[Џθ}f\r4/U!1 zzt\\Xע}µHYB<]>]p?qJFhsAY@߄d>䉅\nb0?@88g?4(\0y߷:1ti%I<#o#0ti_\r\0Y	d>^HIRF̈&fr	K|0\'\'!w\0M\r3&9`GrR*~	2y.\'Oױ\0>@lXC2Y#<JDg,߄0SZe/?A*D},Ĝ\0.?ǢRVW41US<Jcܶ\n>[	W\nx~zZ>pd`u0~G70U-%r_?P\'p09ᒌ2Q\\?AHe`4r$	\rW=MZFfdU0sbAzm#5&%>g߆@2`\'b	Fq*UxqEh\n}vjb?:bLRS\n3$X۷v#̪+o!煗O >q }2Gaۤ7@gk7֬_^ABJ\Z> *W% @B2t!#S%\ri0䧐 dzp;Q4HTA#`rq6*js5Qd` I\\\0\0ǙNkLni	|W`#|ap;H)#xߩdQ8ufhΑBUQ_\n=X0B# \09x(z~_р9a:44nUt`\0f2E!9 \"^HO.#\'^q#ԭ@{$!9\rIb}{zgryFzZ/e@PYJ6?zuipFu)ctØ%fO2зxܪwf$!ҘU#ɏqGd,:-1 NybHעK4OHb=0\0#^H4ķ\r=G*GـFӌ<G(\0㿐}?O\\#m<jb|9{pHŜcɏH$0ǤzI>8%!05\"C!\\2,>AX1 c{tFI+j ʙ1oC}<zt\nfzfNU#_|߮Gr>I:M#,\0`f\\)vU$~JL$oA@G\n8_p*ǈLTI%ZB\0:iB0͢I\0ʤ~<JF6ЃC,Gڠ{ozEit	IU0pF@:EuqQ\\ГQ5eU{}2{&<\0ýQ#I+F{9GwїsTm%rG9q1ǧN,s,8z%cBO!0sFO!Fݗ+%\0~pTAW9AXf+ǉ819s5U\0ϞXqC.20GtQF` XS̏8\\-*00=qdZ^jgaaAh9\'On޹ VNxBhdA$VOFjjGXGlLS\0Y8֊`NU^9qOONLfXCk|?]p>+z]5<fS<[0=/O1On+(e%:\Z9B@{@ A8,zjW\n%K4i+Wg`W?^AuW:bD.J\0x\0*x\n	w#9o\\O]DeҸqu$O\0s-!8;`P- 8\0Tҫ)cCg\089\Zye;2%GsߢP2@mԚPpQ<_1 :ʧ\Z|+\'tXG+^=puOFJRBXir{Cۦ߇!_\nHCFu?0\"\\S?cBrj(8aV7\\\0g9\\?r\\@S\n̴FUeɢYHA}N]+K\nR<;\'p2I l<1u?v08;c ~΋M,(\Z,(_!\\I.8pX&,;jтuf8 vt֧΄\\jI|i0C\\\",pǸkzͺ\r)xS{\np0I9Bӥ2Ti<R5˗,.`ʯ@3Or2| uSqP\0$Mk!Kvp?BFI\0oYET\r;+}(W8:JP\0)A,揄2 C=3zM	\0L\Z;Jȏ\"{c\0IRM>\"\nXK|S@;\0\01s34@SR\\x@\'?_Cz\"qi)NXp1(÷ sue@<+1w*\'}2r	\0N@U\Zʫ?aۥ7$I\r6;E@[+}/>	A/]\n|I?1=za~<I+%TR2`ѱyOU?~z0rҘA!i5IcN[~NI Mx_|oj\\T,A#sʸlbZSǗ5\'8`2@w9(qʘ3a4#J \0`No!É\Z炴-$;dP?ӡը\nĒ?V0=*1GqѐjS\n<WF	F~?עB\r		pV\0MXzEOPϏYj$}s=g^VhOfFSL\04d|}={9aP>PvJg9b\0\0cN<+ts+_ペU+ycF1՛F`N|مcNTC\0qxĐM!0l\\)@`~Gۦ=kAـ\nr<F[~^c!/`<F=~~ޓsu4%*yB\0`.!{öHFHNgP5qMnUQQl_ \0zM}f2\r\'x8ԢbI}p?G8VFԂW׮Y(xTy&UyW\'\0M\n!9$c<S}?hTN+1L\0QGsa\\O9M%0{ڼ=|fXD<x}Gv\\pbUћIo#$}>vU\0zS\0S\0?\\wA>&O@O݀1W`\n9l-s}j+gLxʄ*~2qc9`}ZNST@z~/<>\"OZW0`s{z˞EZGf2Τ(_/S>zu3lY2l*U?zUkvy`\nI?vouS92,dhSƸ!ass]iKA1\0.0OsOKB@B8`B#=\\	au$WӦP\\pB̑Z(9Vݻ?ӷAXzP5;Of88z<dP|p	,|q@E0Շ\Z~	=eUBCw]*aJTVJeU~3#<9j{0	P#$vǨ7354P焍\"pT\0&GЎޘ=/YN\\@:W݂~@QG8e:\Z9aoj\n/*r}csfLK\np̲Jų\0,p{F?wJdPA,<S\\l$9Uܷ\'9\0^Z4}Yl{a}O=G\\\0khJ#\ZCS5e\n)捏\\c\Ze&DMs\0n4; tVψpF~3j0P_Fx1Ŏ}T\0bk4?.GaĔt|H0?4x|ӡ\niz@L;[\'G{%*Jq^qJ oB=N3ҖP>G0\"IPXC,iZFXO@{`躊O8sQE]U>4\0*`߻+$1Ay_%\0ιpPSÞ\0VF@ef<=*hyG\\<,Ħ@p\nŇ\\{~qv僊FK7\0lZE̎8ud^\\N\Z\nEE+ܹo AwL(NguL\'u,RL\'\'OAӂN`CPFp#1)	x#PNǉ9Yu0Uy%;F̱\\!\\& ԀO鎉]\ZU9LJk_4@\\w\\9?c`\\2nUEx8&>LYH,>vî$R.~4Xp`qXҬ\0>!Tɉ>ta-xJ\0p	\0g}l	bkL	DٳjVW>d(J#]KiJ\Zx$:Z\rT^ONG!\'ΣH焄\rCͿBX)?\\\0NK5FY`Hdjg#bFv\0@SzaԕN;\Z1x\"*D6$R]\0$aONzi\rL>\"ą\0*2\nFEϐb<{aswQd\nCH`4?ՉHټ#Y\Z6#{~2\\18X¾×!b\'A!ϸ$=0#A֎們ܘ\0\0\0(cU<q%U#Ui.ZO8l2r=}:4fS|kρ|\0ǧO_iꁣcㄣ&eb|q#>_hBrsh+\Z0Np>~۾}:d%8eXc4`(BRI_NF߈,>\"\"pάq졈ztBxpyᥪ\nS`X9O$P,&5W?,6[~{w蕜e|1hd)Rv	8ջ㧴\'IhU)|c{q9ǩM\'#I\'I:1Q~k3&2DxG@t׉#\"\0%G1\Zi3 	<}}TgOF\n+Sʙ{꾼#s%FG{c3$1*(}-P4/EU<{a?S;}_NTგ-R*a	58h\0#ӿaz.\0aL\ZXiXFj@TS#//cB$パK=+g J} =g=1[X#WV)(O)B> T.3~<jNxCJc\rq$y}g8\0,j6ѵB޶0p<#s^I\riB\r1%CF8<aqށɯR&R$#م^-NF;~6ǁn5ɀaPO\n3鞝/\nf9ᅵ*ۀ3xx?L.=HQA\\5UǨ㇑STPI)?/l2Ԋp#IR<s)[싀3D#~љUF|q	#Yp|XDpQ\'\0vAGӬ3rㅅdWo%\'>GeBqSSen8 I=oгjHPB|p?x&#Čb)]\r><JA_m|>~\0>gqҔoIa?s9?_C:(Xs<H1U1zB|OnOSQۉt\n)(^kd>=)UHKzfFXwQDR*;	r\Za؄JYzJꠀӮף߀(\0?n5~Ehǐ\"c{zUjHݎx\Zb12!w\0tj|>+ae\0\'A>ӄ@< d\'nzbhp14\n=`\n(^x\"y(u˙\n]\0;g+\'\n_J y\0vzzC5\njR/	\r.$}q= ΘUN0uQIol*h0L@Cw\n{q?à9̒`Fn~,`6R>>v9>\nC$	SlEPX%W#>Z&\0íQrX( =}}Oz3J\'J%aTK*azasqMpqgZIҷ\0|2Oz&C\rUUX?W<OV aod\0I`\Z}Ā3OFye	x䟸p	\0DW{$]W,#A\'eU\0.K=Fs>~XpЖPdzddz0*<ϯ}{uծxk[sǊ}lٜޙs&\ZHp9ArbǾ\0:L_`8	\0vOKpA9\0~ސEqBWk v㮨\'UE=4uʎ~\0zu厝8$A!Pƽ?ÐӮgg0vB8n;g0GA{!U\00\\ >\0zAR|JsʘYTc>iHRtZ-b\0`}\Z֣&&\'$\Zs$\r2t>Z>|<?`R0\n>vJyT][Ҽ&џ/B~}ᖑ#8N4G]Gp>=ϧnm!2NW-8@js$CI\0}\0}:Gd^#Θ#\r1?Ü:`eʮ4/?oa#?w\rv1\"\"zp\'\0~ΊYY\0NmZ_OO*x8i+1P;0o:WrGGBX+ye|1? AFu|i@QO/skrҰO<x0%No={4B?Xd G5}?݁Zυ_Nro^%G8C-rZ;d/v0pJ\0>  ,/I!)炤+(;,Js2(Z2<F{0\0_\' ۡ`EDhj}\'<Bc>H\0><+p \\ZL}ޒ4VҾ~+s|#z@pnP\"F?fV\'A=tz=Xha?f0agモ\nz:B\\s48xZ^v52F;퓒FrǸeC\n\0)aSU>0<Cv@N@]bI*ED`TYxG׮\rʙ7(\r \'\"<|{gAWl}\'	æfӎц0;?}34q=<\0P?cj߉:z(>\'%U@Ƹ.\0=vG#\n(w4QJr,a%NW^ȼ#B$Xɑ،) (#ԃZ@p3Q4A!%yw$d=ZBӫ\r\0>Q\'\"~kÎV\nPO&烌	\\cВpၴ9`aN1\'g#*QIXϗnı_aH?oE?g_نUb<ȅO \0KRٜh$G5jGrq>עW(@\ZFr_)QdbC2\0W\\v虏#<21`EʣhIH*w50N\n^j<0wBW8S\"&_Cz=#@n:)R}d4J?l`\0OFDYr.xYQ\009#\r_()SL\'\rFxPJM9#-Uc	^5@9w3$Cy:G*l\0X}1Ot関i7F@t\n\"	rnN\Z-I\nXP;*L|\n8\"G\0yaZ(3x?wA)jf~\"1*?Rg=DwAL`iSLaXK!>^=Oao^\\\'Iù!\'%p0 wC,<ńu5RpYT3BS߮-L!Ȫ) a\nw<9bBB\Z\0\Z]OU%Xw!GJ3TeᄚHXxo@;oL_קa\0FH4Nn~(O_>\\d\\yaO3Ă֔V~>?S۷{t\"0JT%q,aebe=0{zt$`rug\0?\rlP$@;X\'tS\04C\rHRkplH?ߧLB$e[*Glw\'?lt}nu4u))O\\ݳ ~·	ScJ~?tꧻ}z;ά A(U\0;j\0a~^N|Zc\0d3q\nJ>oP{v=7$\',(Z\Za7P0J7?7ONFP!U:#w9\r֙\"рNIagM$	фTG>璷s_lRxqc,\0\'DMN4Ƶ*dV)NJʪH~DQCGIYAxV~>\0gAi\r(3 0# FzX9D)זx[bcx``oB႕IJ.yaS]]\\}2\0чcJ֞#hJ> `p÷R `=\"©\\hpGwʖ,\0\\Ӑٚf\rc8aE0T(/\\,KI\\*h\nX8aؐ?Ň64ۄZW1Q\ru \0*N0/N?\Zr^^2V<+޸	\Z##DԒN8U=|?g>b*s*t\08\"F³?P{?Ǣ,PR\nl8pXM\'#mEA#\\.c\0y\'?t8]%iΘ^4+#d7OrI#ժ\rUtc<.@9`|A$\0.㞜34KTW!P;۰U\0㦋F%F+Z`=Ȍ nsܟ赱zR*Qke=b3gՀ5\Zs7AKSۃ{8*~fpESkWQHa8};w*=zVu+\0jx<sH-|3a7QNxG,\0aѫJ\n0Jpǖ%ω>%#;Fq鎇1լ|]<q@0{v*pIG0\ZeV,8ߤ#ZpOaʨ$8#I1G \nՇ$GIQt5¸]}IN#rD49c@)lT?i$lg\0vTa\"0\\X9|ac\'{t><0 190?2֣!V%F/\"(`qwǨOu\\T׆ ,ZDB6K)s#p43JD\'*	2i|а.|F\n$]T#UX w\0.&xvCHH\018GFnJǖ\0;62{~r:SM**()ǈ1׿C(cCIÁ<|ӷ]*L5߄__Qz(2\":H/G%K`0$iz!\n8)\"<r0N?\\kJמXgu/s(&@P^\03FPpy\0ѱ%(g~YΔ9dx֟0XR,1\n0}?bl#F-!=XEY88U1B\rX͢c1x{tACI5d}s׮%ĈC}#&Bcdd$c9r52yUoqYd~*{/v4)_^Uجa8\0ϯN\0W#B\",9XHDHB BpPr%-.p#NX>E)|þz r(y~i!IS݅V5\n@,{3W<HV@փG#|~iI*+}Nd`ۦKԜJNPjpI*4;x`FF	g#YQG\Z>^GUSB#\\fRPb\ZcMb/HqGp :S5))B|px]Y9 v,ROaI \0\nUxX~0*{l13ӮP,JPK݄Ҥ?JfQiz<pd%bWp̮>%剱:LOkaG\'\0OzYQr\0z]1v? \'@(xXW2ۖ??o>?SӁTbx$:+JOi\n|\0z9}s-H4y^3+\"\n}lx|\\Nx 8Aie\r+`\0g 2:&<GKdW\"+ß¤0$A脃2xr~z*+Rþ0?פc=abEsQf2 Ǳҥ8vmUO\rI F #9:&$f0P\0,\Z!5ddTx`C	>=@\0ϊ_l?o~0M\n	x&h\0}OoۃGD*\0\'?-o5YH2Lmc=C$X]4eaI~nY[pI+yOϥIaQB[*yᇰRF=@?br$?+{*7v`F\0\';?W1Heq+8fP0+T;ddJ]j\r>6F sIf9IU?XQ=bʢVQ~~ހ$)]%[<la\n$Ni^091*<\Z0K4xas\0=spJ\"\'WWV)c[n\0sϨ8ϠX|ώ\ZX@ΙA>\ZN81RI\0y{1 pA\\xPAa$\ZuV1J~%\"E <Gr1ђk@02s]^{nf#oJxBO\0\ZaE>\"u8=,bCPWc`>#.\0vOE,5F\0wvNq2RH`2o98#{g*ơe@Ԁ222~{\0Ұ+\ri`,Oz{}\\\ZN\n:+\"+>h1\'\'>)\0{ӤbS#GpcjO 8g\Z:$Xb\\#=\r0Vq R9,(b(\0;uզgiF8ԏ\0F\rF#I)} 8e5gg럻F==zrr4B)}\r$\0$\0`XmN.05H!\0\Z5IpH{?^PUMϖ6_P?H@̀(NAP5TVUN~Tq\\KҔ$QFUwVȺ{H+E5(p`aIpX#88˖DxdTZ)\\#}vU	_ӦXq_ǧ\n$GvCXK:PadMHQv,A92\0zZ֔\'B\\ʙd0\n0PuWn^^?2Kf}\\]鐨Jچ|p7A3dp0OHjOd<r᫲GC\0\0;{\0\n:*W\0\\,\0<0HQVac0l|}Gtzf83FUz	S%x?O?=.BpM4q\0\Z6sc.$8?N2ѩ\Z0\r3}nIF{d̇Dr\'\ZS\Z\nxaH)DoEP͞`3:S\'優~%0dtx0{(QI\\Zę$\ZG3@<@F2{,kC2fxo%*w\0ץ\0E,:A+VpիI!+F@\0c?FAϞ\Z\n\0k\"		$	xl\'*ҸLf<|0Z|<Kq g\ZJ#%%L~9w_Tn\Z<8%|<GR\0|rL]O,@@ĒpI#~uR2&G\n\'p|{tfU0ɉIOۇQ<[ŀ>z{߯F%\0\nDlz>z㦵x,Z$׸f\'lӸDު8ЁRJά!9\'#DXIeR@.kOsF;:NTHCJy#V\n{so~Cc?*eOpӰ=IuL lkT!\0{`IӤĻ8d\0~l2؀;gf\'tB\0>yf,L@k>O\nIYP#ǹnF;t\'!zGäV\n_\0.N\rr3Ў\0{w\nas&\\=3^.OˑơƠ	\\޸N?ä>8m_H(xC`,ԜC=h\0\\j8FWP\0=IP,nk$ԩ>c\\3JŨH8-ilzvۿq뉧WQ~.Ը@y䌌Gl{uW*Zx3T@?ܨ}OI?,#E:+WGt@9C}?N	$8Q/׀jgcP|\'q:MF#\ndF4φZ!\nA>M僐\0|?w~\r1%\":\ZT*bJo?;t8bH2H(0vvprN;u$ZFc`\0\0e\0gˌ:zB!̒p¦b)?`b<#$\0:U5ЪP5Opd\"IxВ	л\n ME|_o.oѼsP0G].Eb\ZX2֋\0\\0>_g`0Pq\Z# dc\r1꠫q8T`fŕxQc\Z<e_*1s߹\0ۤ,W/g\n%xg	(X~=r<poע55i@2O\\J}=\0*2;:l!$t?JSXb7GÖYraŌ¡\0jd z;~49Tώ1\nq`=8d\nN_=o%X&B\0?רa#t@5>^U+H$;}=GMxuTCj+U8휞O\\zt·z5R}&N0s۩Zq]FpcSUI##{T?)\0<!Ldxy|O׶\';S4ǖ{!}gClcL\Zu!\\L>8e@(pD#\n{}uFq䀑7z~5$d\Zx`g?9Q?NI\'2>	Z\n?\0@$?:\"j0)2>	1NrO=;K_K/,\0?O\ZS5՗ǎouq\rQ\nor\'>&v$sx\n~}v9`^)CTVE!ln\0t>!XJH~>H=IN%j}$\0Ъ1Io~:mĜ,>\0b_!9#9>hMpRr #SߤFUt]bP~Pxذ\ZR6A\0gMx>9e=	ǋ@$: &D1_5#ȩ`{X0\rꮓ{};y~kzq} `\0_!9q)jM0ޓ8Q R>_ߠI\Za*qSQT58>]W	VH\0su˽?7p_I,p}~}pNRy\0QN@/\\\0>eDS`2Ol~\0u+RKJ|0+T6<wd߶@Љ\09T`Vʴ-ZG\0:S)=DN\0V=VL)?Ŝz5X4dοjT)s咧\'|Rv8NRǇݏ}x\Z>NH\0.)$ԥH9++x8N;lř;9#Ad_a9XU\n\0FŃ焅6)\ZWO!4>$:1?\\+:<ko3R{yΜ5x\n$Yoq0	SC-s{\08?~QhrUǐ;}:RN#c\r qy`MIV?Qܮ?=+-_v\Z<hT۸:XTᠫ]TK`ؑc댴:XRyBU#}{\0N) \Z1L_u>@=1:T!MOt\rkZ@>X?Or;tA6h ?f\ZI\Z_HG9;8+_C*ʡO\n`XC#	Qϐ>\0 ?ϥsjH\r\02!Va}sXW0$7\n~jdr\"vb){K\nチ=/J$0JS:2	\0Sw5Q91!LFr0Dߴd?\0#>aՁnY5]Ti#C!ݓ8RqޤbE-s׎#;d)b8oO_=:,F!k9/\02;|N1L)O?+A*b	+3\0#I88HԦb\08\nq d\"8,K\\8pE*lH\0z~tG,$W\rE2j;u@1\nJO_`o]#gz)uCC9x9[)Os6b$s;tx^\'pV3r?L+]7\r*#)^|}XV\nS>{.GZTjfHvr$?q2]3PPpsI\0!i~#3 #*h9@>N27OGӊ%|8y\Z(lrf??|$SV`r^JQ+gT9Ӱ9aZS8,D#eXǠbʤ~jզÅQKNf\Z`xFl>sӀ8`-}@#*0AD-`F{HPYL\nY\0ICByݑ~}ۦM(\\IfzIN~!8$#J1LRdFMfـFA`?<GR*\08H1*<GdvrrOԨ2$~<GM\0#vnhT\'z8=>@*HxAO[eB)ϐazh!\'/6x\"ܥ@\\#鞻, jFf\Z\"	*1gJ*ӗ*Pa*Y=Bgd`5aL2K@ D@8*OV݉uCo5,KTԾݾc?wϧNqg,QyVbc؃Ж T`HNDчP=|F@89?Mʮ@IVO\01yo p>kSLUL@\0\nߊpvgsoFSX+N|8eG߸)v<0c#pYW\nT9?oAuP*pHҁFxZ5b?NTz@i@\n=3pBPUX1&dWӇ&Xx4[>\':Z厍;`8?O]I#0\rq0@\0jҜ>NdE\0ROt4u\0x`휯~~\ZjqCBQ@VU\n	q	\0<\rUE|8^Tp>}NF:n\0abϗxG>,{r~=05+s©_V?\"GnHb~}ä\Z\"\'NفX\Z5 ׷pz2btxpA\rAҵp?˨$0riB1Eu_ܐ|QH#\n}0::4\'Vf\'+\n\"*Gز\'\'tPҼ4K3Hey/6|[9,b`1ߦZЎp\"5\rU#| o(^ieh.0Ij1~ߥIl#̡F2<ӹ.f9<9Gc\0a\0U`<3$=z\0?ZEaE92\"4+rI\0\\\0wt!pWP,XA>|q`3eb`eA71f\\ŀ=\0JPG3+`^߿#+V\nF9?ETDޓp3u\0,*Ǆ	̜Q\ZZ0w4ˆ\rbESX!.QclWyw8/!jG8bOIZ\n~:XOfCM15Q\\<s߮?NW a+Izz5	]$Ujrñ`\0}:.jᅽA}O󜞆I4Ù˒HI.Kl]GmRň4BN׹kL`\n\\Fzϩ\\>5\r82|pcp}{Pi<p}3QAǖ*A#};2\ZTp\nDRLg<9Å\0H~sЙ\Z\ZdIGO;oNiZ8-@+⨪I=zMl|0QTeSLx,s=\0=.Z	S^6tF>^l=z\rMyX1+\0[=Q*\ncڀ<\01q#Kէ\Za`!	l\0W?_Oz\"IGVp2*=A鏯Hd$R\Z,@|\rOG\0.,.zϞ,^_##0Ao2aiIj{0B/v=:(0]1\rU:c,0v^{ќ\r5E0I	x,#@`y؜ؑҤS Q?/W^p;\0VA5\"j92818N<pE	p|q\0\0\rp:Zc\\)\\\"QLs\"|9S\0zGz\rarÇ\r0GJaۿӢH,\0\Za=>h;~\0q80.+`v9#,sS80{N{v$\03A58 !c[*ǧ1=)iN-T\Z*aV̦|ܭ?=vUÕHcӆ??39߸pϖ!W.c9aO,9 bڈl\rRF;{}2GD8ז\"s\"2lg2GINXLk\0Pw9w=bEX/ۄc\n2-}K*q&\0:I>?^MK@Y\nq9?N5ˎh9^&>QøǦN;BlC≒߰\0zp0m*XIǝ1=\0q7(EF]C@>1\',@E(c.~/S2FO@*\rA\0\nO:a0}߱ώ\n4pB,#<ja+9Fi?A8s؟o^OL=}NFhty@\'h;O6!A?OfrA }\'{u\'50\"*\n5ua\rc9qԁ\',4ղ\0d@@o sC$eHÄ>ʢ䋲\0|{\0)<2Vw\0 6GpA9\0g(\05b0/v\nE(	.IyP{u\Z-2¼GُGRRZ?3C7qL};`<T焎($\Z燱Uj,B3ıQ(+ː>+8#	rq={vt2+L4~CyzD\0pFc8_S\0\\&\"	h\00ҙb:]{ǖPFө	:GE5zJ#a6lzx$ˈF!<q5_\Z۴eF?= 1\"I->8!\ZeCo\")}68<i<\0U;*7\',?fȥZ5QCg_^8fRCD3\'~U-<|f: ZCZ\n3?mfMt^GxrO|O\npKm!/ïfD|ِ)\0g9u\"՞&EmQ\ZS!8;A4<@x䁀p?Ð1hf\Zȥ9?m=	>ǡ>Qh<b|0ʺ>\r$\"_ĒԖYb30L/fXBYV\nBh8t*GZd\0 =ƌ<!S?^5qV=\"z9Ey%Tz͒{ 3L\Z ńq >\'õ}|cЁ<Rn\r!O)k	\Z *@!by`V\"F1)Sv\0d?G)8Y E(<0g0%O9i3\0<ztf׵$EX끂21ضGR5V@R \"͜9R11ERO父*( g	n	Þ\ZI\r\rZpώ=+DFKv(Lq6uw\ni\0Cgץ#9aK	/1\0?^jc\"\0,9=ʁ-H˖I%Z:s\nbd_ٱg\0# פï3G	c>\'cacӒ6)_CWGGvac?\\wD\ZJ\ZSҮ{75-ت*OKvXص\r=Y{NA\02=8KP31Pp*HOEz\Z׀0jX<}>.	q<2b4~\nX@#z^<0taiO\04+=Oz	\0$a1\0\rGA\\\\,cCP=\\6qb򐢪 OU*pUT\\)e`@#B4\0KXTӞ\Zż|Cqf\0\\(f-c|`\n3Gù&C\Z.<+Ȳa8{tZ/\rI=&}q	bp0Gݲ=uɘ>ı|s\0|_>!Hǩ\0oס.\0ƕ,\Zb&\'ջy\0~	y\"\\*|WN	?^	g\"4Ҧx-)9\0~SDɪXcD\r5:\"\\f\0ބcۦYbGIEQZf9?1?љVPpÄ@,pz\0p;v!N)-RIHGc;tFAF њi0THD>ر\'\'~2;\Z-Ә_n?}`)G\'xHUa\\	쌂XWqW+BNnx\n}`$<yrp\\goԀ{W[15Y۱鞏!X%IΠ!@{F|pI)a#{OӰ:A >8i+Ҹ]F@~= P3ǅvbY_#q\0:^sA%z<.pþ;އ\0zWbiN#:xaCo\0v禵ʸpPX┐\0,>z-~k@ӕ0f?~;zNr7Ҧb%ÒIzBr8hA\'EvH؃ j5EԈ1傊ð\0la脴:p=TM>TD,	=>%\n5!b]}ݿB> /8SFxad*N2C3scX\"+F9WHb	\nķ?ϯn|n#\'Opp0Gz9bA8rHڹ	Y{&;?޽r^\'\0lr>q#L&L2Í8ˆ\0N1v{\01\054%ZѯeA?Q,߯Jd\'	QC4)af;тZd0<ѱ:oU\rF\nBioT `5<@Jּ0UwyZTQ俯_^\0	`,dGĖǑzu\n`i\\Q\0{Hg-pY+VV|^3҆4ᶏYq\0?פ.yA0Y[3\0.?ޔ;)#CAn\0cE>8G񋢨$}:>\rM0ރ\"PaukK}O};tQ\0AZ=@c\'+\'9=ï	(KE!s<H:5a2\rR1a%lԏS:Xa(zy09!R\0龨#XFY4\'oezT~k5Мr#\nss뎹/MA:HܗnNG\0}\0I\0\nCa9j8o[?#ӥWit`CTNP0=;vz p#*\r0+M.\0\0}=:.8UGJѸE弉:g\'Q9\n2s߾;~w:<o`Mg:Nn5\rtt$#qdz\0KaWN&\n\'\"\r۸펜e1jC7G	z)-Bs?\"\0Uk}HϧD\0h\0#5E`O\0㑞Hx\Z50V#p\0脋L4bkwYz\0	NP>TN@:p&<6s9}>q|\r`hR?:~!	)LE<?q\'s}p\"xFpc$R	v\\ĩBN3da܌}=;9҆<DGB}p1哞q.`Z%XCe䃏Æ\r\'S\0k}2+/;w}su@5kdӤiX@A1r#o\')~6zk_,HYpҌ9T7o!;\0פxc8u>>C1Nf@{.?QāFxB=\\k4l/\\Oo:Wժ\\1;wǈ?Lcӡzye9˹=p;{c8mC\r͇c\nOQ;ߥ\0k\n\'\rxj#XT^QzA\rCۃU\\>麝t\nPX\07n\'хωo*( :BGH$x4@)\\NFx;8?S?oozK\0NGVlVBIP͌w2GRHT2f-nKT儚<WArGJ\\VFr1[NLvF2415	<%9>n~0K}{\0=:t@譜ћxvJ\00H! ?CҸV\0T>\0qHQU9鎀ϥI5GHiq_T(l0cWPW+Q@<($\0?*װG龶u#\n:~4+z{D&pC/|l8l\'p\0 [vj9\'P?<^Ȭ[1qKG#o̀OߧSUd+	۰Di\"\0@^}9!	m Vc\\r8b\\|@=;׷l~΢s\ZȤl\n\ZDav<<zo脥N@\r7iAF6vox`b/UGМ^kWH\0jEE\0)O\0A?_BtGS\'I?wqH0;vr&x%<Mp_?&d)\01ǯgz2\',6g\'sPO0es=H֪sq#EkaH-ٔ`38q\"eǢG5#oXg?APa#/ѓՆv\nT=XYiq\niS#0H	G:pZ3@p\\{`z\rBYOUpu\"G9$\0;:BO<_8h9c$цJf3<t㨁,MTb\0%B|g\'=z##g3-%~xx}B_d0& 8U+΁@rY zgO=:Mjp!L`i4|y$ v2HêXɰb?~ s\'K8_<f 9x\05#(dRI\\xu2i#HH_ׅc\"dPy\0=\0njX#H(ZMZ{pdL?&U2|\0l.*5l.| \rkJ{>j]oR0Tiu>.M$Y\rxaoaOp\0o`3A\\0m:1/_&n=pgLӎv5q9,!d;H9A\n}XP\rB.x28?c>(΃3;X+wGӿnĞLǀ<F3F\nEq2\0~=s\0H+ɰր Ȑ8|g\0voz9?_V(H=!tN5.rRX?O?\\$CoZ\0N 3}p\09lkAxÞNgGg}q`vwRcÒ(0w8_?R8\nSS§Z@H vwZb݀\0ivÚ(U\0[9>`\0%0ю5Fvky\0Tv|X\0iQ\'`|R~Rr!*1\'bO}I}:B\Z\0,axabS9uƕlpqJF\r!*FpW#N@a:qը49{|0}YN1~X\n65aIzPŉ,*+aO9?O8\0>\n⢇\n-`Xc\'CaՊXs3?ÒOKgKS!\\8X^\'3=M\Zp*r5|Q2~}3	Tdզ728!dNTy{}Ċ3ZGpC5H,#+z1|\nP4燆	uT\r{wHCP:Vf-\0wAنwm|<1Ob;`p\\Wj0{gzzN\nهYYH`C҉.ώH|>\'DG9p+V2v$du0\r:p¦{|?Up;50(j1	׶0>9u¢\" \\P[8=zB3p	\'иLDm|W \0~Qdةg$}qNJ<0+OAo?@zzw:,7,di++d?zU ԕeG8+U@rlǯߧcqA,q#D=I\\QG\nQ褮lz;:d09($gg\n!8-c#8Ҙl;W.82@,qj+\no9(9>ޕ^)θ;W\'Lx|cuJeDu#_g4>a}s^LُIψ<<Ql\0J5E烥@~<Iҵ80Cðǧ׿ݺ8(\0O19ϦH)u8aTڱeGcS1=s,i4>(}\0qc\02Gp4Tc+;`2;tοPЧFUs1	 vP͆6v,pXydM<p3GDA9#0:3k058U+Ta_@n84ou*8=lgA883щ\Ze6x={a錟F0>k){1szFMi\\xb#?aE?\\\'=OkLF\Z\'e\0g=Cץ9S\nz*a\'?׮f4+\\@ݱ\08CC\n`?xq㕄c7\0Q1O={Y9e]	_䬮J$`0l\0{Σ^X	xপE|^p3סxa\Z4uT8=Y(i67,yEeeЁ9rXzD]5qh|7\'{~ʞ$LǞG*=0z§/>cŀ-5\nǚVbDT?oHCEH.FdL\'עAAQ\Z1\nBoO:t:Bs\'5OE\\C?鞑e4ι	h0 &n菊МM4&jğ0;`d~kF0:mY\0s1g\\tJ}$+D֢y`:OQIKLƤ@=FӣyKU1ژԕ<qg?CqaLZƣÆ\r0E	Ǘqs=0u3\"i&}A~R& 4${zF}@\na&\\HzR#\\`\'8 _2}\0.C9a\0Jz߃A\nS+Z P0wwBs?Y3`!S\"O\0}Ԝ+;1OEPU,prH\00A;硩$T9w\0}{\\4W,J$Ðp_&=T}װ\0ϣ\Zep<NGs=oN9aDpG݆*H|>GO\ZrǨO#ުh\0!\'81dya9?a_$W$x@#:|Mpbk@\ri\"ip]М&I L\0,S_\\5$wtǆ?l\\*SY9u#9ʃ=@q\\?wtֵָ5_x !~\r	a=:&ɑcx/H}t\"#qF0qd߇OaSYᄒ	xɏ1diӭG\"AOfuZ3,N\0dwNSJyaNN xӎT-IZxaB<!ӣIRE5%!{I\0:斄*p۞vj\rXF>!#\'bA >\" ?~Hѓ2I\'`Wi5$bY%H_Fa?\\H炷Y#,GLl|P>#ۥψ,g\n_ZRċCsDUrJ\00MXӏ\0*Xȧxd!_ .is00Ȝ)> ܞ:\np\Z9(|B[ʁgsҴ\Z|8pqA`Lv؟\\tAP`0`8t*ƨL;w:cD8pD\'!X\0 s=t%cF\"Vd\\;cN,5524ÑU@=g$}@Xiޜ*xFt2KvR>	M+\nNt!|;ctҒq!\0O߃&Us12q89t+zG9?jU`ydq\\R:@QHAc=4\rZñ=BS<y*)`rɏo#2z#)XKRN*8\n{\0<zt$Ax}UQ@>C	\ZUP	B\\X}A{`BOQhpEj*兢?i@;cv\Z\ZǦ(hY\0Tzg\'פZdeZ6`X9\nd-E%B4#PVT+v\0>8UHT(j1\'wzUjTY#ae0Pͅ$2=O3\0>j\0,]TЀGJYq˦X?\05cd3>\0t\"MF$3QPO{\013\"+XH]2±@0{/\'>2t S\0IR0s\\ˮi)b:ۦ~*k8 cǷ=t@O:~$q~!E!GlGs߶}=p3xaDy\n{$0UJ$w(uFVÕ,=3\n@hIb\nA@ ^CǙQ+T,AFG<d^œ $\0\\U}D,C]`lSF?Lt05c4_P#~ŰO*D$Ԓ?N3#HTU!@ğ$::E@}:ȡAr?n;uUpzi<pDK$=	=:IA\Za@Vpj(8AǠ̜6u\0&pARFF}djF1{\n0>L2\0脂\\_v[#pA1A~3``\0!\\	Ī\0s~wS<`419\"\0!҉hk<A	WqIo\\)Z#*3kȫ&rWA}:oSxczE	0YF\n_S霞65\'*30Ϗ~z<*2PCs8gA#(ǒ=ItFASC@(=j$i5$zB@pY#ء#9V_#1jWs22<Ǒ?\'82G۷\\\\H+\\ǵUVOt8\"E}#RH \09v+LpAJ\">G?E\0\0F>ӷA\\FG`#>]:E<p%TDҩ#:jpT\"Ā]NOp<F3іVx	j8T\rc={\'\'i	]G\Z.\n`9#ӝ@dгO@akaMqԦ\\p̀]s\0cF\0(p%k2ǹ׶0bD-i\0R/s8=¨a]B`H\'v`GӷCCL%322<p}Ӡ.9LuL.\n1ݏN3\rV/yc94\r2ϡ]}d!fPW\01G?^.pF0\0ӷ?NwSC\\0o팜@?yCx3Oe0@C`v9^ރ\\dkac\\\0Ӿ}s=,ٵ+\0^CH@F=?yǩ8Fґ0V˂v>\\t+&dQLq2X+\0;g0V21愳wC6[;Xk^)`~_:\n)(q=%CpP8\\\'.s??ώE8R }Gz<r4 +4L}vgTQd,|7B8tOxeU_$oq(!XGS-\nc*;(?Pyv~TTgZd,\r@apщ{ `%ޣz@wF=3#\n(ϐ=N3^Q\"h<q\0?LtxC<F,W#`c@xh38T^9$y2d=]v@8y%4儍R=cӡ,kJU5rN19z`pEV`1%7aӽ@8Ҏ@Ya/q&U@O`F=>!O\"6Y8Pnd@\'p08|TZ@9`S#\0G?\"0	B\0l`8r@:-a\nJV#z}A$ݜutt<\0RG۠\\ \r\0)<8X=p	,@zG=$ナ,C?^ԐJdq R*NcǆʀeDGp#}z5b¦1ae|\nOv}p=GU4z!F,CV8ӿ]e$<0Oj?BŰP\0P볮JВF^4z/uUU>>S#m!j\0`0\',`z÷oNI+2ȪlIce٠<G~AXo_`Mx$!W,j>~$g⧹GEjxPh!10YYޙ\"LX\r|{`aCd=d2HICtg\rl\0=HER\rViلD`pA$ ߿4us҂cj#]X`ă;H.eˎ	Y9o3OddϮzW sl.O,V\0_(O]@!=<0dCʤ-{v;U	a\"ɠ,T`qۿquqW%@9\\l|OnǷH)\\;RG%5\nn*K}Jzp跬\'TXk#f0[\0_#;$5%F=\Zau@*	vS>c>Xr}v$\Z:	Xe +߰NTz箫p.c,CP#Ne#dN닖4¤Old}ޣ>ӡ\0*s$`Mx+^\\Hg:@Hᆨy1ћ	q\'EaTٞG]L`!񓜖힐|s¢<\n-2aq	=Oo#cפ?\Z£{ȹA= P/IkC\\b܏t\ZsT?n3E{`~5szO/BT3:Yケ`xhقd-#z<|z~^>8Y+9\0A0E\n+\n\r*!{6Tx~Jex4^>}ʁЎL#:9Xg8gi]G!͵dRݲJ|FOnpV9j,9ǣ䜶^\0LOG$+UfL~:^\ZF%P݅?	J\0{.}{JgFXs]9-8bX+P2Oȍ5xO,+Ѓ};0:0}5aQ#=:oX#H5WIǆ+\0A?<s/E1FU8R8Gs;i5ZvdXR:Xw\n{g\\rqF`WՖ+`煽q$993:\0ĒpF6\0\0\"`e\0\0UNp1^xY*}!<w#?\0\'l\0r22{A=%)S?<q\"&?b0	b?nzjrC|`F1OD_U0&yvϮ?ǰ躧ȦN+F\"V둜bNN>Y\0\0fBE(0fS\n*p==\0m&+_FkO $v:FpƦE]}zg\',qZqN?RzJXgLr(Ag<!F}1Mea\0	FH?@01ZJT\r#bd䤎Ico׿IPF\n^ڐd ##\0%},[gCC_$\0\";u<p9cLv}?%rtΧa@ņteg<q@*3«TwLs? B3Eu\nq\Z9oH}ϥ,H-s\Z#fr@>p`j, @\0񹐮B8\\ۥ@ujpXAY9KsΙfp+?,\'-P;f~W\'*)^ (	8G =?щjd|M=BܨwlS:հ\0ß߅*_&A#9rvgk_*stuW\n*>$ףYH_!|dxH}@*ˁkQ)S\\\0OT\'?$^Zi\\,}IX0s.r?<h̺傊\' dx;vKHkL\0fp{w\\\Zx%JN<*ǂz1Np#vxz0[?iX8AZ\0c=OG~J&ae8Q\\$cR02H=0Gp:Z$gEf\n	?gAF9grA2\0 ׷]ـBXE\nr{z~ `ΣX0Hd\0};t_OA29\nE:PM2\ZR>2q,1FN2\'u*+\\a$Gs:3_	B\0޿__AӚ59P	0XxycF.GfIF5vb	U8Oz`^Oqdo%	b	f$p;~qۧE2RIUJ7*~@H׿Hq4¨*j\nk80\0uفi4Rfl9\0$Be5¬N0?^\'\'iX\ZI^8[\nV_М2ס& Qr]N>`3둌:Oʃp2r\0L1tD3CX[HG<u	,aB`\0ÖQ4#!*j@ =nMA =\\pH\' gs-s|֦\"z2;B)0N\'>X}:sX\"#c\'\0pO:=@ʌ@ͰA_ @q{Йc#hNFq\0ўXycfۄʁsOC\\\0S`fo/N,p:Zsdpu3Q@\0щd_O߿n4f`oZYw\00}zd	ý!XP\0;>gО\0\\ӏn!IU?0Sc\'0I8=O5\nd8w8҉2l:|\\01-/\\	)4CUdOc~ ([^d@?R?^(*I+_LxRvψP	8tpUr=%rqޮ@q߮)5`05~cHπ>.	Fr2;.3Gi㣈ᕘIc?TTj\Z\"HА@1s9<`Խ}D/p*HنI?oNZUxIRAS9	_xq5Z09X\'t0\\|N[\0$x\0G\0@~FPΫ \n\n>2Oܸ#Q9$\"+@f=#dBXxAFpq`Fω㗘HH\\ar}x?O,VdJ@RHb}ᒃ^$>*x<e?V\\/n:FHE&coȟOU&)^Q\\\"TN݀?wnʼ,+$?JajR!ݎ|F2=5$WO01rª<Ypg?pGt9 2\Z=5cmJI\ngH32(Ε0BέjzQ~\rELB0?~)WM+zQw0s3$:XE+JxHg?VѡRt\\\0F%Ag\\ &`#,{}{wz&FF>4_kRJ=0;-s`q\Z[pôL|W,Nl:ka0n=Kf 1Q郀{JKj<(GnqܒG~bAV%6~ÌjeCIPWFbp@9z\\WDXS,P͕\r;v:ZUAοw3⤰\0Ōw?CO\rH65?NX<q<',1,'2015-09-30 10:42:16',1,'2015-09-30 10:42:16'),(35,11,'1','DELIVERY','\0JFIF\0\0`\0`\0\0Exif\0\0MM\0*\0\0\0\02\0\0\0\0\0\0\0VGF\0\0\0\0\0\0\0GI\0\0\0\0\02\0\0\0\0\0\0\0\0\0\0\0\0\0\0\0\0\0i\0\0\0\0\0\0\0j\0\0\02009:03:12 13:47:43\0\0\0\0\0\0\0\0\0\0\0\0\0\0\0\0\0\0\0\054\0\0\0\0\0\054\0\0\0\0\0\0\0\0\0\0\0\0\02008:03:14 13:59:26\02008:03:14 13:59:26\0\0\0\0\0\0\0\0\0\Z\0\0\0\0\0\0\0\0\0\0\0\0\0\0\0\0\0\0&\0\0\0\0\0\0\r\0\0\0\0\0\0\0H\0\0\0\0\0\0H\0\0\0\0JFIF\0\0\0\0\0\0\0C\0\n\r(\Z1#%(:3=<9387@H\\N@DWE78PmQW_bghg>Mqypdx\\egc\0C/\Z\Z/cB8Bcccccccccccccccccccccccccccccccccccccccccccccccccc\0\0x\0\"\0\0\0\0\0\0\0\0\0\0\0\0	\n\0\0\0\0}\0!1AQa\"q2#BR$3br	\n\Z%&\'()*456789:CDEFGHIJSTUVWXYZcdefghijstuvwxyz\0\0\0\0\0\0\0\0	\n\0\0\0w\0!1AQaq\"2B	#3Rbr\n$4%\Z&\'()*56789:CDEFGHIJSTUVWXYZcdefghijstuvwxyz\0\0\0?\0tYS~s}=\rXStb\reX|.;.	<W6\Z.`[˦ߗGG0S[O9JU=JO.`XGCYSڋ<S\n}jEL*(D~Ԣ?jڔGXs\ZDt]ZJ#9J];˫]/G0Xuce.j\\b6Ul,VFʱs]]YI0Xc4lXHR`\\5h!Z|bRS)t%8%<Sӕm3*f`z\n\\bmm9Y]C+R2<N`c6ѲLyIQ3`8j-6T٣3#f>p` ߷jVWq94I>ior;\"pGU;B_ǭb<ngB\'?NP\0Ǯ8\'zlw\rk1~\\Z22\rrˍ[ܫa۳(be)ZFU1MҢUR\02IP\0vs<*)i?o\0>t͎+M+QɩYGhgORpSf̔ Qs=<JrY>\rFFs=\0N>.IaNW-^ڝ\'HY2 sT={+.G \0=z(睫uwҵ )Ud 8`¬[#3ݕ<k\rb\\n{\0\0]AMH3H}sB	QI:t!P)#ݜV{LrNzbES?KqX[B;\"۶%@*`#bU\ZĚ|Qѕ*A\' 28925n2ee 1Ӱj2\Z+l%j$]@Y@Ǯ?¢20 czZXݦh>P~CsTedFY=rVfx\n8¸Uw7U}O\nqv[74A\nޜVq*0w}*I*\\$63u礣4nbLMԎ:&f+7oΑFAvSX$vtb	ۃ0&w9$o\0פnI\n?Jv)*\'c:\0`\0n,\"Hr}\r0&杌c9nvso=\08c\'1?iww`~k7cD?;O^!\r9=.$a|ZmT|qjD$?+j@[t\0փ@i\n9zvJ+2(@vS^sZ\'Ԏo:i`#5<#EԏJ_sN}sNN8lV̠ztyǸ\0s@o{\0*~Eب鑁HXS|#aJ	#$w@1\0y7`w?UFN8={F37(suu&v|sRJ!yteBXO^ɭOcI+HIm($@~?F?.yws):\08KC9=u`nCs\r*d0N?Z&څWv;s(-ny Ve΋[=8Tq .ۖ?B\0|ZB\'ӏRZwQH=.	+\\=*LcNP\0ո#&ue#ǿ֧\n31ҩ%W$NT`~irgfl$i,\"Q_\0תhэ#|T+[$esZMMM	\0\rA\n~8p	gq篥Q7{d,XcY@fٜ<g\0Q{U.PS¢~c8=GM+2@ǭE=(PsqAKR\nךBܕq\0iUsvI?֢\\U(;De\0&X1UPFf.\'N\nG%?Lp͗U/g&TN؜bvDr\0})\"1wJۅ.ӑ)\0fo0zWrZ!xqw)7&W c5X6=ǂ>Q{K1gtTbh|Hݠ\0U#h36dƔG\nVV<<\nVE;Hlpz<jΧsJ$I~_DimKsM\'~r;,Ձ$,yo$eG<)eS׌9ġY~7>ɌeFM>_\r{Կgbb`RcȈ-ǯzt/2B9\'\Z+rJtvUqCSܑ#(Q#}C^DaSFl9E\'bn[\r9;Zl??\n%3ʀ\0foڻsOԗm*.IrOSjEmՃ/8ԌL\022N=㒾(ܯxycpBG|Tl;n{ғ+Uv?ic$C\n;})2;E-vu(|Lcvs,dxw=ssN2PQYlۊ,~`T~<RMާ?:a\0w2E;v/BZnGCE+7G!9<R	WpTE#\0dMShJLI3O<؞Ҋ*FmX63;qNJ$EH%)Nr\rP4\0Adobe\0d\0\0\0=http://ns.adobe.com/xap/1.0/\0<?xpacket begin=\'﻿\' id=\'W5M0MpCehiHzreSzNTczkc9d\'?>\r\n<x:xmpmeta xmlns:x=\"adobe:ns:meta/\"><rdf:RDF xmlns:rdf=\"http://www.w3.org/1999/02/22-rdf-syntax-ns#\"><rdf:Description rdf:about=\"uuid:faf5bdd5-ba3d-11da-ad31-d33d75182f1b\" xmlns:dc=\"http://purl.org/dc/elements/1.1/\"><dc:creator><rdf:Seq xmlns:rdf=\"http://www.w3.org/1999/02/22-rdf-syntax-ns#\"><rdf:li>Corbis</rdf:li></rdf:Seq>\r\n			</dc:creator><dc:rights><rdf:Alt xmlns:rdf=\"http://www.w3.org/1999/02/22-rdf-syntax-ns#\"><rdf:li xml:lang=\"x-default\">© Corbis.  All Rights Reserved.</rdf:li></rdf:Alt>\r\n			</dc:rights></rdf:Description><rdf:Description rdf:about=\"uuid:faf5bdd5-ba3d-11da-ad31-d33d75182f1b\" xmlns:tiff=\"http://ns.adobe.com/tiff/1.0/\"><tiff:artist>Corbis</tiff:artist></rdf:Description><rdf:Description xmlns:xmp=\"http://ns.adobe.com/xap/1.0/\"><xmp:Rating>3</xmp:Rating><xmp:CreateDate>2008-03-14T13:59:26.540</xmp:CreateDate></rdf:Description><rdf:Description xmlns:MicrosoftPhoto=\"http://ns.microsoft.com/photo/1.0/\"><MicrosoftPhoto:Rating>50</MicrosoftPhoto:Rating></rdf:Description></rdf:RDF></x:xmpmeta>\r\n                                                                                                    \n                                                                                                    \n                                                                                                    \n                                                                                                    \n                                                                                                    \n                                                                                                    \n                                                                                                    \n                                                                                                    \n                                                                                                    \n                                                                                                    \n                                                                                                    \n                                                                                                    \n                                                                                                    \n                                                                                                    \n                                                                                                    \n                                                                                                    \n                                                                                                    \n                               <?xpacket end=\'w\'?>\0C\0\0C\0\0\0\0\0\0\0\0\0\0\0\0\0\0\0\0\0	\n\0O\0\0\0\0!1A\"Qaq2#BR$3	brC%Sc4s5&\'\n\0\0\0\0\0\0\0\0\0\0\0\0	\0S\0\0!1AQa\"q2B#Rb3r$CScs4%DT&ҳ56\0\0\0?\0u#+.*/\"{O_jj~`cC7Xx.J$L~ΛiP̜KN<I~*Vb|N	G85厕Wp>?n	~8q*6מ\nDu\Zn֔ø8YSXsG3S\nH8$돮s\0sM+QiZ16`]u_|vL]W\\є,UMXx!L\"/p0=o@IcS	TE<0h\0-0~Hâh)S $aJ\08R;zz˚\Z<N$@}$p+5uR_%s&R#XaU@*xx\0Iz\\N)v-s1a(2l;Ȋj*Xpø?wӣH)V\'\n0P2Oo^=z.zFhpBu6Gf7LX$t95qRfaHD~sir4GI)?fJ`ywώrTcg\rE)yJO-\00\01r}?uƃL$qc8ߠiJ\"y+V\ZT@ː0~9>F`rEh f0	\"Ol(ecQ_TA5%gǿc><Ye`(O߅\0\'ŀK&YF3%C&j+\\:SR5ĕy(YI\0ӷPYAx`GӤi-q\'P \0@uWA1go$:>8Ih|e?\ZLR@`ʈf /X 1#ـb$,i,Ⱦ 9\0g\'8zz$Kdyag\'BB5gbo9uQFq	 ө@\023]s6jҙpafH؈I|$뙨2x-uU<,ʃ =?\nЎ8Jqv{x|Q2F!\r\'N8*Ʌob}>ӮH\"}͐iqӺq#\Zʤ\Z8XD\Z#JAFGo rzaϬ%U*k!\n(ybAǳ}<9J%#iX8qT:fuR}1\';ԋCP-%i5pHR)0\';$w 祉A#IJDNudA6ĒKq0T>GUO$81*	\0Lvz~8?|MJO ,{uԴkĬv[꧱Ө6&$#ȃJ<| /_uC#KP*\0ZgK6X2\nvM2`xHF\"$.zv B\0ѶAxaaaga[?h9,{M֘\0}Dt,M2{;z}#?w\0 zb>91W6[zsBhd6\npBᷫ:4Q1!\0dx}/\'\n%ԢFTVyABx	#e#ゴQ^\\ \0I:zpԓ>,ӠcV=[My`th)̠vcX `fl3K;;<\08 Z\n⽛SG2\0 A;]AWǡ8Of0\ZiH@cS,5<ؐs\"nBHQ\0xBh)bJ yMs#\'t%q>6\ZKϛa<kFAv?QYs\"><|\0CyHbTw=cqRH\'!p\Z\0?LvG/ܒY>>JQbܾS١!d4r_AoLt!`Q\\dy{^x<#v0r;+S!hYO\0$ZbL2c-\0\0	N\0T\ZH eS(Ϳ`߇<ZB޾Mp>c\0\"VqVξx@1yxH=p~,6X%*8+e\0뎺Rڼ16I#~f\'<𔑩Bg~/a􋐡53jDp~ be{ǩ>\0Njr\\CDD\0,ff=q\0\0Ԁߖ8~$*jWlz7N8$j\r3)SnJ|6qzlFpգ3f=JG<pW#As9y=LM#^0fd?9}z!$s爮RB.\0\0&++:,#d;xHys021T\0\"7Tyȝ@>l{~%3\'\rƋ\r0r*FפrJ7}\'Lo&AP);#t4dksV9pOj_maWfF\09]vU<&ІHǗ@v,=OH@aFF\0oNEwǔ{op\\\0Yyy~8r#Cp0>%@P\"9B\\^5 \rYx<Ef8]߶tph8EO[J~@`OlzU@|GrU$θ3ɏڒDf>lH(\riJsÅ>Xq_.cSQP*\'zEW0pW,<l<@o\0d%lmrǨJ_8s}$_8IqYd\Z)ˏ/ׂ#Ȟd@#\0?`g4\"G\r!ٱK}1c\ZF#+#\nUGt9.A;cS1Ӭz1</%t+!9$dSЂNt8$@5\rL x\0Ste\rQG1!I>;`צ@39aV?I(P$H;g$GL,IDȆfgxU\\x9G@M몘x\Z5`H4x+ЌUx##}O~ȤºUd?剂<\0\r#Jҫ.9hE+F+5TcQ	)\\~ j	>ɅMWX_	\"rױ0:\ZSDYǞ4@=vA f  ^P|˱8X=\0wM+ BPTV/HhEJ{.m,ƠbX(C:/,!+yh1(bRjkf|qJd?OՂ* W\n3>:xFtpy>_nWsHp;Ее_2T\r wzXu(XW\"\'Ԝc#Uuq8f5M\\<Z՚O3뎟KM+\\Gdz;/xc-J}	RapJTGoMAcݏrH\'?JMMOŇ+`\rU#\\ۿB={gPКFHLj{R$?rxCt/*\ZnWMr:8:[Ǔ.}13A$\0)r\0,hxł+|qx\ni\\8R0<rss߷nSVD\0L8Tk؏y*ՈhwFyxk$ȢVg\n { ?Zt5xbd.IXpnT+F{`\'^ܑLKF&M8[q\ZW&pKM}3Lld@9bm4JRv&yS=\'\nCw\\8EA9ŞK/1xHAWL& ̷:W<+Nc\Zs?\rf,#8Q9\0K*s\n=Oo>xӡM}j\nxvy,>{ÇpW.M+=X0cws=&?t&?\"	>=f_߾AǯA#d\0ñ&<+),Hܿ~ \\,\r44iU=Y#*@\r02?î$yĊ\"/ӆ=4J;88;wzPb4$h,ϳ\nĪ\0FOv#8g:V GKՏ2<|3\01\'4Y0ŔHzV1jĪ˞r}\Z\Zs$ۃĮIerH\0v\0`jXi$09aX{ĜOA=!19:txJ\'U7~GrTҵarK\n9V^`CRÿף4Bx@qϠ>?ǿ@VIF\Z*×ۀ\0}pq=G`?q>$C@yaR*}e\0{ubkuK\Z,<HʻSݲ;s:\Z3u{8aqG>=4HH=upHpp{v=s2iipʞ?oV$yU\0>~х^d`\ri.f!=qH?Ҳ=meuD~];)#Ӹ8;\000#RPOvhȮAϧ5a指E<H ߿}>^lJj\"m+QG\',X!TD~^]g<|sߦr\0bdCLzy~22\0uĈ݆KOx4\\	%uoiA\0c\0ס2DNfc.rXo?OCJǐbE	32)$w8_Nb]kJaߤXHVDr	=?p4eex$h0I\\d\0=tꁦnC,RR2aW1*RX^ْ?,lAY-=f>_hLaf#Xb*bPRf  \n~`,G\0w=s8-ә?`^V9P\naʡxLaYS2sdӦʄ}#5ĺƝR2\n:!Hl\0\0v\\5#SI<UbGq=,\rF(J5&0U{3QӨҕ\"\"Ms}T!81}l&18aunb^߯1|2uiQx|2)ݒw\'1-4~3\nZ01t\0e}4]@=PFo/%.XL㌏ANҍp9\\yeU.9*Or;}:&\"4tԶXv	~ggzT\n8ۃ,HF@Onz\\X˝O/H$-,\019Q\n	GPI@80f2~U\r߿}sӨJhx{	CtB.4<at\0O?nsޟ,k5EG<;[a`\'ק$<Gj1ehP<C;z=:pX˕?Ou-\\zPܸ5L!2p?gAel\n܂IW$\0uHm_JJ85OsM)$j;=\\d@ɀ~qܓ\'9PR]|[3:A-gAQd0yP??hѣ##u&0}\"~F02%-\n5Ñʤy0}b¯,~\0`E\Z\0޼m-V<r<8 ݀~<4PbeBcg0Z=Q9Ue!<z\'?^itGKk}mjXr+X\\p=}qz$FF0ǲU#`N8bb<NTp\'v\0뾹N\'<8uÈ0x,Op\0c:m\04i|irFé13yyv@9\0N_ZV	\Z\r~3(ʅT㓖#<6@K|0H.׶YoNk#tpDaXky;e~ӏ;#7\naDjٿ:0Dad#	^Kzhׂd%lݩo?G\'鎜toBķʘEiEiR~!u)	hzI/_O#\'8I::pAF80\"b3#?ש\Z\Zi!t&M</m=	=f#dPI/21k_%ic_ۄ=0dp2CGG	:ph1HON8Z\ZO͕yUR\0;gC\0t/,9Q\\3M0OmF<՛z$PӈRU3RnIYA\ni#\'9=CI](Ex#=s1?	pJ\ZP\0vǫ7|@P2 $t5>80a!XY\Zx}ybr;8s:Mc$@ӝFH{S\\?izVzH\0,!,fTne\0o葙ڙ爗&4v{\0{b$eLdw\0oIʠ:жLGOۂ\0N|ǡLÐ8my\\}Q}11bOnG1ڭ\\م +nL1!~04x`Z?tDH3A݃zBIDA8z:@OqQ)f˿qUV(\0+P+^^&\"\0*r:e^EyAv\Zt3O_>џ7Ш} ¬]`d${xa:sl0=nwg\0uaQ!upTEϒ1\\rǯM-_t٢,)ƞ|0udlԷ6RsCtiHSL~\" #@q҄jziYZǠ%&2q!bU~\0\\v?БCZ0ޒM+B(é;\n \0^å-AʾX0>+Lϖx,F_?q$NAaanAPWB!Gʃ=v:ZS0&C#〱3Guat*ufM0MH\ru\'%~HDi£\rYA5\"A\Zy7l\'$cV<pHj>Es!Y}\0oG^\nU@	v$9_~\0LU5$bGDꭰfقND`F\0nJ\04dk?;p|~^O\\/bX/\n\'pqק .@>!\n`NF5ڸ\0ˣ֣0s3eOmOzQO<^8ƌ*hʸN-l1e\"K8F\0p_,BSZ=rDPIztѸ\0	q;uUlIi@_dzNhN,:hR\Z%q1=ӧq`\ZI#(i>w>INZgMN=hfgdF3ُԕf*+QK4W,HC\"\Z+W9v8\0zzk\\^\0P\n?FWS@>au.&jG+IkٟFvcٞ3$hR׀>ܸy>^=Ӂ8pb\rdइQ\0>o~WP\'\rXh |SY#99CG\'1Ԃ\0CsFGHXHpgv!WĎ\0Fa۹Nr5G֤gǷ!Y>.<oRXj\Z8)hd<kV$)ʂp<Ϡ~s<jE#Fx,`\0BoiL!LNTÄ\0#UnGqצڌjX\n^XVJO0$q )|߮(>xva\ni-s\Z22ALw\':\Zb=:JYI0u>6\0%pG2c_2lx\ry\"F|	Pxf;`cϠ9B\r\Z\n&@:g,<J`W\0L=0sg=6ȏ>C#AICaԌ:Y\nxk.ԧvx\09ǱbN8Ӧ\ZဒV@$S3_q%_O^säN\"*+^5N\0U,!#a;d,H93aqD2}[|bgzy1KsHğB?/H͖U/ô\\8c\0QsAil(˚ӖN?oۀ=|5կ\ZKD̺pjgodz4*ZP0s,T	^>\0F\\§02(\0hg=8Q9݅hK%YFVT@Fq}pCv0Җ5`8\"6S¹ag\"d r;0V-ej*p8C\0g\096\\##Cp.RId\0\0;=HnWH8(Fʃ!ĈWlC=?BN,	rÅUy%2A{{Lsj$Na\'==:c3Y<<TQ;I$bT\np\'eW]G/D~1,m Č	(LC*#jf)ǒw߹#J4󋕫ΈU\0(gl8MH?4S\"0rX͟,Ԁ	~G,B*t׏<0_/0\0|I9lOH\'Z`D/+0ٌ>^?\'ȜfZ9#1\\\ZD^%UjgL+v*p	99/BF?ˮgR0!Gp(\nqӰ#8{VFVZ/Fdݲzm8Vz9WF9\0g9nA]IO 0oܿq\0sl5p\0(~\\g3N|1&ER$g*x\0,aT>Eޞ??@ENIg#Ur\r(TUb/	@rCdg=%Mh~vXdHJA2Ĺ{rw)smLBz,p݅AP,\0c#9	+Pd]xya\0?Le~~88fF\0g@l\0)i0r|>\'}{ЧR	\nDK($:M4kI	:JW%pWČycRҚÈP4fg&N9>N	\nG9zO<\ZB~D9cdJf~%!bą$0?Җ`Lr0sTճe*dc	R>$,ffӪ󐪀;ec9\0^Ex8V2=x2|vrFq?H>\Zr#_.2O41d>,}\0JT֠IR2#w$.,OەP;n_Du?QY3.:QUUW =u i1H&!{q}q\\3B9G>hL׷#́]8ďR4bJ0YG*3^i8lDK\Z*,$\0ʄ1Xd7~2	R4õYԴ),8x`l\0SvON3C5燸!H*sOWȧ]@ϟJ&Pވgr\0^,q$i!\'\0v2^$ /4}Z4S@W2\'\0虽 )!\Z8ֹx`@}b\0פIcL$Mfhb_8edC\n`\0nrހ79aC0\rN0X!hђEϗa{ц?׮6W\":v2G}H{~Yj(CӖI˞VQSp{6:]U`T?-udlP rzԢ\n8u.\rk?n5ir*p3߱$wʹb[ͫI)[2\0=Aǎ:aNCN8Br/GbL H`rYԮ+Es-d_O\Z>W!3LÑr{wpuQ[01)\04~?vGg\n#-X\"W#Ts=A  dyj P~x@gHv>\\4QJD\Z7H!u>nȜ`c>\'鞕5@j0۴Mf,\'HD8s zGjc:d=urǫx\0S1I}+|^T@)fp!E_b	,-?@uA1Ac ˉ\Zb#O|`\098ߧT\0HeeOL0	FU*%!vЗBW gQN~\\H}/Io!$v\nk5?* ~-!`<3\0&9-cƹ!	2ˆX\nQUOČ2هqܕ9?^#Lt0dxG} )\0{\0&S݁-Z\0<}r\0Ly(n\'19\0zIlXt()ĊeP@YO&?OaZ}1bgAØ=Ag>lUĸd?,oCq8\'HH4Xd\Z\00bdu_\00={ִڐME	9x(ƾ!$\00:Ebx,cZI?,WTv3	#>9a\'\ZMw\n}r{qߡR\rT@eGlcω\ns&}Fq@ǧN+0\rpAǯ|])rE\n$N1@$>Lqb[/<F@?|=\rEiZ!.ѹxa>#/d<-\rTF+ߑ!@teFGi<×xL`UP}~ޚBK\n.m8fe\'އ>Cĳd}@HMG&3y_$%?\\dc\Z@v\"G$st.0 I}?Ϥ6#݇	U#/fK\"@䀁\\:r9l\rXx?o\n?ŕ 8lvpZHk5:\\|넦Hьc~u5\"ңRr>2`GF|=~9\'=?ǢWj`$Ƥ9^x\\=K)>x4)~J_%oC.BP4T?<Gγg\0w 3t\"739\rc]r[UL__^/N[wQ5WWUN>N1c3j<HT~ǎjK(\nY*9>#\0\0WS*DpVǅH#1%2R}zS;8C_Ju}9\rd^A#\'2;ca$#TZtkN0=ϳb[}>J0a.8ifT#g$?LЊwC\rQN0,[~ /ץkJa!qf>q#dq:9p(i.c@\'݊\nq K`==TF*:VGP\'n#R	=00;8 \\91>Uq2lB,;	(NX\'8lGoO(S58TW&LS߱\0]q\"f[oqG5A⧗,\0@>_.їZ?;t*p ,^kA;fe^ieB%NF|CR\ZadQn	94r!2 _<܆#AE>g3J\"pG7H$o2\\pi_8[؍uRs4 \Zg+_م>\"Gl\0â+O/oacR`Jz >Yc ŉ\rmL)?Cf$;zst+Q\":TOӿ:F~xS:\">*4]ԸpG$Yq躀Dzp\r, ~o3?Rda>c\0SYaRC/1`\00{L钨x3º}B~JBaH\'\'QrIn΢U^(8|!ps돯FYGSH\0SۅRwܰ\\%q ?áCL*ꕸ(ᴊbO;xp@Ԯbʦ!>YZY~Nx\0\ngRp Xz2v\02;~\\X|O1cщ͟8\0^H#\ZUƟ	,kP3Gr}\0~6@\'\'Nxe\0-վgF\\\rl\\XDN\0\\_f$!؂H~\0F }#83Fq{X廓;\nhs8}Ƶ)O~Ɗ838\rơ@ G:\Zf${?_,4(8	*%òx:-dzkj«\0sCݘpE\n\n\02h	g!~=0qz4\r3h%|08@I>l}`1lcm-S:3eBÈkE\Z7=K2|\\\0+9>\0ip\"*>X\0?N*,z`sdL>9{O@d\ZASҸ@+3y[r=z3<qǙ+bFU\\\0*xĎ@ߏ{py2J/`~\ZU224cǤ(9?o<g$I:0H8Edߜ㷧cjfQdb*Ò\\3x`_?Ϧ\0NK\n+&l}4$ar;w#u(!Y9/`]j8QH9M=G	}.hYJ2;z\0}qۡ9pUoV핽@nCT\"9=)U%~uڇ)A<pݗ%F\"> Q8aLsHa1ӥ$,?Wj=tf\np<p0=N>Vap[T\"o\"%dn2#~8I9p)a\ZA\'?841p2@\0^JW*\0p|CR?C:0PXPH0TG$x}2E\\l%3\"O/(6;yO3c+\0F/HOqÿq:xS!u(}QkI	è*r 10:le1CY*Up#3!o0)G\0FHF%C^rWH&FP1I=NOoI3đS\0+L , \\w`q0;tLrM<GF(F#.?pT`\0]Z3H\ZL8Z5\nIq}=|1a\n)omF!\0_@2>HOf\0rǤIKĬ01<\rTftAAeyb\nđp<p;jX+%%pˆC`ѫI-Ӳ)^ORd^Y!Sɗ*H>\0t^y/\'aXRY`FiwBq#@@\r4H\0׆Ve8L2I>NrəPH\\D+n-_`xv@\0SSۂTqX0,~ b䷺➠}HIH\rM#FG=^\\01C!gOu\rc<6\")s2p뼤#.d0_:$jGr̽Gy\rFF/v$GOt]TOgCv<3N:wWD2\0p$IOK$N&(C\0c(QP\0950NObH5ʙ%*PhȈ#w>I*Gg.\03ëǨ)}PUs\r	UnŵFHQ&>3\0O2NzXB-^Orf@T҉ƃ	\"}1Px$O|zcpH)-\r?J`\0̬̊rzc\0\0ӊ>-d-\'_/*){L2@2?Ǧ]UrR\Z)l؎>8/1W\n|q=;hzO\Zhz#4IN4|I<Xq\"}R{{jճqΧ@~.?^\0@~p׍p{cs/,%_rHB>@N ka=D#I-\'F)Go9Ke\ns>FJaspgEg=+xQ<#5ik;*7s<=x/M\n~߇br`_| ;vo~:C\0I#GIduê)|9),=BԺ_=b\"v<H?ӌŖk0}@F~,70\n#(d1T\0NszeVs#l.L(kp՗9`^\ZgMV,\0{r2G<3z1Y`{vsB<8\ZCU<\'\Zo>\0~ygUC\'^9H!Ac>1ׇ\"`UoFf8@:z&b[kZ?l{z~T炎I-22>\'6=_ppN?LB(耩qo%b	\Z;{~ވ\Z\nGjP\0Úyj9$~t̉F\r22Z/f%LX}T+~),H11J0JSWYeVHӱ=4evZxª@`0\rYC1on~gE\'H#Ѹg\n\'pl~:4%x%\ZXu_>G\0ee$+LvrToDf#t+`{ϑ>ө˨x5\ZE!bn??˩%xWHyF8h\0̃ӶzgrkXjkP~jm8H8?uRr\0\ZHXȬ+J1	^RN}>!f\"H?(ن0[0OaSGǆr\'#?4FR)8>MÆF9uY$W!݈TaaE3fSBWɛɏv8pr\0z!hոb6Yo\0\0TF=sR?ZPdV~Z^_FF6^8A^C\n%7,\'v~8HXqa\"HyFF<>צֹbCG2*P]{y9Sۧ9=\'JфPJX\"0Fl۫	t(H8\0ʔPɁ9$u|>XYa~gaH<>s\n݁\'\0.sC\024UQ\0I,9\ZTe|aϏl^á9j0z$1p\n?3I*㙌M|!B3\Z`6C/>(9jlH?*ߑÅ٥qp_g\0~wS:J\\FǾ /ψtyQ\ZS)IeOߌcc:4TaHը~ÅG(=~_Ayy%f>8ϡ\\{cӹK-pʣ/H±+*YND~\\)\0L:9KJŅcp䪬A8{\0O~rˤQ?vR0;\0D9	3xS+$Q\n@<> ~6iV&HѧN\0RLg\0v\0}~몢:0V11xq$S23;v#@	9W0*!d\rKX~Kaa_?8xwMu\"GS5\0$?OSz\0zMKt2MXacџ\"p#x30Ltbg,\\y7`Kt I8b(?ě\'}[N;}\"Ń2/8dr}T\0tAAe?M#>c*Oc~\\B84*XW1e%E`B<H=ϖWMhpUxxyHkdϊv ;\0tq30upJpXo,9\0`\08\0>ZrH|^*eU\\ц0n:`|pڣT\ZG\ne\0=ѓHC\ZB$a8y\0oo\"HqøQԊD.>S|q#\\`vk@qE!\nħ\088\0>QZM\ZTy*Gy#-ϧccӷ@D鮥5cȄ(,X=2:=Aڱ)__щe.{z~N\0p*đ`7~=0sC僙È f/61(PTpG\0-A\rj@+R<#?MHQ^\rV!x?T.d¯`;Lq<X <p\"{H=՘\'v	ʈ7?X_\\\0|9H.`F=VG,{g\'MUpy3ئI`}qS8ӿ8C\0	ဉT`8~#=#\\ցL	\\`#F2IawkC3)\0	x&$X@jF)U=HӶ{?@)mJXTxF[c?O>Z<p:f`UI.E;gGA*t9ёL\'!@9}p{`!rspQe;g\0(eCw}G uS5sd`ꄂOJ#tW*\"a_U~ۢ.Uh:_l,`}D`鎹9W,NZgp\n;\0A$Y\Z~,i2\r#\'zI4Seҙxa*aB#=}z4*Ga.Ʈ)-w`ꠞc\'׷nQV9a\0cǸ{׷AO\n\nb%jxNoF\r\0뺱tdSX\n.{g!\0=9eW82UwOǗ}>8#=pRpn\'\ZGGمG>öM[U	R\"NG?^/?fw\0BΘ[/@ÿEOFV$)^I\0%pi$OLStK<A^\"c	LxIHz̍VN\ZxtMo!gYVl}B{ӿF3\nxqDgRXu9A˸?Q$zǪJ[⍀-O%Q]{y`\'\'\'8W,0E@/syUFWd b1;s8T0fxdb\\99P=:AFX)\"kc?s|˓P;}Gc+\ri ߆IUa?CFeb2F,#	$FFPbvo,	#\0i5#c\"fzU\Z$2x|\08\'sNhM1\0zms	Gy?\0Nq{a#Ip+1A}pr΅N2ŊqxjL\r(p1T3ı3&x/R-I\'v\nPF0 ؆1 dOӈI#ݮkb$)o\'1ʯqA\0li\\9nc\nI\\T5U|[~;P#_ \\Ŭq\0WW:4~)͕p\0bieYIZdK\Z\Zx`F<{ϯ~@8Vu@ƧvP=b\0>ǥićP<0fQ|A8\\vOԟR-`fx|TXs*e{-پz޶5\'P\Z\nFa]<Oz^l=PW*V2|i	h4kF>pO=zv\Z`鮨WZR6bp?f<Nӥ,b1+`s¿%)Y{~/=PEX땅N_52oq`NY .#R$DUt*H8\'>MJXGKSهo=	<:m9v	0ew`A=p+4tUr:1W) ~\0Qѡ|\nce%HȏԹ,$v9$yOOā\r.AOTGyLdwԐ5xb4#9x  N\08\06XHA\'#&$v#2.U$e1ֵ/\n{p4r/yl~E%	%EF%,siWލR T~}Lu:0q\Z4nGxlxXMC߉BS $Pi&@d(\',io@b\\z֘y&\n\nJ3=q\0;~^IfQ2dAa $<x*Aq$b	j]!SzIdi[2ep`~8:;jO!30?oloH([I) 	D!{ԎǧQ}<08:e5#I\\A2+ 9,H\0\0lgӄ<5M`ǌy^}p݃9U%G,E&d\r]qԀzqCF~aI#NF`}?N0~8T}k=RL= {Nf+C-jZƫ\'d1؁!3j{$P_Wa+\'$$\0?N*I\\,$EUn6(#AVr\\drwJW3ra&a+2YqI\\A#\ZJ?2F\03Qޒ\0ĜZ[<GQ*kO(V!>%|\n	>E<0[K&oƸF:4X7=ݳ?\\tU\ZJqM\"(\0PVS|tE4 SIԹIC{8*|sCjG;ΨeIqa a،v҂<,DZ9yb9>͔}N@ԀryA\\q0ӰU#	pzVv.Rfq!x`O:dē2i9S{}.Lc?*k4\"0W_xbُa2@~ɰH>X^*\ZId@W˹\0A*Fi3Zd,,̽\n<tN0p;ʴF_AVP`><xfVE3#è$9ad#YG4ą!8#W,uVaF|pT2(]F1\0\'ӿH^-KG9.jE\ZL?f>\'\0c~zMlpB	\np8}U!@N}}|I!\n`\"9B/#`U_99Q?0B޲n#=@*ɌN2F\0{x&J+$F@8cЎ=ͪZŰ{#p3H$~s|֚p`Ǒ<=vAǷT(1*HĕhdQҕ0\'ВkBp$Q1cq=*£2IGS_<X~Ԍ .gKjcrY?6ПFHHqM14\Z9Hg.زvPAX\Z:B3å#^de{cz.)LVW\rlw;W.䌸49\r.Pi=3F0~t9.PΠ7k9aVAGݓ~z!>+5HCk( |{tN@#Ȇ0\0(>_}\0HHR.	`;}G0J,cXRC6QCTT\"4uBM9?ON3zI\\1\"m2\n\n`?lᔟ׿nV[ad=C\0NըLthuS\nHFs\'@ Q(	{EG_R$dvXCkVRFYI>dK2+-iGREFHC-\nzc.&g\Z4^@cƼXî2XCEE\ZV\'e?n^S	#mG<a24dF$`s1txC)Q\'ǅk\neǌOy`ZOME5.i\0My.ge1t\"FS(|0r\n^BA\r#`=z4bI1\02:s[s9#鮸	Ï*1論E/PC3m:sYdpw\\;zw鶕l>I+1HGl~=H$=U.p[HS \nfUSwYڕ8pP(3 2s=+0$|\"dpFd9>,zcROalX7ׇ683),1q9\'_x2+Jpj{`\0.\nH	 ?ZO;tK<)Ѕ%Y2HϗF@:j86Ir@U?;}\0,tFR\0D`Vi$#?\'>PECWaAT\0H=F>6-Ct^j\n`޹#uχD4ɦrǆO%FUՏ>{HΘ}M<\"I$>=|};t1c5$O$cğ^2>4̭3.D\\\0$~2U:\0Up`TS;eLL0UY(\0-qyd~\0BfR M>t\n*#\0HLuœ:`\0<pa^,(ϯo>X\0<6\n$~p1脋ˆQ<\0VbQ[Џθ}f\r4/U!1 zzt\\Xע}µHYB<]>]p?qJFhsAY@߄d>䉅\nb0?@88g?4(\0y߷:1ti%I<#o#0ti_\r\0Y	d>^HIRF̈&fr	K|0\'\'!w\0M\r3&9`GrR*~	2y.\'Oױ\0>@lXC2Y#<JDg,߄0SZe/?A*D},Ĝ\0.?ǢRVW41US<Jcܶ\n>[	W\nx~zZ>pd`u0~G70U-%r_?P\'p09ᒌ2Q\\?AHe`4r$	\rW=MZFfdU0sbAzm#5&%>g߆@2`\'b	Fq*UxqEh\n}vjb?:bLRS\n3$X۷v#̪+o!煗O >q }2Gaۤ7@gk7֬_^ABJ\Z> *W% @B2t!#S%\ri0䧐 dzp;Q4HTA#`rq6*js5Qd` I\\\0\0ǙNkLni	|W`#|ap;H)#xߩdQ8ufhΑBUQ_\n=X0B# \09x(z~_р9a:44nUt`\0f2E!9 \"^HO.#\'^q#ԭ@{$!9\rIb}{zgryFzZ/e@PYJ6?zuipFu)ctØ%fO2зxܪwf$!ҘU#ɏqGd,:-1 NybHעK4OHb=0\0#^H4ķ\r=G*GـFӌ<G(\0㿐}?O\\#m<jb|9{pHŜcɏH$0ǤzI>8%!05\"C!\\2,>AX1 c{tFI+j ʙ1oC}<zt\nfzfNU#_|߮Gr>I:M#,\0`f\\)vU$~JL$oA@G\n8_p*ǈLTI%ZB\0:iB0͢I\0ʤ~<JF6ЃC,Gڠ{ozEit	IU0pF@:EuqQ\\ГQ5eU{}2{&<\0ýQ#I+F{9GwїsTm%rG9q1ǧN,s,8z%cBO!0sFO!Fݗ+%\0~pTAW9AXf+ǉ819s5U\0ϞXqC.20GtQF` XS̏8\\-*00=qdZ^jgaaAh9\'On޹ VNxBhdA$VOFjjGXGlLS\0Y8֊`NU^9qOONLfXCk|?]p>+z]5<fS<[0=/O1On+(e%:\Z9B@{@ A8,zjW\n%K4i+Wg`W?^AuW:bD.J\0x\0*x\n	w#9o\\O]DeҸqu$O\0s-!8;`P- 8\0Tҫ)cCg\089\Zye;2%GsߢP2@mԚPpQ<_1 :ʧ\Z|+\'tXG+^=puOFJRBXir{Cۦ߇!_\nHCFu?0\"\\S?cBrj(8aV7\\\0g9\\?r\\@S\n̴FUeɢYHA}N]+K\nR<;\'p2I l<1u?v08;c ~΋M,(\Z,(_!\\I.8pX&,;jтuf8 vt֧΄\\jI|i0C\\\",pǸkzͺ\r)xS{\np0I9Bӥ2Ti<R5˗,.`ʯ@3Or2| uSqP\0$Mk!Kvp?BFI\0oYET\r;+}(W8:JP\0)A,揄2 C=3zM	\0L\Z;Jȏ\"{c\0IRM>\"\nXK|S@;\0\01s34@SR\\x@\'?_Cz\"qi)NXp1(÷ sue@<+1w*\'}2r	\0N@U\Zʫ?aۥ7$I\r6;E@[+}/>	A/]\n|I?1=za~<I+%TR2`ѱyOU?~z0rҘA!i5IcN[~NI Mx_|oj\\T,A#sʸlbZSǗ5\'8`2@w9(qʘ3a4#J \0`No!É\Z炴-$;dP?ӡը\nĒ?V0=*1GqѐjS\n<WF	F~?עB\r		pV\0MXzEOPϏYj$}s=g^VhOfFSL\04d|}={9aP>PvJg9b\0\0cN<+ts+_ペU+ycF1՛F`N|مcNTC\0qxĐM!0l\\)@`~Gۦ=kAـ\nr<F[~^c!/`<F=~~ޓsu4%*yB\0`.!{öHFHNgP5qMnUQQl_ \0zM}f2\r\'x8ԢbI}p?G8VFԂW׮Y(xTy&UyW\'\0M\n!9$c<S}?hTN+1L\0QGsa\\O9M%0{ڼ=|fXD<x}Gv\\pbUћIo#$}>vU\0zS\0S\0?\\wA>&O@O݀1W`\n9l-s}j+gLxʄ*~2qc9`}ZNST@z~/<>\"OZW0`s{z˞EZGf2Τ(_/S>zu3lY2l*U?zUkvy`\nI?vouS92,dhSƸ!ass]iKA1\0.0OsOKB@B8`B#=\\	au$WӦP\\pB̑Z(9Vݻ?ӷAXzP5;Of88z<dP|p	,|q@E0Շ\Z~	=eUBCw]*aJTVJeU~3#<9j{0	P#$vǨ7354P焍\"pT\0&GЎޘ=/YN\\@:W݂~@QG8e:\Z9aoj\n/*r}csfLK\np̲Jų\0,p{F?wJdPA,<S\\l$9Uܷ\'9\0^Z4}Yl{a}O=G\\\0khJ#\ZCS5e\n)捏\\c\Ze&DMs\0n4; tVψpF~3j0P_Fx1Ŏ}T\0bk4?.GaĔt|H0?4x|ӡ\niz@L;[\'G{%*Jq^qJ oB=N3ҖP>G0\"IPXC,iZFXO@{`躊O8sQE]U>4\0*`߻+$1Ay_%\0ιpPSÞ\0VF@ef<=*hyG\\<,Ħ@p\nŇ\\{~qv僊FK7\0lZE̎8ud^\\N\Z\nEE+ܹo AwL(NguL\'u,RL\'\'OAӂN`CPFp#1)	x#PNǉ9Yu0Uy%;F̱\\!\\& ԀO鎉]\ZU9LJk_4@\\w\\9?c`\\2nUEx8&>LYH,>vî$R.~4Xp`qXҬ\0>!Tɉ>ta-xJ\0p	\0g}l	bkL	DٳjVW>d(J#]KiJ\Zx$:Z\rT^ONG!\'ΣH焄\rCͿBX)?\\\0NK5FY`Hdjg#bFv\0@SzaԕN;\Z1x\"*D6$R]\0$aONzi\rL>\"ą\0*2\nFEϐb<{aswQd\nCH`4?ՉHټ#Y\Z6#{~2\\18X¾×!b\'A!ϸ$=0#A֎們ܘ\0\0\0(cU<q%U#Ui.ZO8l2r=}:4fS|kρ|\0ǧO_iꁣcㄣ&eb|q#>_hBrsh+\Z0Np>~۾}:d%8eXc4`(BRI_NF߈,>\"\"pάq졈ztBxpyᥪ\nS`X9O$P,&5W?,6[~{w蕜e|1hd)Rv	8ջ㧴\'IhU)|c{q9ǩM\'#I\'I:1Q~k3&2DxG@t׉#\"\0%G1\Zi3 	<}}TgOF\n+Sʙ{꾼#s%FG{c3$1*(}-P4/EU<{a?S;}_NTგ-R*a	58h\0#ӿaz.\0aL\ZXiXFj@TS#//cB$パK=+g J} =g=1[X#WV)(O)B> T.3~<jNxCJc\rq$y}g8\0,j6ѵB޶0p<#s^I\riB\r1%CF8<aqށɯR&R$#م^-NF;~6ǁn5ɀaPO\n3鞝/\nf9ᅵ*ۀ3xx?L.=HQA\\5UǨ㇑STPI)?/l2Ԋp#IR<s)[싀3D#~љUF|q	#Yp|XDpQ\'\0vAGӬ3rㅅdWo%\'>GeBqSSen8 I=oгjHPB|p?x&#Čb)]\r><JA_m|>~\0>gqҔoIa?s9?_C:(Xs<H1U1zB|OnOSQۉt\n)(^kd>=)UHKzfFXwQDR*;	r\Za؄JYzJꠀӮף߀(\0?n5~Ehǐ\"c{zUjHݎx\Zb12!w\0tj|>+ae\0\'A>ӄ@< d\'nzbhp14\n=`\n(^x\"y(u˙\n]\0;g+\'\n_J y\0vzzC5\njR/	\r.$}q= ΘUN0uQIol*h0L@Cw\n{q?à9̒`Fn~,`6R>>v9>\nC$	SlEPX%W#>Z&\0íQrX( =}}Oz3J\'J%aTK*azasqMpqgZIҷ\0|2Oz&C\rUUX?W<OV aod\0I`\Z}Ā3OFye	x䟸p	\0DW{$]W,#A\'eU\0.K=Fs>~XpЖPdzddz0*<ϯ}{uծxk[sǊ}lٜޙs&\ZHp9ArbǾ\0:L_`8	\0vOKpA9\0~ސEqBWk v㮨\'UE=4uʎ~\0zu厝8$A!Pƽ?ÐӮgg0vB8n;g0GA{!U\00\\ >\0zAR|JsʘYTc>iHRtZ-b\0`}\Z֣&&\'$\Zs$\r2t>Z>|<?`R0\n>vJyT][Ҽ&џ/B~}ᖑ#8N4G]Gp>=ϧnm!2NW-8@js$CI\0}\0}:Gd^#Θ#\r1?Ü:`eʮ4/?oa#?w\rv1\"\"zp\'\0~ΊYY\0NmZ_OO*x8i+1P;0o:WrGGBX+ye|1? AFu|i@QO/skrҰO<x0%No={4B?Xd G5}?݁Zυ_Nro^%G8C-rZ;d/v0pJ\0>  ,/I!)炤+(;,Js2(Z2<F{0\0_\' ۡ`EDhj}\'<Bc>H\0><+p \\ZL}ޒ4VҾ~+s|#z@pnP\"F?fV\'A=tz=Xha?f0agモ\nz:B\\s48xZ^v52F;퓒FrǸeC\n\0)aSU>0<Cv@N@]bI*ED`TYxG׮\rʙ7(\r \'\"<|{gAWl}\'	æfӎц0;?}34q=<\0P?cj߉:z(>\'%U@Ƹ.\0=vG#\n(w4QJr,a%NW^ȼ#B$Xɑ،) (#ԃZ@p3Q4A!%yw$d=ZBӫ\r\0>Q\'\"~kÎV\nPO&烌	\\cВpၴ9`aN1\'g#*QIXϗnı_aH?oE?g_نUb<ȅO \0KRٜh$G5jGrq>עW(@\ZFr_)QdbC2\0W\\v虏#<21`EʣhIH*w50N\n^j<0wBW8S\"&_Cz=#@n:)R}d4J?l`\0OFDYr.xYQ\009#\r_()SL\'\rFxPJM9#-Uc	^5@9w3$Cy:G*l\0X}1Ot関i7F@t\n\"	rnN\Z-I\nXP;*L|\n8\"G\0yaZ(3x?wA)jf~\"1*?Rg=DwAL`iSLaXK!>^=Oao^\\\'Iù!\'%p0 wC,<ńu5RpYT3BS߮-L!Ȫ) a\nw<9bBB\Z\0\Z]OU%Xw!GJ3TeᄚHXxo@;oL_קa\0FH4Nn~(O_>\\d\\yaO3Ă֔V~>?S۷{t\"0JT%q,aebe=0{zt$`rug\0?\rlP$@;X\'tS\04C\rHRkplH?ߧLB$e[*Glw\'?lt}nu4u))O\\ݳ ~·	ScJ~?tꧻ}z;ά A(U\0;j\0a~^N|Zc\0d3q\nJ>oP{v=7$\',(Z\Za7P0J7?7ONFP!U:#w9\r֙\"рNIagM$	фTG>璷s_lRxqc,\0\'DMN4Ƶ*dV)NJʪH~DQCGIYAxV~>\0gAi\r(3 0# FzX9D)זx[bcx``oB႕IJ.yaS]]\\}2\0чcJ֞#hJ> `p÷R `=\"©\\hpGwʖ,\0\\Ӑٚf\rc8aE0T(/\\,KI\\*h\nX8aؐ?Ň64ۄZW1Q\ru \0*N0/N?\Zr^^2V<+޸	\Z##DԒN8U=|?g>b*s*t\08\"F³?P{?Ǣ,PR\nl8pXM\'#mEA#\\.c\0y\'?t8]%iΘ^4+#d7OrI#ժ\rUtc<.@9`|A$\0.㞜34KTW!P;۰U\0㦋F%F+Z`=Ȍ nsܟ赱zR*Qke=b3gՀ5\Zs7AKSۃ{8*~fpESkWQHa8};w*=zVu+\0jx<sH-|3a7QNxG,\0aѫJ\n0Jpǖ%ω>%#;Fq鎇1լ|]<q@0{v*pIG0\ZeV,8ߤ#ZpOaʨ$8#I1G \nՇ$GIQt5¸]}IN#rD49c@)lT?i$lg\0vTa\"0\\X9|ac\'{t><0 190?2֣!V%F/\"(`qwǨOu\\T׆ ,ZDB6K)s#p43JD\'*	2i|а.|F\n$]T#UX w\0.&xvCHH\018GFnJǖ\0;62{~r:SM**()ǈ1׿C(cCIÁ<|ӷ]*L5߄__Qz(2\":H/G%K`0$iz!\n8)\"<r0N?\\kJמXgu/s(&@P^\03FPpy\0ѱ%(g~YΔ9dx֟0XR,1\n0}?bl#F-!=XEY88U1B\rX͢c1x{tACI5d}s׮%ĈC}#&Bcdd$c9r52yUoqYd~*{/v4)_^Uجa8\0ϯN\0W#B\",9XHDHB BpPr%-.p#NX>E)|þz r(y~i!IS݅V5\n@,{3W<HV@փG#|~iI*+}Nd`ۦKԜJNPjpI*4;x`FF	g#YQG\Z>^GUSB#\\fRPb\ZcMb/HqGp :S5))B|px]Y9 v,ROaI \0\nUxX~0*{l13ӮP,JPK݄Ҥ?JfQiz<pd%bWp̮>%剱:LOkaG\'\0OzYQr\0z]1v? \'@(xXW2ۖ??o>?SӁTbx$:+JOi\n|\0z9}s-H4y^3+\"\n}lx|\\Nx 8Aie\r+`\0g 2:&<GKdW\"+ß¤0$A脃2xr~z*+Rþ0?פc=abEsQf2 Ǳҥ8vmUO\rI F #9:&$f0P\0,\Z!5ddTx`C	>=@\0ϊ_l?o~0M\n	x&h\0}OoۃGD*\0\'?-o5YH2Lmc=C$X]4eaI~nY[pI+yOϥIaQB[*yᇰRF=@?br$?+{*7v`F\0\';?W1Heq+8fP0+T;ddJ]j\r>6F sIf9IU?XQ=bʢVQ~~ހ$)]%[<la\n$Ni^091*<\Z0K4xas\0=spJ\"\'WWV)c[n\0sϨ8ϠX|ώ\ZX@ΙA>\ZN81RI\0y{1 pA\\xPAa$\ZuV1J~%\"E <Gr1ђk@02s]^{nf#oJxBO\0\ZaE>\"u8=,bCPWc`>#.\0vOE,5F\0wvNq2RH`2o98#{g*ơe@Ԁ222~{\0Ұ+\ri`,Oz{}\\\ZN\n:+\"+>h1\'\'>)\0{ӤbS#GpcjO 8g\Z:$Xb\\#=\r0Vq R9,(b(\0;uզgiF8ԏ\0F\rF#I)} 8e5gg럻F==zrr4B)}\r$\0$\0`XmN.05H!\0\Z5IpH{?^PUMϖ6_P?H@̀(NAP5TVUN~Tq\\KҔ$QFUwVȺ{H+E5(p`aIpX#88˖DxdTZ)\\#}vU	_ӦXq_ǧ\n$GvCXK:PadMHQv,A92\0zZ֔\'B\\ʙd0\n0PuWn^^?2Kf}\\]鐨Jچ|p7A3dp0OHjOd<r᫲GC\0\0;{\0\n:*W\0\\,\0<0HQVac0l|}Gtzf83FUz	S%x?O?=.BpM4q\0\Z6sc.$8?N2ѩ\Z0\r3}nIF{d̇Dr\'\ZS\Z\nxaH)DoEP͞`3:S\'優~%0dtx0{(QI\\Zę$\ZG3@<@F2{,kC2fxo%*w\0ץ\0E,:A+VpիI!+F@\0c?FAϞ\Z\n\0k\"		$	xl\'*ҸLf<|0Z|<Kq g\ZJ#%%L~9w_Tn\Z<8%|<GR\0|rL]O,@@ĒpI#~uR2&G\n\'p|{tfU0ɉIOۇQ<[ŀ>z{߯F%\0\nDlz>z㦵x,Z$׸f\'lӸDު8ЁRJά!9\'#DXIeR@.kOsF;:NTHCJy#V\n{so~Cc?*eOpӰ=IuL lkT!\0{`IӤĻ8d\0~l2؀;gf\'tB\0>yf,L@k>O\nIYP#ǹnF;t\'!zGäV\n_\0.N\rr3Ў\0{w\nas&\\=3^.OˑơƠ	\\޸N?ä>8m_H(xC`,ԜC=h\0\\j8FWP\0=IP,nk$ԩ>c\\3JŨH8-ilzvۿq뉧WQ~.Ը@y䌌Gl{uW*Zx3T@?ܨ}OI?,#E:+WGt@9C}?N	$8Q/׀jgcP|\'q:MF#\ndF4φZ!\nA>M僐\0|?w~\r1%\":\ZT*bJo?;t8bH2H(0vvprN;u$ZFc`\0\0e\0gˌ:zB!̒p¦b)?`b<#$\0:U5ЪP5Opd\"IxВ	л\n ME|_o.oѼsP0G].Eb\ZX2֋\0\\0>_g`0Pq\Z# dc\r1꠫q8T`fŕxQc\Z<e_*1s߹\0ۤ,W/g\n%xg	(X~=r<poע55i@2O\\J}=\0*2;:l!$t?JSXb7GÖYraŌ¡\0jd z;~49Tώ1\nq`=8d\nN_=o%X&B\0?רa#t@5>^U+H$;}=GMxuTCj+U8휞O\\zt·z5R}&N0s۩Zq]FpcSUI##{T?)\0<!Ldxy|O׶\';S4ǖ{!}gClcL\Zu!\\L>8e@(pD#\n{}uFq䀑7z~5$d\Zx`g?9Q?NI\'2>	Z\n?\0@$?:\"j0)2>	1NrO=;K_K/,\0?O\ZS5՗ǎouq\rQ\nor\'>&v$sx\n~}v9`^)CTVE!ln\0t>!XJH~>H=IN%j}$\0Ъ1Io~:mĜ,>\0b_!9#9>hMpRr #SߤFUt]bP~Pxذ\ZR6A\0gMx>9e=	ǋ@$: &D1_5#ȩ`{X0\rꮓ{};y~kzq} `\0_!9q)jM0ޓ8Q R>_ߠI\Za*qSQT58>]W	VH\0su˽?7p_I,p}~}pNRy\0QN@/\\\0>eDS`2Ol~\0u+RKJ|0+T6<wd߶@Љ\09T`Vʴ-ZG\0:S)=DN\0V=VL)?Ŝz5X4dοjT)s咧\'|Rv8NRǇݏ}x\Z>NH\0.)$ԥH9++x8N;lř;9#Ad_a9XU\n\0FŃ焅6)\ZWO!4>$:1?\\+:<ko3R{yΜ5x\n$Yoq0	SC-s{\08?~QhrUǐ;}:RN#c\r qy`MIV?Qܮ?=+-_v\Z<hT۸:XTᠫ]TK`ؑc댴:XRyBU#}{\0N) \Z1L_u>@=1:T!MOt\rkZ@>X?Or;tA6h ?f\ZI\Z_HG9;8+_C*ʡO\n`XC#	Qϐ>\0 ?ϥsjH\r\02!Va}sXW0$7\n~jdr\"vb){K\nチ=/J$0JS:2	\0Sw5Q91!LFr0Dߴd?\0#>aՁnY5]Ti#C!ݓ8RqޤbE-s׎#;d)b8oO_=:,F!k9/\02;|N1L)O?+A*b	+3\0#I88HԦb\08\nq d\"8,K\\8pE*lH\0z~tG,$W\rE2j;u@1\nJO_`o]#gz)uCC9x9[)Os6b$s;tx^\'pV3r?L+]7\r*#)^|}XV\nS>{.GZTjfHvr$?q2]3PPpsI\0!i~#3 #*h9@>N27OGӊ%|8y\Z(lrf??|$SV`r^JQ+gT9Ӱ9aZS8,D#eXǠbʤ~jզÅQKNf\Z`xFl>sӀ8`-}@#*0AD-`F{HPYL\nY\0ICByݑ~}ۦM(\\IfzIN~!8$#J1LRdFMfـFA`?<GR*\08H1*<GdvrrOԨ2$~<GM\0#vnhT\'z8=>@*HxAO[eB)ϐazh!\'/6x\"ܥ@\\#鞻, jFf\Z\"	*1gJ*ӗ*Pa*Y=Bgd`5aL2K@ D@8*OV݉uCo5,KTԾݾc?wϧNqg,QyVbc؃Ж T`HNDчP=|F@89?Mʮ@IVO\01yo p>kSLUL@\0\nߊpvgsoFSX+N|8eG߸)v<0c#pYW\nT9?oAuP*pHҁFxZ5b?NTz@i@\n=3pBPUX1&dWӇ&Xx4[>\':Z厍;`8?O]I#0\rq0@\0jҜ>NdE\0ROt4u\0x`휯~~\ZjqCBQ@VU\n	q	\0<\rUE|8^Tp>}NF:n\0abϗxG>,{r~=05+s©_V?\"GnHb~}ä\Z\"\'NفX\Z5 ׷pz2btxpA\rAҵp?˨$0riB1Eu_ܐ|QH#\n}0::4\'Vf\'+\n\"*Gز\'\'tPҼ4K3Hey/6|[9,b`1ߦZЎp\"5\rU#| o(^ieh.0Ij1~ߥIl#̡F2<ӹ.f9<9Gc\0a\0U`<3$=z\0?ZEaE92\"4+rI\0\\\0wt!pWP,XA>|q`3eb`eA71f\\ŀ=\0JPG3+`^߿#+V\nF9?ETDޓp3u\0,*Ǆ	̜Q\ZZ0w4ˆ\rbESX!.QclWyw8/!jG8bOIZ\n~:XOfCM15Q\\<s߮?NW a+Izz5	]$Ujrñ`\0}:.jᅽA}O󜞆I4Ù˒HI.Kl]GmRň4BN׹kL`\n\\Fzϩ\\>5\r82|pcp}{Pi<p}3QAǖ*A#};2\ZTp\nDRLg<9Å\0H~sЙ\Z\ZdIGO;oNiZ8-@+⨪I=zMl|0QTeSLx,s=\0=.Z	S^6tF>^l=z\rMyX1+\0[=Q*\ncڀ<\01q#Kէ\Za`!	l\0W?_Oz\"IGVp2*=A鏯Hd$R\Z,@|\rOG\0.,.zϞ,^_##0Ao2aiIj{0B/v=:(0]1\rU:c,0v^{ќ\r5E0I	x,#@`y؜ؑҤS Q?/W^p;\0VA5\"j92818N<pE	p|q\0\0\rp:Zc\\)\\\"QLs\"|9S\0zGz\rarÇ\r0GJaۿӢH,\0\Za=>h;~\0q80.+`v9#,sS80{N{v$\03A58 !c[*ǧ1=)iN-T\Z*aV̦|ܭ?=vUÕHcӆ??39߸pϖ!W.c9aO,9 bڈl\rRF;{}2GD8ז\"s\"2lg2GINXLk\0Pw9w=bEX/ۄc\n2-}K*q&\0:I>?^MK@Y\nq9?N5ˎh9^&>QøǦN;BlC≒߰\0zp0m*XIǝ1=\0q7(EF]C@>1\',@E(c.~/S2FO@*\rA\0\nO:a0}߱ώ\n4pB,#<ja+9Fi?A8s؟o^OL=}NFhty@\'h;O6!A?OfrA }\'{u\'50\"*\n5ua\rc9qԁ\',4ղ\0d@@o sC$eHÄ>ʢ䋲\0|{\0)<2Vw\0 6GpA9\0g(\05b0/v\nE(	.IyP{u\Z-2¼GُGRRZ?3C7qL};`<T焎($\Z燱Uj,B3ıQ(+ː>+8#	rq={vt2+L4~CyzD\0pFc8_S\0\\&\"	h\00ҙb:]{ǖPFө	:GE5zJ#a6lzx$ˈF!<q5_\Z۴eF?= 1\"I->8!\ZeCo\")}68<i<\0U;*7\',?fȥZ5QCg_^8fRCD3\'~U-<|f: ZCZ\n3?mfMt^GxrO|O\npKm!/ïfD|ِ)\0g9u\"՞&EmQ\ZS!8;A4<@x䁀p?Ð1hf\Zȥ9?m=	>ǡ>Qh<b|0ʺ>\r$\"_ĒԖYb30L/fXBYV\nBh8t*GZd\0 =ƌ<!S?^5qV=\"z9Ey%Tz͒{ 3L\Z ńq >\'õ}|cЁ<Rn\r!O)k	\Z *@!by`V\"F1)Sv\0d?G)8Y E(<0g0%O9i3\0<ztf׵$EX끂21ضGR5V@R \"͜9R11ERO父*( g	n	Þ\ZI\r\rZpώ=+DFKv(Lq6uw\ni\0Cgץ#9aK	/1\0?^jc\"\0,9=ʁ-H˖I%Z:s\nbd_ٱg\0# פï3G	c>\'cacӒ6)_CWGGvac?\\wD\ZJ\ZSҮ{75-ت*OKvXص\r=Y{NA\02=8KP31Pp*HOEz\Z׀0jX<}>.	q<2b4~\nX@#z^<0taiO\04+=Oz	\0$a1\0\rGA\\\\,cCP=\\6qb򐢪 OU*pUT\\)e`@#B4\0KXTӞ\Zż|Cqf\0\\(f-c|`\n3Gù&C\Z.<+Ȳa8{tZ/\rI=&}q	bp0Gݲ=uɘ>ı|s\0|_>!Hǩ\0oס.\0ƕ,\Zb&\'ջy\0~	y\"\\*|WN	?^	g\"4Ҧx-)9\0~SDɪXcD\r5:\"\\f\0ބcۦYbGIEQZf9?1?љVPpÄ@,pz\0p;v!N)-RIHGc;tFAF њi0THD>ر\'\'~2;\Z-Ә_n?}`)G\'xHUa\\	쌂XWqW+BNnx\n}`$<yrp\\goԀ{W[15Y۱鞏!X%IΠ!@{F|pI)a#{OӰ:A >8i+Ҹ]F@~= P3ǅvbY_#q\0:^sA%z<.pþ;އ\0zWbiN#:xaCo\0v禵ʸpPX┐\0,>z-~k@ӕ0f?~;zNr7Ҧb%ÒIzBr8hA\'EvH؃ j5EԈ1傊ð\0la脴:p=TM>TD,	=>%\n5!b]}ݿB> /8SFxad*N2C3scX\"+F9WHb	\nķ?ϯn|n#\'Opp0Gz9bA8rHڹ	Y{&;?޽r^\'\0lr>q#L&L2Í8ˆ\0N1v{\01\054%ZѯeA?Q,߯Jd\'	QC4)af;тZd0<ѱ:oU\rF\nBioT `5<@Jּ0UwyZTQ俯_^\0	`,dGĖǑzu\n`i\\Q\0{Hg-pY+VV|^3҆4ᶏYq\0?פ.yA0Y[3\0.?ޔ;)#CAn\0cE>8G񋢨$}:>\rM0ރ\"PaukK}O};tQ\0AZ=@c\'+\'9=ï	(KE!s<H:5a2\rR1a%lԏS:Xa(zy09!R\0龨#XFY4\'oezT~k5Мr#\nss뎹/MA:HܗnNG\0}\0I\0\nCa9j8o[?#ӥWit`CTNP0=;vz p#*\r0+M.\0\0}=:.8UGJѸE弉:g\'Q9\n2s߾;~w:<o`Mg:Nn5\rtt$#qdz\0KaWN&\n\'\"\r۸펜e1jC7G	z)-Bs?\"\0Uk}HϧD\0h\0#5E`O\0㑞Hx\Z50V#p\0脋L4bkwYz\0	NP>TN@:p&<6s9}>q|\r`hR?:~!	)LE<?q\'s}p\"xFpc$R	v\\ĩBN3da܌}=;9҆<DGB}p1哞q.`Z%XCe䃏Æ\r\'S\0k}2+/;w}su@5kdӤiX@A1r#o\')~6zk_,HYpҌ9T7o!;\0פxc8u>>C1Nf@{.?QāFxB=\\k4l/\\Oo:Wժ\\1;wǈ?Lcӡzye9˹=p;{c8mC\r͇c\nOQ;ߥ\0k\n\'\rxj#XT^QzA\rCۃU\\>麝t\nPX\07n\'хωo*( :BGH$x4@)\\NFx;8?S?oozK\0NGVlVBIP͌w2GRHT2f-nKT儚<WArGJ\\VFr1[NLvF2415	<%9>n~0K}{\0=:t@譜ћxvJ\00H! ?CҸV\0T>\0qHQU9鎀ϥI5GHiq_T(l0cWPW+Q@<($\0?*װG龶u#\n:~4+z{D&pC/|l8l\'p\0 [vj9\'P?<^Ȭ[1qKG#o̀OߧSUd+	۰Di\"\0@^}9!	m Vc\\r8b\\|@=;׷l~΢s\ZȤl\n\ZDav<<zo脥N@\r7iAF6vox`b/UGМ^kWH\0jEE\0)O\0A?_BtGS\'I?wqH0;vr&x%<Mp_?&d)\01ǯgz2\',6g\'sPO0es=H֪sq#EkaH-ٔ`38q\"eǢG5#oXg?APa#/ѓՆv\nT=XYiq\niS#0H	G:pZ3@p\\{`z\rBYOUpu\"G9$\0;:BO<_8h9c$цJf3<t㨁,MTb\0%B|g\'=z##g3-%~xx}B_d0& 8U+΁@rY zgO=:Mjp!L`i4|y$ v2HêXɰb?~ s\'K8_<f 9x\05#(dRI\\xu2i#HH_ׅc\"dPy\0=\0njX#H(ZMZ{pdL?&U2|\0l.*5l.| \rkJ{>j]oR0Tiu>.M$Y\rxaoaOp\0o`3A\\0m:1/_&n=pgLӎv5q9,!d;H9A\n}XP\rB.x28?c>(΃3;X+wGӿnĞLǀ<F3F\nEq2\0~=s\0H+ɰր Ȑ8|g\0voz9?_V(H=!tN5.rRX?O?\\$CoZ\0N 3}p\09lkAxÞNgGg}q`vwRcÒ(0w8_?R8\nSS§Z@H vwZb݀\0ivÚ(U\0[9>`\0%0ю5Fvky\0Tv|X\0iQ\'`|R~Rr!*1\'bO}I}:B\Z\0,axabS9uƕlpqJF\r!*FpW#N@a:qը49{|0}YN1~X\n65aIzPŉ,*+aO9?O8\0>\n⢇\n-`Xc\'CaՊXs3?ÒOKgKS!\\8X^\'3=M\Zp*r5|Q2~}3	Tdզ728!dNTy{}Ċ3ZGpC5H,#+z1|\nP4燆	uT\r{wHCP:Vf-\0wAنwm|<1Ob;`p\\Wj0{gzzN\nهYYH`C҉.ώH|>\'DG9p+V2v$du0\r:p¦{|?Up;50(j1	׶0>9u¢\" \\P[8=zB3p	\'иLDm|W \0~Qdةg$}qNJ<0+OAo?@zzw:,7,di++d?zU ԕeG8+U@rlǯߧcqA,q#D=I\\QG\nQ褮lz;:d09($gg\n!8-c#8Ҙl;W.82@,qj+\no9(9>ޕ^)θ;W\'Lx|cuJeDu#_g4>a}s^LُIψ<<Ql\0J5E烥@~<Iҵ80Cðǧ׿ݺ8(\0O19ϦH)u8aTڱeGcS1=s,i4>(}\0qc\02Gp4Tc+;`2;tοPЧFUs1	 vP͆6v,pXydM<p3GDA9#0:3k058U+Ta_@n84ou*8=lgA883щ\Ze6x={a錟F0>k){1szFMi\\xb#?aE?\\\'=OkLF\Z\'e\0g=Cץ9S\nz*a\'?׮f4+\\@ݱ\08CC\n`?xq㕄c7\0Q1O={Y9e]	_䬮J$`0l\0{Σ^X	xপE|^p3סxa\Z4uT8=Y(i67,yEeeЁ9rXzD]5qh|7\'{~ʞ$LǞG*=0z§/>cŀ-5\nǚVbDT?oHCEH.FdL\'עAAQ\Z1\nBoO:t:Bs\'5OE\\C?鞑e4ι	h0 &n菊МM4&jğ0;`d~kF0:mY\0s1g\\tJ}$+D֢y`:OQIKLƤ@=FӣyKU1ژԕ<qg?CqaLZƣÆ\r0E	Ǘqs=0u3\"i&}A~R& 4${zF}@\na&\\HzR#\\`\'8 _2}\0.C9a\0Jz߃A\nS+Z P0wwBs?Y3`!S\"O\0}Ԝ+;1OEPU,prH\00A;硩$T9w\0}{\\4W,J$Ðp_&=T}װ\0ϣ\Zep<NGs=oN9aDpG݆*H|>GO\ZrǨO#ުh\0!\'81dya9?a_$W$x@#:|Mpbk@\ri\"ip]М&I L\0,S_\\5$wtǆ?l\\*SY9u#9ʃ=@q\\?wtֵָ5_x !~\r	a=:&ɑcx/H}t\"#qF0qd߇OaSYᄒ	xɏ1diӭG\"AOfuZ3,N\0dwNSJyaNN xӎT-IZxaB<!ӣIRE5%!{I\0:斄*p۞vj\rXF>!#\'bA >\" ?~Hѓ2I\'`Wi5$bY%H_Fa?\\H炷Y#,GLl|P>#ۥψ,g\n_ZRċCsDUrJ\00MXӏ\0*Xȧxd!_ .is00Ȝ)> ܞ:\np\Z9(|B[ʁgsҴ\Z|8pqA`Lv؟\\tAP`0`8t*ƨL;w:cD8pD\'!X\0 s=t%cF\"Vd\\;cN,5524ÑU@=g$}@Xiޜ*xFt2KvR>	M+\nNt!|;ctҒq!\0O߃&Us12q89t+zG9?jU`ydq\\R:@QHAc=4\rZñ=BS<y*)`rɏo#2z#)XKRN*8\n{\0<zt$Ax}UQ@>C	\ZUP	B\\X}A{`BOQhpEj*兢?i@;cv\Z\ZǦ(hY\0Tzg\'פZdeZ6`X9\nd-E%B4#PVT+v\0>8UHT(j1\'wzUjTY#ae0Pͅ$2=O3\0>j\0,]TЀGJYq˦X?\05cd3>\0t\"MF$3QPO{\013\"+XH]2±@0{/\'>2t S\0IR0s\\ˮi)b:ۦ~*k8 cǷ=t@O:~$q~!E!GlGs߶}=p3xaDy\n{$0UJ$w(uFVÕ,=3\n@hIb\nA@ ^CǙQ+T,AFG<d^œ $\0\\U}D,C]`lSF?Lt05c4_P#~ŰO*D$Ԓ?N3#HTU!@ğ$::E@}:ȡAr?n;uUpzi<pDK$=	=:IA\Za@Vpj(8AǠ̜6u\0&pARFF}djF1{\n0>L2\0脂\\_v[#pA1A~3``\0!\\	Ī\0s~wS<`419\"\0!҉hk<A	WqIo\\)Z#*3kȫ&rWA}:oSxczE	0YF\n_S霞65\'*30Ϗ~z<*2PCs8gA#(ǒ=ItFASC@(=j$i5$zB@pY#ء#9V_#1jWs22<Ǒ?\'82G۷\\\\H+\\ǵUVOt8\"E}#RH \09v+LpAJ\">G?E\0\0F>ӷA\\FG`#>]:E<p%TDҩ#:jpT\"Ā]NOp<F3іVx	j8T\rc={\'\'i	]G\Z.\n`9#ӝ@dгO@akaMqԦ\\p̀]s\0cF\0(p%k2ǹ׶0bD-i\0R/s8=¨a]B`H\'v`GӷCCL%322<p}Ӡ.9LuL.\n1ݏN3\rV/yc94\r2ϡ]}d!fPW\01G?^.pF0\0ӷ?NwSC\\0o팜@?yCx3Oe0@C`v9^ރ\\dkac\\\0Ӿ}s=,ٵ+\0^CH@F=?yǩ8Fґ0V˂v>\\t+&dQLq2X+\0;g0V21愳wC6[;Xk^)`~_:\n)(q=%CpP8\\\'.s??ώE8R }Gz<r4 +4L}vgTQd,|7B8tOxeU_$oq(!XGS-\nc*;(?Pyv~TTgZd,\r@apщ{ `%ޣz@wF=3#\n(ϐ=N3^Q\"h<q\0?LtxC<F,W#`c@xh38T^9$y2d=]v@8y%4儍R=cӡ,kJU5rN19z`pEV`1%7aӽ@8Ҏ@Ya/q&U@O`F=>!O\"6Y8Pnd@\'p08|TZ@9`S#\0G?\"0	B\0l`8r@:-a\nJV#z}A$ݜutt<\0RG۠\\ \r\0)<8X=p	,@zG=$ナ,C?^ԐJdq R*NcǆʀeDGp#}z5b¦1ae|\nOv}p=GU4z!F,CV8ӿ]e$<0Oj?BŰP\0P볮JВF^4z/uUU>>S#m!j\0`0\',`z÷oNI+2ȪlIce٠<G~AXo_`Mx$!W,j>~$g⧹GEjxPh!10YYޙ\"LX\r|{`aCd=d2HICtg\rl\0=HER\rViلD`pA$ ߿4us҂cj#]X`ă;H.eˎ	Y9o3OddϮzW sl.O,V\0_(O]@!=<0dCʤ-{v;U	a\"ɠ,T`qۿquqW%@9\\l|OnǷH)\\;RG%5\nn*K}Jzp跬\'TXk#f0[\0_#;$5%F=\Zau@*	vS>c>Xr}v$\Z:	Xe +߰NTz箫p.c,CP#Ne#dN닖4¤Old}ޣ>ӡ\0*s$`Mx+^\\Hg:@Hᆨy1ћ	q\'EaTٞG]L`!񓜖힐|s¢<\n-2aq	=Oo#cפ?\Z£{ȹA= P/IkC\\b܏t\ZsT?n3E{`~5szO/BT3:Yケ`xhقd-#z<|z~^>8Y+9\0A0E\n+\n\r*!{6Tx~Jex4^>}ʁЎL#:9Xg8gi]G!͵dRݲJ|FOnpV9j,9ǣ䜶^\0LOG$+UfL~:^\ZF%P݅?	J\0{.}{JgFXs]9-8bX+P2Oȍ5xO,+Ѓ};0:0}5aQ#=:oX#H5WIǆ+\0A?<s/E1FU8R8Gs;i5ZvdXR:Xw\n{g\\rqF`WՖ+`煽q$993:\0ĒpF6\0\0\"`e\0\0UNp1^xY*}!<w#?\0\'l\0r22{A=%)S?<q\"&?b0	b?nzjrC|`F1OD_U0&yvϮ?ǰ躧ȦN+F\"V둜bNN>Y\0\0fBE(0fS\n*p==\0m&+_FkO $v:FpƦE]}zg\',qZqN?RzJXgLr(Ag<!F}1Mea\0	FH?@01ZJT\r#bd䤎Ico׿IPF\n^ڐd ##\0%},[gCC_$\0\";u<p9cLv}?%rtΧa@ņteg<q@*3«TwLs? B3Eu\nq\Z9oH}ϥ,H-s\Z#fr@>p`j, @\0񹐮B8\\ۥ@ujpXAY9KsΙfp+?,\'-P;f~W\'*)^ (	8G =?щjd|M=BܨwlS:հ\0ß߅*_&A#9rvgk_*stuW\n*>$ףYH_!|dxH}@*ˁkQ)S\\\0OT\'?$^Zi\\,}IX0s.r?<h̺傊\' dx;vKHkL\0fp{w\\\Zx%JN<*ǂz1Np#vxz0[?iX8AZ\0c=OG~J&ae8Q\\$cR02H=0Gp:Z$gEf\n	?gAF9grA2\0 ׷]ـBXE\nr{z~ `ΣX0Hd\0};t_OA29\nE:PM2\ZR>2q,1FN2\'u*+\\a$Gs:3_	B\0޿__AӚ59P	0XxycF.GfIF5vb	U8Oz`^Oqdo%	b	f$p;~qۧE2RIUJ7*~@H׿Hq4¨*j\nk80\0uفi4Rfl9\0$Be5¬N0?^\'\'iX\ZI^8[\nV_М2ס& Qr]N>`3둌:Oʃp2r\0L1tD3CX[HG<u	,aB`\0ÖQ4#!*j@ =nMA =\\pH\' gs-s|֦\"z2;B)0N\'>X}:sX\"#c\'\0pO:=@ʌ@ͰA_ @q{Йc#hNFq\0ўXycfۄʁsOC\\\0S`fo/N,p:Zsdpu3Q@\0щd_O߿n4f`oZYw\00}zd	ý!XP\0;>gО\0\\ӏn!IU?0Sc\'0I8=O5\nd8w8҉2l:|\\01-/\\	)4CUdOc~ ([^d@?R?^(*I+_LxRvψP	8tpUr=%rqޮ@q߮)5`05~cHπ>.	Fr2;.3Gi㣈ᕘIc?TTj\Z\"HА@1s9<`Խ}D/p*HنI?oNZUxIRAS9	_xq5Z09X\'t0\\|N[\0$x\0G\0@~FPΫ \n\n>2Oܸ#Q9$\"+@f=#dBXxAFpq`Fω㗘HH\\ar}x?O,VdJ@RHb}ᒃ^$>*x<e?V\\/n:FHE&coȟOU&)^Q\\\"TN݀?wnʼ,+$?JajR!ݎ|F2=5$WO01rª<Ypg?pGt9 2\Z=5cmJI\ngH32(Ε0BέjzQ~\rELB0?~)WM+zQw0s3$:XE+JxHg?VѡRt\\\0F%Ag\\ &`#,{}{wz&FF>4_kRJ=0;-s`q\Z[pôL|W,Nl:ka0n=Kf 1Q郀{JKj<(GnqܒG~bAV%6~ÌjeCIPWFbp@9z\\WDXS,P͕\r;v:ZUAοw3⤰\0Ōw?CO\rH65?NX<q<',1,'2015-09-30 10:51:46',1,'2015-09-30 10:51:46');

/*Table structure for table `shipment_locations` */

DROP TABLE IF EXISTS `shipment_locations`;

CREATE TABLE `shipment_locations` (
  `id` int(11) NOT NULL AUTO_INCREMENT,
  `shipment_id` int(11) DEFAULT NULL,
  `sequence_no` int(3) DEFAULT NULL,
  `from_area_id` int(11) NOT NULL,
  `from_location_id` int(11) DEFAULT NULL,
  `to_area_id` int(11) NOT NULL,
  `to_location_id` int(11) DEFAULT NULL,
  `expected_delivery_date` date DEFAULT NULL,
  `courier_id` int(11) DEFAULT NULL,
  `confirmation_id` int(11) DEFAULT NULL,
  `status_id` int(11) DEFAULT NULL,
  `delivery_latitude` varchar(50) DEFAULT NULL,
  `delivery_longitude` varchar(50) DEFAULT NULL,
  `delivery_comments` text,
  `confirmation_comments` text,
  `modified` datetime DEFAULT NULL,
  `created` datetime DEFAULT NULL,
  `modified_user_id` int(11) DEFAULT NULL,
  `created_user_id` int(11) NOT NULL,
  PRIMARY KEY (`id`)
) ENGINE=MyISAM AUTO_INCREMENT=83 DEFAULT CHARSET=latin1;

/*Data for the table `shipment_locations` */

insert  into `shipment_locations`(`id`,`shipment_id`,`sequence_no`,`from_area_id`,`from_location_id`,`to_area_id`,`to_location_id`,`expected_delivery_date`,`courier_id`,`confirmation_id`,`status_id`,`delivery_latitude`,`delivery_longitude`,`delivery_comments`,`confirmation_comments`,`modified`,`created`,`modified_user_id`,`created_user_id`) values (64,6,1,1,2,1,1,'2015-09-01',2,5,7,'6788','768','test commments','null','2015-09-28 10:02:06','2015-09-24 12:33:59',1,1),(1,NULL,NULL,0,NULL,0,NULL,NULL,NULL,NULL,2,NULL,NULL,NULL,NULL,'2015-10-01 11:35:36','2015-10-01 11:34:12',NULL,0),(68,6,2,1,1,1,10,'2015-09-26',2,5,2,'0','0','null',NULL,'2015-09-28 09:23:21','2015-09-24 12:35:31',1,1),(60,5,2,1,1,1,5,'2015-06-19',2,6,1,NULL,NULL,NULL,NULL,'2015-09-24 11:51:13','2015-09-24 11:51:13',1,1),(59,5,1,1,3,1,1,'2015-05-14',1,5,4,'0','0','null','test comment','2015-09-28 09:23:45','2015-09-24 11:51:13',1,1),(18,NULL,NULL,0,NULL,0,NULL,NULL,NULL,NULL,3,NULL,NULL,'Test comment for the deliveries1',NULL,'2015-09-24 11:49:08','2015-09-24 11:49:08',1,0),(39,6,3,1,10,1,1,'2015-05-22',1,5,1,NULL,NULL,NULL,NULL,'2015-09-24 12:35:31','2015-09-24 12:24:06',1,1),(72,9,1,1,2,1,12,'2015-09-26',1,5,1,'0','0','null',NULL,'2015-09-28 09:24:02','2015-09-25 10:05:23',1,1),(71,8,4,1,7,1,2,'2015-09-19',1,5,7,NULL,NULL,NULL,NULL,'2015-10-01 11:53:41','2015-09-25 10:05:01',1,1),(73,8,1,1,1,1,3,'2015-09-08',2,5,7,NULL,NULL,NULL,NULL,'2015-10-01 11:57:20','2015-09-25 12:05:07',1,1),(74,8,2,1,3,1,2,'2015-09-08',1,6,7,NULL,NULL,NULL,NULL,'2015-10-01 11:57:20','2015-09-25 12:05:07',1,1),(75,8,3,1,2,1,7,'2015-09-09',1,5,1,NULL,NULL,NULL,NULL,'2015-09-25 12:15:56','2015-09-25 12:15:56',1,1),(76,10,1,1,1,1,3,'2015-09-14',2,6,1,'0','0','null',NULL,'2015-09-30 05:59:34','2015-09-28 08:55:13',1,1),(77,11,1,1,3,1,4,'2015-09-30',1,6,1,'0','0','null',NULL,'2015-09-30 10:51:46','2015-09-28 09:32:08',1,1),(79,14,1,1,1,1,2,'2015-09-24',1,5,1,NULL,NULL,NULL,NULL,'2015-09-30 10:15:58','2015-09-30 10:15:58',1,1),(80,18,1,1,1,1,2,'2015-09-26',2,5,1,NULL,NULL,NULL,NULL,'2015-09-30 10:18:49','2015-09-30 10:18:49',1,1),(81,19,1,1,1,1,1,'2015-09-24',1,5,1,'0','0','nullgfdfgdfg','null','2015-10-01 04:54:49','2015-09-30 10:20:40',1,1),(82,NULL,NULL,0,NULL,0,NULL,NULL,NULL,NULL,7,NULL,NULL,NULL,NULL,'2015-10-01 11:55:01','2015-10-01 11:55:01',NULL,0);

/*Table structure for table `shipment_package_items` */

DROP TABLE IF EXISTS `shipment_package_items`;

CREATE TABLE `shipment_package_items` (
  `id` int(11) NOT NULL AUTO_INCREMENT,
  `shipment_id` int(11) NOT NULL,
  `package_id` int(11) NOT NULL,
  `item_id` int(11) NOT NULL,
  `quantity` int(5) DEFAULT NULL,
  `confirmation_id` int(11) DEFAULT NULL,
  `modified_user_id` int(11) DEFAULT NULL,
  `modified` datetime DEFAULT NULL,
  `created_user_id` int(11) DEFAULT NULL,
  `created` datetime DEFAULT NULL,
  PRIMARY KEY (`id`)
) ENGINE=MyISAM AUTO_INCREMENT=106 DEFAULT CHARSET=latin1;

/*Data for the table `shipment_package_items` */

insert  into `shipment_package_items`(`id`,`shipment_id`,`package_id`,`item_id`,`quantity`,`confirmation_id`,`modified_user_id`,`modified`,`created_user_id`,`created`) values (103,8,20,1,NULL,NULL,NULL,NULL,NULL,NULL),(1,8,14,1,NULL,5,NULL,'2015-09-24 08:56:28',NULL,'2015-09-24 06:52:56'),(105,19,21,3,2323,NULL,1,'2015-10-01 09:57:10',1,'2015-10-01 09:57:10'),(104,19,21,2,1,NULL,1,'2015-10-01 09:57:10',1,'2015-10-01 09:57:10'),(89,8,14,2,8,5,1,'2015-09-25 10:07:40',1,'2015-09-25 10:07:40');

/*Table structure for table `shipment_packages` */

DROP TABLE IF EXISTS `shipment_packages`;

CREATE TABLE `shipment_packages` (
  `id` int(11) NOT NULL AUTO_INCREMENT,
  `code` varchar(50) DEFAULT NULL,
  `shipment_id` int(11) DEFAULT NULL,
  `package_type_id` int(11) DEFAULT NULL,
  `package_weight` varchar(50) DEFAULT NULL,
  `confirmation_id` int(11) DEFAULT NULL,
  `modified_user_id` int(11) DEFAULT NULL,
  `modified` datetime DEFAULT NULL,
  `created_user_id` int(11) DEFAULT NULL,
  `created` datetime DEFAULT NULL,
  PRIMARY KEY (`id`)
) ENGINE=MyISAM AUTO_INCREMENT=22 DEFAULT CHARSET=latin1;

/*Data for the table `shipment_packages` */

insert  into `shipment_packages`(`id`,`code`,`shipment_id`,`package_type_id`,`package_weight`,`confirmation_id`,`modified_user_id`,`modified`,`created_user_id`,`created`) values (21,'RYG1443608342-1',19,1,'23',0,1,'2015-10-01 09:57:10',1,'2015-10-01 09:57:10'),(14,'HCA1443175507-1',8,1,'25',0,1,'2015-09-25 10:07:40',1,'2015-09-25 10:07:40'),(20,'HCA1443175507-2',8,1,'10',NULL,NULL,NULL,NULL,NULL);

/*Table structure for table `shipments` */

DROP TABLE IF EXISTS `shipments`;

CREATE TABLE `shipments` (
  `id` int(11) NOT NULL AUTO_INCREMENT,
  `code` varchar(50) DEFAULT NULL,
  `shipment_date` date DEFAULT NULL,
  `from_area_id` int(11) NOT NULL,
  `from_location_id` int(11) NOT NULL,
  `to_area_id` int(11) NOT NULL,
  `to_location_id` int(11) NOT NULL,
  `created` datetime DEFAULT NULL,
  `modified` datetime DEFAULT NULL,
  `modified_user_id` int(11) DEFAULT NULL,
  `created_user_id` int(11) NOT NULL,
  PRIMARY KEY (`id`)
) ENGINE=MyISAM AUTO_INCREMENT=20 DEFAULT CHARSET=latin1;

/*Data for the table `shipments` */

insert  into `shipments`(`id`,`code`,`shipment_date`,`from_area_id`,`from_location_id`,`to_area_id`,`to_location_id`,`created`,`modified`,`modified_user_id`,`created_user_id`) values (12,'DZH1443605479','2015-09-30',1,1,1,1,'2015-09-30 09:31:54','2015-09-30 09:31:54',1,1),(8,'HCA1443175507','2015-09-25',1,1,1,2,'2015-09-25 10:05:01','2015-09-25 12:15:55',1,1),(11,'NTK1443432428','2015-09-28',1,3,1,4,'2015-09-28 09:32:07','2015-09-30 06:14:11',1,1),(15,'ZNB1443608196','2015-09-30',1,1,1,2,'2015-09-30 10:16:52','2015-09-30 10:16:52',1,1),(16,'ZNB1443608196','2015-09-30',1,1,1,2,'2015-09-30 10:18:03','2015-09-30 10:18:03',1,1),(18,'ZNB1443608196','2015-09-30',1,1,1,2,'2015-09-30 10:18:49','2015-09-30 10:18:49',1,1),(19,'RYG1443608342','2015-09-30',1,1,1,1,'2015-09-30 10:20:40','2015-09-30 10:20:40',1,1);

/*Table structure for table `statuses` */

DROP TABLE IF EXISTS `statuses`;

CREATE TABLE `statuses` (
  `id` int(3) NOT NULL AUTO_INCREMENT,
  `code` varchar(5) NOT NULL,
  `name` varchar(50) NOT NULL,
  `color_code` varchar(50) DEFAULT NULL,
  `modified_user_id` int(11) DEFAULT NULL,
  `modified` datetime DEFAULT NULL,
  PRIMARY KEY (`id`)
) ENGINE=MyISAM AUTO_INCREMENT=10 DEFAULT CHARSET=latin1;

/*Data for the table `statuses` */

insert  into `statuses`(`id`,`code`,`name`,`color_code`,`modified_user_id`,`modified`) values (1,'ST1','Awaiting Pick-up','#f01873',1,'2015-09-30 12:27:20'),(2,'ST2','In Transit','#eef59d',1,'2015-09-30 12:27:20'),(3,'ST3','Delivered','#7ed321',1,'2015-09-30 12:27:20'),(4,'ST4','Unable to Deliver','#d0021b',1,'2015-09-30 12:27:20'),(5,'ST5','Waiting Confirmation','#ff344d',1,'2015-09-30 12:27:20'),(6,'ST6','Partial Confirmation','#f5a623',1,'2015-09-30 12:27:20'),(7,'ST7','Confirmed','#7ed321',1,'2015-09-30 12:27:20'),(8,'ST8','Not Confirmed','#d0021b',1,'2015-09-30 12:27:20');

/*Table structure for table `subscriptions` */

DROP TABLE IF EXISTS `subscriptions`;

CREATE TABLE `subscriptions` (
  `id` int(11) NOT NULL AUTO_INCREMENT,
  `name` varchar(100) DEFAULT NULL,
  `email` varchar(250) DEFAULT NULL,
  `mobile` varchar(20) DEFAULT NULL,
  `alert` int(1) NOT NULL DEFAULT '1',
  `area_id` int(11) NOT NULL,
  `location_id` int(11) NOT NULL,
  `comments` text,
  `createdBy` int(11) NOT NULL,
  `modifiedBy` int(11) DEFAULT NULL,
  `created` datetime NOT NULL,
  `modified` datetime NOT NULL,
  PRIMARY KEY (`id`)
) ENGINE=MyISAM AUTO_INCREMENT=10 DEFAULT CHARSET=latin1;

/*Data for the table `subscriptions` */

insert  into `subscriptions`(`id`,`name`,`email`,`mobile`,`alert`,`area_id`,`location_id`,`comments`,`createdBy`,`modifiedBy`,`created`,`modified`) values (1,'Rishi','rkapoor@avaloninfosys.com','9999999999',0,1,1,'some comments',1,1,'2015-09-22 14:18:51','0000-00-00 00:00:00'),(2,'Ashish','achoudhary@avaloninfosys.com','8826928221',1,2,2,'some other comments',1,1,'2015-09-22 14:18:51','0000-00-00 00:00:00'),(3,'Ved','vpdwivedi@dataforall.org','9911979218',1,1,1,'some comments\r\n',1,NULL,'2015-09-30 12:08:13','2015-09-30 12:08:16'),(5,'Chetann','chetan@avalon.com','9813265283',1,910,5,'aaaa',1,1,'2015-10-01 07:18:56','2015-10-01 07:18:56'),(8,'Chetann - _ 2333','sdasgd@hagdfd.com','98132222222-',1,913,3,'erere -  # . _',1,1,'2015-10-01 09:20:23','2015-10-01 09:20:23'),(9,'test subs','some@some.com','8888888888',1,927,3,'some comments',1,1,'2015-10-01 12:11:03','2015-10-01 12:11:03');

/*Table structure for table `temp_packages` */

DROP TABLE IF EXISTS `temp_packages`;

CREATE TABLE `temp_packages` (
  `id` int(11) NOT NULL AUTO_INCREMENT,
  `shipment_code` varchar(255) DEFAULT NULL,
  `cnt` int(11) DEFAULT NULL,
  PRIMARY KEY (`id`)
) ENGINE=MyISAM AUTO_INCREMENT=3 DEFAULT CHARSET=latin1;

/*Data for the table `temp_packages` */

/*Table structure for table `user_logs` */

DROP TABLE IF EXISTS `user_logs`;

CREATE TABLE `user_logs` (
  `id` int(11) NOT NULL AUTO_INCREMENT,
  `user_id` int(11) NOT NULL,
  `loggedin` datetime DEFAULT NULL,
  `ip_address` varchar(255) DEFAULT NULL,
  PRIMARY KEY (`id`)
) ENGINE=MyISAM AUTO_INCREMENT=220 DEFAULT CHARSET=latin1;

/*Data for the table `user_logs` */

insert  into `user_logs`(`id`,`user_id`,`loggedin`,`ip_address`) values (1,1,'2015-09-15 13:54:36','::1'),(2,1,'2015-09-15 13:59:42','::1'),(3,1,'2015-09-16 04:21:56','::1'),(4,1,'2015-09-16 04:27:20','::1'),(5,1,'2015-09-16 04:27:36','::1'),(6,1,'2015-09-16 04:37:51','::1'),(7,1,'2015-09-16 04:50:24','::1'),(8,1,'2015-09-16 05:01:09','::1'),(9,1,'2015-09-16 05:01:57','::1'),(10,1,'2015-09-16 05:09:40','::1'),(11,1,'2015-09-16 05:13:10','::1'),(12,1,'2015-09-16 05:14:30','::1'),(13,1,'2015-09-16 05:49:46','::1'),(14,1,'2015-09-16 06:15:25','::1'),(15,1,'2015-09-16 06:24:59','::1'),(16,1,'2015-09-16 06:38:42','::1'),(17,1,'2015-09-16 07:09:24','192.168.1.1'),(18,1,'2015-09-16 07:20:02','::1'),(19,1,'2015-09-16 11:23:01','::1'),(20,1,'2015-09-16 11:24:24','::1'),(21,1,'2015-09-16 11:26:31','::1'),(22,1,'2015-09-16 11:36:23','::1'),(23,1,'2015-09-16 12:07:09','::1'),(24,1,'2015-09-16 12:13:40','::1'),(25,1,'2015-09-16 12:14:11','::1'),(26,1,'2015-09-16 12:47:25','::1'),(27,1,'2015-09-16 13:13:28','::1'),(28,1,'2015-09-16 13:18:02','::1'),(29,1,'2015-09-16 13:26:51','::1'),(30,1,'2015-09-16 13:29:23','::1'),(31,1,'2015-09-16 13:31:51','::1'),(32,1,'2015-09-16 13:41:25','::1'),(33,1,'2015-09-16 13:43:53','::1'),(34,1,'2015-09-17 04:07:26','::1'),(35,1,'2015-09-17 04:12:51','::1'),(36,1,'2015-09-17 04:26:36','::1'),(37,1,'2015-09-17 04:27:07','::1'),(38,1,'2015-09-17 04:32:14','::1'),(39,1,'2015-09-17 04:39:19','::1'),(40,1,'2015-09-17 05:29:21','::1'),(41,1,'2015-09-17 06:41:50','::1'),(42,1,'2015-09-17 06:51:39','::1'),(43,1,'2015-09-17 06:51:41','::1'),(44,1,'2015-09-17 06:54:05','::1'),(45,1,'2015-09-17 08:59:56','::1'),(46,1,'2015-09-17 10:04:52','::1'),(47,1,'2015-09-17 11:36:07','::1'),(48,1,'2015-09-17 11:40:03','::1'),(49,1,'2015-09-17 12:33:19','::1'),(50,1,'2015-09-17 12:58:46','::1'),(51,1,'2015-09-17 14:17:29','::1'),(52,1,'2015-09-17 14:18:25','::1'),(53,1,'2015-09-17 14:19:17','::1'),(54,1,'2015-09-18 04:15:00','::1'),(55,1,'2015-09-18 04:35:09','::1'),(56,1,'2015-09-18 04:37:33','::1'),(57,1,'2015-09-18 04:43:20','::1'),(58,1,'2015-09-18 04:50:27','::1'),(59,1,'2015-09-18 04:50:55','::1'),(60,1,'2015-09-18 04:52:46','::1'),(61,1,'2015-09-18 05:21:51','::1'),(62,1,'2015-09-18 05:31:24','::1'),(63,1,'2015-09-18 05:33:17','::1'),(64,1,'2015-09-18 06:51:00','::1'),(65,1,'2015-09-18 07:41:53','::1'),(66,1,'2015-09-18 08:26:11','::1'),(67,1,'2015-09-18 08:26:46','::1'),(68,1,'2015-09-18 08:52:03','::1'),(69,1,'2015-09-18 08:52:34','::1'),(70,1,'2015-09-18 08:55:04','::1'),(71,281,'2015-09-18 09:02:02','::1'),(72,1,'2015-09-18 11:25:04','::1'),(73,1,'2015-09-18 11:25:05','::1'),(74,1,'2015-09-18 11:25:05','::1'),(75,1,'2015-09-18 12:38:58','::1'),(76,281,'2015-09-18 13:31:54','::1'),(77,281,'2015-09-18 13:56:11','::1'),(78,1,'2015-09-18 14:44:31','::1'),(79,1,'2015-09-18 14:53:09','::1'),(80,1,'2015-09-21 04:12:41','::1'),(81,1,'2015-09-21 04:22:38','::1'),(82,1,'2015-09-21 04:35:37','192.168.1.1'),(83,1,'2015-09-21 04:38:32','192.168.1.1'),(84,1,'2015-09-21 04:38:43','192.168.1.1'),(85,1,'2015-09-21 04:41:58','::1'),(86,1,'2015-09-21 04:54:52','::1'),(87,1,'2015-09-21 04:59:09','192.168.1.1'),(88,1,'2015-09-21 05:17:33','::1'),(89,1,'2015-09-21 05:18:29','::1'),(90,1,'2015-09-21 05:24:41','::1'),(91,1,'2015-09-21 05:53:37','192.168.1.1'),(92,281,'2015-09-21 07:25:15','::1'),(93,1,'2015-09-21 08:30:50','::1'),(94,1,'2015-09-21 09:29:29','::1'),(95,281,'2015-09-21 10:40:08','::1'),(96,1,'2015-09-21 10:48:17','::1'),(97,304,'2015-09-21 11:09:56','::1'),(98,1,'2015-09-21 11:19:51','::1'),(99,281,'2015-09-21 11:48:46','::1'),(100,1,'2015-09-21 12:29:57','::1'),(101,1,'2015-09-22 04:04:50','::1'),(102,1,'2015-09-22 04:16:16','::1'),(103,1,'2015-09-22 04:27:25','::1'),(104,1,'2015-09-22 04:28:01','::1'),(105,1,'2015-09-22 04:28:12','::1'),(106,1,'2015-09-22 05:11:54','::1'),(107,1,'2015-09-22 06:05:05','::1'),(108,1,'2015-09-22 09:21:08','::1'),(109,1,'2015-09-22 09:28:43','::1'),(110,1,'2015-09-22 10:26:48','::1'),(111,1,'2015-09-22 11:58:07','::1'),(112,1,'2015-09-22 12:26:15','::1'),(113,1,'2015-09-23 04:13:52','::1'),(114,1,'2015-09-23 04:29:11','::1'),(115,1,'2015-09-23 04:31:17','::1'),(116,1,'2015-09-23 04:49:18','::1'),(117,1,'2015-09-23 05:01:58','::1'),(118,1,'2015-09-23 05:03:02','::1'),(119,1,'2015-09-23 05:19:23','::1'),(120,1,'2015-09-23 06:27:26','::1'),(121,1,'2015-09-23 07:16:13','::1'),(122,1,'2015-09-23 12:35:03','::1'),(123,1,'2015-09-24 04:18:48','::1'),(124,1,'2015-09-24 04:22:18','::1'),(125,1,'2015-09-24 04:42:11','::1'),(126,1,'2015-09-24 05:00:17','::1'),(127,1,'2015-09-24 05:01:51','::1'),(128,1,'2015-09-24 05:02:39','::1'),(129,1,'2015-09-24 05:02:39','::1'),(130,1,'2015-09-24 05:04:18','::1'),(131,281,'2015-09-24 05:08:15','::1'),(132,281,'2015-09-24 05:15:39','::1'),(133,1,'2015-09-24 05:43:25','::1'),(134,1,'2015-09-24 05:47:57','::1'),(135,304,'2015-09-24 05:49:40','::1'),(136,1,'2015-09-24 06:13:40','::1'),(137,281,'2015-09-24 06:14:41','::1'),(138,281,'2015-09-24 06:21:08','::1'),(139,281,'2015-09-24 06:25:25','::1'),(140,281,'2015-09-24 06:31:27','::1'),(141,281,'2015-09-24 06:33:19','::1'),(142,1,'2015-09-24 06:43:00','::1'),(143,1,'2015-09-24 06:51:56','::1'),(144,304,'2015-09-24 06:52:53','::1'),(145,1,'2015-09-24 07:29:25','::1'),(146,1,'2015-09-24 07:32:00','::1'),(147,304,'2015-09-24 07:33:48','::1'),(148,304,'2015-09-24 07:34:33','::1'),(149,1,'2015-09-24 07:36:27','::1'),(150,1,'2015-09-24 08:30:04','::1'),(151,1,'2015-09-24 09:00:57','::1'),(152,1,'2015-09-24 09:46:15','::1'),(153,1,'2015-09-24 09:51:02','::1'),(154,1,'2015-09-24 10:39:51','::1'),(155,309,'2015-09-24 11:07:59','::1'),(156,1,'2015-09-24 11:15:58','::1'),(157,1,'2015-09-24 11:15:59','::1'),(158,309,'2015-09-24 11:25:24','::1'),(159,1,'2015-09-24 11:27:03','::1'),(160,309,'2015-09-24 11:30:18','::1'),(161,1,'2015-09-24 12:12:06','::1'),(162,1,'2015-09-24 13:04:11','::1'),(163,1,'2015-09-24 13:11:56','::1'),(164,1,'2015-09-25 04:21:04','::1'),(165,1,'2015-09-25 04:34:23','::1'),(166,1,'2015-09-25 05:17:09','::1'),(167,1,'2015-09-25 05:36:36','::1'),(168,1,'2015-09-25 05:45:32','::1'),(169,1,'2015-09-25 06:52:41','::1'),(170,281,'2015-09-25 08:16:00','::1'),(171,1,'2015-09-25 08:22:45','::1'),(172,1,'2015-09-25 08:59:56','::1'),(173,281,'2015-09-25 09:00:38','::1'),(174,1,'2015-09-25 10:18:46','::1'),(175,1,'2015-09-25 10:44:56','::1'),(176,1,'2015-09-25 12:28:05','::1'),(177,1,'2015-09-28 04:44:42','::1'),(178,1,'2015-09-28 04:55:55','::1'),(179,1,'2015-09-28 05:11:44','::1'),(180,1,'2015-09-28 05:13:12','::1'),(181,1,'2015-09-28 08:54:12','::1'),(182,1,'2015-09-28 09:25:47','::1'),(183,313,'2015-09-28 09:29:34','::1'),(184,1,'2015-09-28 09:30:28','::1'),(185,297,'2015-09-28 09:33:00','::1'),(186,1,'2015-09-28 09:55:35','::1'),(187,1,'2015-09-28 12:38:23','::1'),(188,1,'2015-09-28 13:30:00','::1'),(189,1,'2015-09-28 14:19:51','::1'),(190,1,'2015-09-29 04:15:39','::1'),(191,1,'2015-09-29 04:50:08','::1'),(192,1,'2015-09-29 04:51:09','::1'),(193,1,'2015-09-29 05:01:01','::1'),(194,1,'2015-09-29 07:33:57','::1'),(195,1,'2015-09-29 12:12:57','::1'),(196,1,'2015-09-29 12:20:11','::1'),(197,1,'2015-09-30 04:24:00','::1'),(198,318,'2015-09-30 04:30:29','::1'),(199,1,'2015-09-30 04:32:53','::1'),(200,1,'2015-09-30 04:40:38','::1'),(201,1,'2015-09-30 04:53:46','::1'),(202,1,'2015-09-30 06:13:53','::1'),(203,1,'2015-09-30 06:23:14','::1'),(204,1,'2015-09-30 10:35:46','::1'),(205,1,'2015-09-30 12:35:32','::1'),(206,1,'2015-10-01 04:13:28','::1'),(207,1,'2015-10-01 04:14:17','::1'),(208,1,'2015-10-01 04:20:40','::1'),(209,1,'2015-10-01 04:36:50','::1'),(210,318,'2015-10-01 04:40:29','::1'),(211,1,'2015-10-01 05:16:17','::1'),(212,1,'2015-10-01 05:58:20','::1'),(213,1,'2015-10-01 07:34:41','::1'),(214,1,'2015-10-01 08:32:00','::1'),(215,1,'2015-10-01 11:20:29','::1'),(216,281,'2015-10-01 11:37:49','::1'),(217,1,'2015-10-01 11:57:56','::1'),(218,1,'2015-10-01 12:09:25','::1'),(219,1,'2015-10-01 12:09:41','::1');

/*Table structure for table `users` */

DROP TABLE IF EXISTS `users`;

CREATE TABLE `users` (
  `id` int(11) NOT NULL AUTO_INCREMENT,
  `username` varchar(50) NOT NULL,
  `first_name` varchar(50) NOT NULL,
  `last_name` varchar(50) NOT NULL,
  `email` varchar(100) DEFAULT NULL,
  `password` varchar(765) DEFAULT NULL,
  `status_id` int(4) DEFAULT '0',
  `role_id` int(4) NOT NULL,
  `comments` text,
  `location_id` int(11) DEFAULT NULL,
  `courier_id` int(11) DEFAULT NULL,
  `area_id` int(11) DEFAULT NULL,
  `created` datetime DEFAULT NULL,
  `created_user_id` int(11) NOT NULL,
  `modified` datetime DEFAULT NULL,
  `modified_user_id` int(11) NOT NULL,
  PRIMARY KEY (`id`)
) ENGINE=MyISAM AUTO_INCREMENT=319 DEFAULT CHARSET=latin1;

/*Data for the table `users` */

insert  into `users`(`id`,`username`,`first_name`,`last_name`,`email`,`password`,`status_id`,`role_id`,`comments`,`location_id`,`courier_id`,`area_id`,`created`,`created_user_id`,`modified`,`modified_user_id`) values (1,'admin','Admin','User','admin@test.com','$2y$10$nAVjF96THKqHmMpoWBY88e/C6Pbt/dHMc4rgvxJ8kQxg.tRr5qo92',1,1,NULL,1,1,0,NULL,1,'2015-09-14 13:57:17',1),(309,'jonseen9966','jons','decodat','rkapoor@avaloninfo77sys.com','$2y$10$o/wPETibzhdkYWoeyHaxoO4OY.GzuTggbrX55UOCaqQOEJSZDg2Y2',0,1,'good comments',NULL,NULL,NULL,'2015-09-23 11:42:21',1,'2015-09-25 10:53:39',1),(307,'johnsmith123','john','smith','rkapoor@avaloninfo77sys.com','$2y$10$eP5IYlMLuI1njZ1kEgh5vOIMEjsgqljZPSvacnqYpe.iCYGEfeHzS',0,1,'comments are good',NULL,NULL,NULL,'2015-09-23 11:22:36',1,'2015-09-23 11:22:36',1),(291,'dfdfff','fool','se','rkaa111@test.com','$2y$10$KpJVA2xLY1HEUCkU./Eg0.55oyiS5rG6vyA.L8ajpSuxRnCiiecGK',0,1,'dfdfff',NULL,NULL,NULL,'2015-09-18 10:53:13',1,'2015-09-18 10:53:13',1),(297,'asas112244','hdjjdjd','jdjdjdjj','rkapoor@test77sys.com','$2y$10$pBIyZ5ugm9P8dz7nNz8D2OqFpV7bKtd3XNbBaF8c3uQp.gqxPWMOS',0,3,'dfdfdf',NULL,2,NULL,'2015-09-18 11:12:12',1,'2015-09-28 09:31:49',1),(295,'asas11','fool','se','rkapoor@avaloninfo77sys.com','$2y$10$/NKSai0iHHbCt553m6.YLeLhXUeYPx2Lti4ky9iQidGZd57Kopmsq',0,1,'dfdfdf',NULL,NULL,NULL,'2015-09-18 11:09:02',1,'2015-09-18 11:09:02',1),(281,'vpdwivedi','Ved Prakash','Dwivedi','vpdwivedi@dataforall.org','$2y$10$sNkIB5OD.KGdJpy/0/9BBOQUWLGIwCNdtlD/jPQVI5rMr8hL5B5wW',0,3,'Test',NULL,NULL,NULL,'2015-09-18 06:58:35',1,'2015-09-18 08:57:08',1),(308,'jonseen99','jons','decodat','rkapoor@avaloninfo77sys.com','$2y$10$g2ZZXpxrUcbcemSrKOI4qexnWw493qUourEXuUt9fSKWunhUuB4fe',0,1,'good comments',NULL,NULL,NULL,'2015-09-23 11:41:24',1,'2015-09-24 11:28:29',1),(293,'fgdfg','Chetann','jangra','jangra2205@gmail.com','$2y$10$Fj5h6YRSaoOrGsgLngPF4OCd2kOXyngVyWhkKhbRsf2y1bCk/4E6e',0,2,'xcxcxzcXC',14,NULL,10,'2015-09-18 10:59:40',1,'2015-09-28 10:06:35',1),(294,'kapoor','rishi','kapcs','kapoor.rishi07@gmail.com','$2y$10$wNOguru8oDXw3VOm3k2azupugI05wnMvR/ZeGoh2wG0p4vJYRGiIO',0,1,'fdfdfdf',NULL,NULL,NULL,'2015-09-18 11:06:09',1,'2015-09-18 11:06:09',1),(282,'rishilogin','raja1','raja132','rkapoor@avaloninfo77sys.com','$2y$10$rt0lwurFeMH0VYVtUHzFjO9u.FnDiAIUzi5N/KuqIjFdWVsrnA2/a',0,1,'comments22',NULL,NULL,NULL,'2015-09-18 07:42:40',1,'2015-09-18 10:40:16',1),(306,'johnsmith1','john','smith','rkapoor@avaloninfo77sys.com','$2y$10$1GOUVD/lqnwVLi8aesyjfutTyid1zlTgSaej83V5ZBQBS/6.gFRpa',0,1,'comments are good',NULL,NULL,NULL,'2015-09-23 11:20:44',1,'2015-09-23 11:20:44',1),(302,'aewe77','foolsen','gupta','rkapoor@avaloninfo77sys.com','$2y$10$fMNT5jRTx6B33uIWQMNSEevsri65ojd2lQVSK95dWnxgFWc.yWBfS',0,1,'gupta',NULL,NULL,NULL,'2015-09-18 11:20:26',1,'2015-09-18 11:20:26',1),(304,'chetann','Chetann','Sharma','chetann@gmail.com','$2y$10$NKOubdeHRh.T537Llhk29.jr/r1PU9FpC10Yn/AVTwWkbq47lUZ4i',0,2,'Test Comments - user password changed.',NULL,NULL,NULL,'2015-09-21 11:09:11',1,'2015-09-24 05:49:12',1),(300,'jkjk123','fgj','fghgh','csharma@avaloninfosys.com','$2y$10$FCaBWm5N0rKlxj32VLPCA.lrzn7hi0.EyEpfybXecHiBcwAH056MS',0,1,'sdfdfsd',17,2,3,'2015-09-18 11:18:06',1,'2015-09-28 11:12:49',1),(305,'johnsmith','john','smith','rkapoor@avaloninfo77sys.com','$2y$10$K6wNgFhwClNGKzEC3Svide2d7eSLt71Jc24P7T.BM.AvlhnwfirWK',0,1,'comments are good',NULL,NULL,NULL,'2015-09-23 11:19:35',1,'2015-09-23 11:19:35',1),(310,'johnseen9020','hdjjdjd','se','rkapoor@avaloninfo77sys.com','$2y$10$8DogJmMzGnGb0REUfujxRO4xG1vuZxiYo5UDLuPPkLXrK0.MPYYzq',0,3,'good bad comments',0,1,0,'2015-09-23 11:47:51',1,'2015-09-28 12:01:09',1),(311,'under55','under','takem','rkapoor@avaloninfo77sys.com','$2y$10$yqM.V5AngqReUAxTvUe3Fe1D6qKwTGDTpgQS80qDxKuq36rbN3llS',0,1,NULL,NULL,NULL,NULL,'2015-09-23 11:58:09',1,'2015-09-23 11:58:09',1),(313,'admin9889','admin9889','boy','rkapoor@test.com','$2y$10$yLk2bcy0UMuXgg9j1Y7BWe2u6LCmBlDfbc38asNkIlpVXk892.wkK',0,2,'fgfgg',1,NULL,1,'2015-09-23 12:03:59',1,'2015-09-28 09:26:47',1),(314,'admin8383','admin8383','usa','rkapoor@avaloninfo77sys.com','$2y$10$BehyPJMrH8WBXmQ1UfnFpOCsG4YMNT7s8sKeUv6S/tEb7Lwz3e4ju',0,1,'test comments',NULL,NULL,NULL,'2015-09-23 12:10:59',1,'2015-09-28 06:51:32',1),(316,'babyboy788','1212','12','sddf@sdgfg.cuk','$2y$10$F9z.fgoWrBoNZsxwqlLEqeltPsNygxy0kUSGdBWSd49W3WEa.z/0G',0,3,'babyboy788',1,1,1,'2015-09-23 12:27:25',1,'2015-09-28 11:55:51',1),(317,'XYZ','XYZ','ABC','sfgfg@hsgdfdf.com','$2y$10$qSSgwu9ukl7g3vB.KVeIQOmtna0Kz9Q/W9EWPwFe47jXCtrXCcZyW',0,2,'dhghfghgh',17,2,3,'2015-09-28 11:19:16',1,'2015-09-28 11:40:58',1),(318,'vpdwivedi123','Ved Prakash','Dwivedi','vpdwivedi@dataforall.org','$2y$10$3PBuNCDwJL4sN9ps6/LrTOVl5H5hwD1jGXon4338dtbUyZ4g.Jv1K',0,3,NULL,0,2,0,'2015-09-30 04:29:20',1,'2015-09-30 04:29:20',1);

/*!40101 SET SQL_MODE=@OLD_SQL_MODE */;
/*!40014 SET FOREIGN_KEY_CHECKS=@OLD_FOREIGN_KEY_CHECKS */;
/*!40014 SET UNIQUE_CHECKS=@OLD_UNIQUE_CHECKS */;
/*!40111 SET SQL_NOTES=@OLD_SQL_NOTES */;
